"D:/demo/Minecraft_RTS/Minecraft_RTS/Minecraft_RTS.uproject" 1
"../../../../../demo/Minecraft_RTS/Minecraft_RTS/Binaries/Win64/UnrealEditor.modules" 2
"../../../Engine/Plugins/LightWeightInstancesEditor/LightWeightInstancesEditor.uplugin" 3
"../../../Engine/Plugins/AudioGameplay/AudioGameplay.uplugin" 4
"../../../Engine/Plugins/Bridge/Bridge.uplugin" 5
"../../../Engine/Plugins/BlueprintFileUtils/BlueprintFileUtils.uplugin" 6
"../../../Engine/Plugins/TraceUtilities/TraceUtilities.uplugin" 7
"../../../Engine/Plugins/ScriptPlugin/ScriptPlugin.uplugin" 8
"../../../Engine/Plugins/Interchange/Editor/InterchangeEditor.uplugin" 9
"../../../Engine/Plugins/MemoryUsageQueries/MemoryUsageQueries.uplugin" 10
"../../../Engine/Plugins/Interchange/Runtime/Interchange.uplugin" 11
"../../../Engine/Plugins/EnhancedInput/EnhancedInput.uplugin" 12
"../../../Engine/Plugins/Importers/USDMultiUser/USDMultiUser.uplugin" 13
"../../../Engine/Plugins/2D/Paper2D/Paper2D.uplugin" 14
"../../../Engine/Plugins/Portal/LauncherChunkInstaller/LauncherChunkInstaller.uplugin" 15
"../../../Engine/Plugins/MeshPainting/MeshPainting.uplugin" 16
"../../../Engine/Plugins/Slate/SlateScripting/SlateScripting.uplugin" 17
"../../../Engine/Plugins/Importers/USDImporter/USDImporter.uplugin" 18
"../../../Engine/Plugins/AudioGameplayVolume/AudioGameplayVolume.uplugin" 19
"../../../Engine/Plugins/Animation/ACLPlugin/ACLPlugin.uplugin" 20
"../../../Engine/Plugins/Animation/AnimationData/AnimationData.uplugin" 21
"../../../Engine/Plugins/Animation/AnimationLocomotionLibrary/AnimationLocomotionLibrary.uplugin" 22
"../../../Engine/Plugins/Slate/SlateInsights/SlateInsights.uplugin" 23
"../../../Engine/Plugins/Animation/AnimationWarping/AnimationWarping.uplugin" 24
"../../../Engine/Plugins/Animation/GameplayInsights/GameplayInsights.uplugin" 25
"../../../Engine/Plugins/Importers/AlembicHairImporter/AlembicHairImporter.uplugin" 26
"../../../Engine/Plugins/Animation/AnimationModifierLibrary/AnimationModifierLibrary.uplugin" 27
"../../../Engine/Plugins/Animation/BlendSpaceMotionAnalysis/BlendSpaceMotionAnalysis.uplugin" 28
"../../../Engine/Plugins/Importers/AlembicImporter/AlembicImporter.uplugin" 29
"../../../Engine/Plugins/Animation/DeformerGraph/DeformerGraph.uplugin" 30
"../../../Engine/Plugins/Marketplace/Charon/Charon.uplugin" 31
"../../../Engine/Plugins/Marketplace/AndroidUtilityPack/AndroidUtilityPack.uplugin" 32
"../../../Engine/Plugins/JsonBlueprintUtilities/JsonBlueprintUtilities.uplugin" 33
"../../../Engine/Plugins/Marketplace/ChannelMachine/ChannelMachine.uplugin" 34
"../../../Engine/Plugins/Marketplace/AsyncLoadingScreen/AsyncLoadingScreen.uplugin" 35
"../../../Engine/Plugins/RenderGraphInsights/RenderGraphInsights.uplugin" 36
"../../../Engine/Plugins/Animation/MotionWarping/MotionWarping.uplugin" 37
"../../../Engine/Plugins/Animation/RigLogic/RigLogic.uplugin" 38
"../../../Engine/Plugins/Marketplace/IPFS_5.3/TSIF_Plugin.uplugin" 39
"../../../Engine/Plugins/Animation/ControlRig/ControlRig.uplugin" 40
"../../../Engine/Plugins/Marketplace/MinimapPlugin/MinimapPlugin.uplugin" 41
"../../../Engine/Plugins/Marketplace/QOLExtension/QOL_Extension.uplugin" 42
"../../../Engine/Plugins/Marketplace/NPCOptimizator/NPC_Optimizator.uplugin" 43
"../../../Engine/Plugins/Runtime/ActorLayerUtilities/ActorLayerUtilities.uplugin" 44
"../../../Engine/Plugins/Animation/LiveLink/LiveLink.uplugin" 45
"../../../Engine/Plugins/Marketplace/AssetsCleaner/AssetsCleaner.uplugin" 46
"../../../Engine/Plugins/Marketplace/EnhancedCodeFlow/EnhancedCodeFlow.uplugin" 47
"../../../Engine/Plugins/Marketplace/PCGLayeredBiomes/PCGLayeredBiomes.uplugin" 48
"../../../Engine/Plugins/FastBuildController/FastBuildController.uplugin" 49
"../../../Engine/Plugins/Runtime/AndroidFileServer/AndroidFileServer.uplugin" 50
"../../../Engine/Plugins/Marketplace/ElectronicNodes/ElectronicNodes.uplugin" 51
"../../../Engine/Plugins/Runtime/AppleImageUtils/AppleImageUtils.uplugin" 52
"../../../Engine/Plugins/Animation/IKRig/IKRig.uplugin" 53
"../../../Engine/Plugins/Animation/LiveLinkCurveDebugUI/LiveLinkCurveDebugUI.uplugin" 54
"../../../Engine/Plugins/Runtime/AndroidPermission/AndroidPermission.uplugin" 55
"../../../Engine/Plugins/Runtime/AndroidBackgroundService/AndroidBackgroundService.uplugin" 56
"../../../Engine/Plugins/Runtime/AnimationBudgetAllocator/AnimationBudgetAllocator.uplugin" 57
"../../../Engine/Plugins/Runtime/ApexDestruction/ApexDestruction.uplugin" 58
"../../../Engine/Plugins/Runtime/AndroidMoviePlayer/AndroidMoviePlayer.uplugin" 59
"../../../Engine/Plugins/Runtime/AudioWidgets/AudioWidgets.uplugin" 60
"../../../Engine/Plugins/Runtime/Firebase/Firebase.uplugin" 61
"../../../Engine/Plugins/Runtime/GameplayBehaviorSmartObjects/GameplayBehaviorSmartObjects.uplugin" 62
"../../../Engine/Plugins/Runtime/AppleMoviePlayer/AppleMoviePlayer.uplugin" 63
"../../../Engine/Plugins/Runtime/ChunkDownloader/ChunkDownloader.uplugin" 64
"../../../Engine/Plugins/Runtime/GameplayStateTree/GameplayStateTree.uplugin" 65
"../../../Engine/Plugins/Runtime/DataRegistry/DataRegistry.uplugin" 66
"../../../Engine/Plugins/Runtime/AssetTags/AssetTags.uplugin" 67
"../../../Engine/Plugins/Runtime/AudioModulation/AudioModulation.uplugin" 68
"../../../Engine/Plugins/Runtime/AudioMotorSim/AudioMotorSim.uplugin" 69
"../../../Engine/Plugins/Runtime/GeometryProcessing/GeometryProcessing.uplugin" 70
"../../../Engine/Plugins/Runtime/GeoReferencing/GeoReferencing.uplugin" 71
"../../../Engine/Plugins/Runtime/CommonUI/CommonUI.uplugin" 72
"../../../Engine/Plugins/Runtime/HairStrands/HairStrands.uplugin" 73
"../../../Engine/Plugins/Runtime/AudioCapture/AudioCapture.uplugin" 74
"../../../Engine/Plugins/Runtime/HPMotionController/HPMotionController.uplugin" 75
"../../../Engine/Plugins/Animation/ControlRigSpline/ControlRigSpline.uplugin" 76
"../../../Engine/Plugins/Runtime/AudioSynesthesia/AudioSynesthesia.uplugin" 77
"../../../Engine/Plugins/Runtime/ExampleDeviceProfileSelector/ExampleDeviceProfileSelector.uplugin" 78
"../../../Engine/Plugins/Runtime/HTTPChunkInstaller/HTTPChunkInstaller.uplugin" 79
"../../../Engine/Plugins/Runtime/GoogleCloudMessaging/GoogleCloudMessaging.uplugin" 80
"../../../Engine/Plugins/Runtime/GooglePAD/GooglePAD.uplugin" 81
"../../../Engine/Plugins/Runtime/CableComponent/CableComponent.uplugin" 82
"../../../Engine/Plugins/Runtime/LiveLinkOvernDisplay/LiveLinkOverNDisplay.uplugin" 83
"../../../Engine/Plugins/Runtime/ArchVisCharacter/ArchVisCharacter.uplugin" 84
"../../../Engine/Plugins/Runtime/LevelStreamingPersistence/LevelStreamingPersistence.uplugin" 85
"../../../Engine/Plugins/Runtime/HDRIBackdrop/HDRIBackdrop.uplugin" 86
"../../../Engine/Plugins/XGEController/XGEController.uplugin" 87
"../../../Engine/Plugins/Runtime/IOSReplayKit/IOSReplayKit.uplugin" 88
"../../../Engine/Plugins/Runtime/ComputeFramework/ComputeFramework.uplugin" 89
"../../../Engine/Plugins/Runtime/LocationServicesBPLibrary/LocationServicesBPLibrary.uplugin" 90
"../../../Engine/Plugins/Runtime/InputDebugging/InputDebugging.uplugin" 91
"../../../Engine/Plugins/Runtime/Metasound/Metasound.uplugin" 92
"../../../Engine/Plugins/Runtime/IOSDeviceProfileSelector/IOSDeviceProfileSelector.uplugin" 93
"../../../Engine/Plugins/Runtime/MicrosoftSpatialAudio/MicroSoftSpatialSound.uplugin" 94
"../../../Engine/Plugins/Runtime/MassGameplay/MassGameplay.uplugin" 95
"../../../Engine/Plugins/Runtime/LocationServicesAndroidImpl/LocationServicesAndroidImpl.uplugin" 96
"../../../Engine/Plugins/Runtime/MobilePatchingUtils/MobilePatchingUtils.uplugin" 97
"../../../Engine/Plugins/Runtime/MixedRealityCaptureFramework/MixedRealityCaptureFramework.uplugin" 98
"../../../Engine/Plugins/Runtime/GeometryCache/GeometryCache.uplugin" 99
"../../../Engine/Plugins/Runtime/MassEntity/MassEntity.uplugin" 100
"../../../Engine/Plugins/Runtime/LinuxDeviceProfileSelector/LinuxDeviceProfileSelector.uplugin" 101
"../../../Engine/Plugins/Runtime/LocationServicesIOSImpl/LocationServicesIOSImpl.uplugin" 102
"../../../Engine/Plugins/Runtime/GameplayInteractions/GameplayInteractions.uplugin" 103
"../../../Engine/Plugins/Runtime/MIDIDevice/MIDIDevice.uplugin" 104
"../../../Engine/Plugins/Runtime/NavCorridor/NavCorridor.uplugin" 105
"../../../Engine/Plugins/Runtime/MobileFSR/MobileFSR.uplugin" 106
"../../../Engine/Plugins/Runtime/MeshModelingToolset/MeshModelingToolset.uplugin" 107
"../../../Engine/Plugins/Runtime/nDisplay/nDisplay.uplugin" 108
"../../../Engine/Plugins/Runtime/ModelViewViewModel/ModelViewViewModel.uplugin" 109
"../../../Engine/Plugins/Runtime/GameplayAbilities/GameplayAbilities.uplugin" 110
"../../../Engine/Plugins/Runtime/NetworkPrediction/NetworkPrediction.uplugin" 111
"../../../Engine/Plugins/Runtime/nDisplayModularFeatures/nDisplayModularFeatures.uplugin" 112
"../../../Engine/Plugins/Runtime/MsQuic/MsQuic.uplugin" 113
"../../../Engine/Plugins/Runtime/OpenXREyeTracker/OpenXREyeTracker.uplugin" 114
"../../../Engine/Plugins/Runtime/OpenCV/OpenCV.uplugin" 115
"../../../Engine/Plugins/Runtime/OpenXRHandTracking/OpenXRHandTracking.uplugin" 116
"../../../Engine/Plugins/Runtime/NetworkPredictionExtras/NetworkPredictionExtras.uplugin" 117
"../../../Engine/Plugins/Runtime/ReplicationGraph/ReplicationGraph.uplugin" 118
"../../../Engine/Plugins/Runtime/OSC/OSC.uplugin" 119
"../../../Engine/Plugins/Runtime/ProceduralMeshComponent/ProceduralMeshComponent.uplugin" 120
"../../../Engine/Plugins/Runtime/OpenXR/OpenXR.uplugin" 121
"../../../Engine/Plugins/Runtime/OpenXRViveTracker/OpenXRViveTracker.uplugin" 122
"../../../Engine/Plugins/Runtime/NetworkPredictionInsights/NetworkPredictionInsights.uplugin" 123
"../../../Engine/Plugins/Runtime/SignificanceManager/SignificanceManager.uplugin" 124
"../../../Engine/Plugins/Runtime/ResonanceAudio/ResonanceAudio.uplugin" 125
"../../../Engine/Plugins/Runtime/ReplicationSystemTestPlugin/ReplicationSystemTestPlugin.uplugin" 126
"../../../Engine/Plugins/Runtime/PreLoadScreenMoviePlayer/PreLoadScreenMoviePlayer.uplugin" 127
"../../../Engine/Plugins/Runtime/OpenXRMsftHandInteraction/OpenXRMsftHandInteraction.uplugin" 128
"../../../Engine/Plugins/Runtime/RigVM/RigVM.uplugin" 129
"../../../Engine/Plugins/Runtime/SkeletalMerging/SkeletalMerging.uplugin" 130
"../../../Engine/Plugins/Runtime/SoundCueTemplates/SoundCueTemplates.uplugin" 131
"../../../Engine/Plugins/Runtime/PropertyAccess/PropertyAccessEditor.uplugin" 132
"../../../Engine/Plugins/Runtime/SmartObjects/SmartObjects.uplugin" 133
"../../../Engine/Plugins/Runtime/RenderTrace/RenderTrace.uplugin" 134
"../../../Engine/Plugins/Runtime/SoundFields/SoundFields.uplugin" 135
"../../../Engine/Plugins/Runtime/SoundMod/SoundMod.uplugin" 136
"../../../Engine/Plugins/Runtime/Synthesis/Synthesis.uplugin" 137
"../../../Engine/Plugins/Runtime/Spatialization/Spatialization.uplugin" 138
"../../../Engine/Plugins/AI/AISupport/AISupport.uplugin" 139
"../../../Engine/Plugins/Runtime/SoundUtilities/SoundUtilities.uplugin" 140
"../../../Engine/Plugins/Runtime/WebBrowserNativeProxy/WebBrowserNativeProxy.uplugin" 141
"../../../Engine/Plugins/Runtime/ZoneGraph/ZoneGraph.uplugin" 142
"../../../Engine/Plugins/Runtime/WebBrowserWidget/WebBrowserWidget.uplugin" 143
"../../../Engine/Plugins/Runtime/OptionalMobileFeaturesBPLibrary/OptionalMobileFeaturesBPLibrary.uplugin" 144
"../../../Engine/Plugins/Runtime/AndroidDeviceProfileSelector/AndroidDeviceProfileSelector.uplugin" 145
"../../../Engine/Plugins/AI/HTNPlanner/HTNPlanner.uplugin" 146
"../../../Engine/Plugins/Runtime/XRBase/XRBase.uplugin" 147
"../../../Engine/Plugins/Runtime/WindowsDeviceProfileSelector/WindowsDeviceProfileSelector.uplugin" 148
"../../../Engine/Plugins/Runtime/WindowsMoviePlayer/WindowsMoviePlayer.uplugin" 149
"../../../Engine/Plugins/Runtime/WarpUtils/WarpUtils.uplugin" 150
"../../../Engine/Plugins/Runtime/WaveTable/WaveTable.uplugin" 151
"../../../Engine/Plugins/AI/MassAI/MassAI.uplugin" 152
"../../../Engine/Plugins/AI/EnvironmentQueryEditor/EnvironmentQueryEditor.uplugin" 153
"../../../Engine/Plugins/Messaging/TcpMessaging/TcpMessaging.uplugin" 154
"../../../Engine/Plugins/Messaging/MessagingDebugger/MessagingDebugger.uplugin" 155
"../../../Engine/Plugins/Messaging/UdpMessaging/UdpMessaging.uplugin" 156
"../../../Engine/Plugins/AI/MLAdapter/MLAdapter.uplugin" 157
"../../../Engine/Plugins/Tests/AutomationDriverTests/AutomationDriverTests.uplugin" 158
"../../../Engine/Plugins/Runtime/Soundscape/Soundscape.uplugin" 159
"../../../Engine/Plugins/Runtime/OSCModulationMixing/OSCModulationMixing.uplugin" 160
"../../../Engine/Plugins/Tests/EditorTests/EditorTests.uplugin" 161
"../../../Engine/Plugins/Runtime/WorldConditions/WorldConditions.uplugin" 162
"../../../Engine/Plugins/Tests/InterchangeTests/InterchangeTests.uplugin" 163
"../../../Engine/Plugins/Tests/FbxAutomationTestBuilder/FbxAutomationTestBuilder.uplugin" 164
"../../../Engine/Plugins/Tests/TestFramework/TestFramework.uplugin" 165
"../../../Engine/Plugins/Tests/CQTest/CQTest.uplugin" 166
"../../../Engine/Plugins/AI/MassCrowd/MassCrowd.uplugin" 167
"../../../Engine/Plugins/Runtime/StateTree/StateTree.uplugin" 168
"../../../Engine/Plugins/Runtime/ZoneGraphAnnotations/ZoneGraphAnnotations.uplugin" 169
"../../../Engine/Plugins/Runtime/CustomMeshComponent/CustomMeshComponent.uplugin" 170
"../../../Engine/Plugins/Tests/FunctionalTestingEditor/FunctionalTestingEditor.uplugin" 171
"../../../Engine/Plugins/Runtime/WebMMoviePlayer/WebMMoviePlayer.uplugin" 172
"../../../Engine/Plugins/Tests/PythonAutomationTest/PythonAutomationTest.uplugin" 173
"../../../Engine/Plugins/Tests/RuntimeTests/RuntimeTests.uplugin" 174
"../../../Engine/Plugins/Compression/OodleNetwork/OodleNetwork.uplugin" 175
"../../../Engine/Plugins/Tests/RHITests/RHITests.uplugin" 176
"../../../Engine/Plugins/Cameras/CameraShakePreviewer/CameraShakePreviewer.uplugin" 177
"../../../Engine/Plugins/Online/EOSShared/EOSShared.uplugin" 178
"../../../Engine/Plugins/Tests/TestSamples/TestSamples.uplugin" 179
"../../../Engine/Plugins/Online/OnlineBase/OnlineBase.uplugin" 180
"../../../Engine/Plugins/Online/OnlineServicesNull/OnlineServicesNull.uplugin" 181
"../../../Engine/Plugins/Cameras/GameplayCameras/GameplayCameras.uplugin" 182
"../../../Engine/Plugins/Online/OnlineServicesEOSGS/OnlineServicesEOSGS.uplugin" 183
"../../../Engine/Plugins/Online/OnlineServicesEOS/OnlineServicesEOS.uplugin" 184
"../../../Engine/Plugins/Online/OnlineSubsystem/OnlineSubsystem.uplugin" 185
"../../../Engine/Plugins/Online/OnlineServicesOSSAdapter/OnlineServicesOSSAdapter.uplugin" 186
"../../../Engine/Plugins/Online/OnlineSubsystemEOS/OnlineSubsystemEOS.uplugin" 187
"../../../Engine/Plugins/Online/OnlineFramework/OnlineFramework.uplugin" 188
"../../../Engine/Plugins/Online/OnlineSubsystemGoogle/OnlineSubsystemGoogle.uplugin" 189
"../../../Engine/Plugins/Online/OnlineSubsystemAmazon/OnlineSubsystemAmazon.uplugin" 190
"../../../Engine/Plugins/Online/OnlineSubsystemUtils/OnlineSubsystemUtils.uplugin" 191
"../../../Engine/Plugins/Online/OnlineSubsystemApple/OnlineSubsystemApple.uplugin" 192
"../../../Engine/Plugins/Online/OnlineSubsystemFacebook/OnlineSubsystemFacebook.uplugin" 193
"../../../Engine/Plugins/Online/OnlineSubsystemSteam/OnlineSubsystemSteam.uplugin" 194
"../../../Engine/Plugins/Tests/WidgetAutomationTests/WidgetAutomationTests.uplugin" 195
"../../../Engine/Plugins/Online/OnlineSubsystemTencent/OnlineSubsystemTencent.uplugin" 196
"../../../Engine/Plugins/Online/OnlineSubsystemNull/OnlineSubsystemNull.uplugin" 197
"../../../Engine/Plugins/Developer/BlankPlugin/BlankPlugin.uplugin" 198
"../../../Engine/Plugins/Online/OnlineServices/OnlineServices.uplugin" 199
"../../../Engine/Plugins/Online/SocketSubsystemEOS/SocketSubsystemEOS.uplugin" 200
"../../../Engine/Plugins/Online/OnlineSubsystemOculus/OnlineSubsystemOculus.uplugin" 201
"../../../Engine/Plugins/Developer/AnimationSharing/AnimationSharing.uplugin" 202
"../../../Engine/Plugins/Developer/KDevelopSourceCodeAccess/KDevelopSourceCodeAccess.uplugin" 203
"../../../Engine/Plugins/Online/WebAuth/WebAuth.uplugin" 204
"../../../Engine/Plugins/Developer/CodeLiteSourceCodeAccess/CodeLiteSourceCodeAccess.uplugin" 205
"../../../Engine/Plugins/Developer/DumpGPUServices/DumpGPUServices.uplugin" 206
"../../../Engine/Plugins/Developer/NullSourceCodeAccess/NullSourceCodeAccess.uplugin" 207
"../../../Engine/Plugins/Developer/PixWinPlugin/PixWinPlugin.uplugin" 208
"../../../Engine/Plugins/Developer/N10XSourceCodeAccess/N10XSourceCodeAccess.uplugin" 209
"../../../Engine/Plugins/Developer/PlasticSourceControl/PlasticSourceControl.uplugin" 210
"../../../Engine/Plugins/Developer/CLionSourceCodeAccess/CLionSourceCodeAccess.uplugin" 211
"../../../Engine/Plugins/Developer/RenderDocPlugin/RenderDocPlugin.uplugin" 212
"../../../Engine/Plugins/Developer/SubversionSourceControl/SubversionSourceControl.uplugin" 213
"../../../Engine/Plugins/Developer/PerforceSourceControl/PerforceSourceControl.uplugin" 214
"../../../Engine/Plugins/Developer/UObjectPlugin/UObjectPlugin.uplugin" 215
"../../../Engine/Plugins/Developer/GitSourceControl/GitSourceControl.uplugin" 216
"../../../Engine/Plugins/Developer/PropertyAccessNode/PropertyAccessNode.uplugin" 217
"../../../Engine/Plugins/Developer/RiderSourceCodeAccess/RiderSourceCodeAccess.uplugin" 218
"../../../Engine/Plugins/Developer/TraceDataFiltering/TraceDataFilters.uplugin" 219
"../../../Engine/Plugins/Developer/XcodeGPUDebuggerPlugin/XcodeGPUDebuggerPlugin.uplugin" 220
"../../../Engine/Plugins/Developer/XCodeSourceCodeAccess/XCodeSourceCodeAccess.uplugin" 221
"../../../Engine/Plugins/NetcodeUnitTest/NUTUnrealEngine/NUTUnrealEngine.uplugin" 222
"../../../Engine/Plugins/Runtime/SunPosition/SunPosition.uplugin" 223
"../../../Engine/Plugins/Developer/VisualStudioSourceCodeAccess/VisualStudioSourceCodeAccess.uplugin" 224
"../../../Engine/Plugins/Developer/TextureFormatOodle/TextureFormatOodle.uplugin" 225
"../../../Engine/Plugins/Editor/AssetSearch/AssetSearch.uplugin" 226
"../../../Engine/Plugins/Developer/TraceSourceFiltering/TraceSourceFilters.uplugin" 227
"../../../Engine/Plugins/Editor/BlueprintMaterialTextureNodes/BlueprintMaterialTextureNodes.uplugin" 228
"../../../Engine/Plugins/Editor/ChangelistReview/ChangelistReview.uplugin" 229
"../../../Engine/Plugins/NetcodeUnitTest/NetcodeUnitTest/NetcodeUnitTest.uplugin" 230
"../../../Engine/Plugins/Editor/AssetReferenceRestrictions/AssetReferenceRestrictions.uplugin" 231
"../../../Engine/Plugins/Editor/ConsoleVariablesEditor/ConsoleVariables.uplugin" 232
"../../../Engine/Plugins/Editor/AssetManagerEditor/AssetManagerEditor.uplugin" 233
"../../../Engine/Plugins/Developer/VisualStudioCodeSourceCodeAccess/VisualStudioCodeSourceCodeAccess.uplugin" 234
"../../../Engine/Plugins/Editor/BlueprintHeaderView/BlueprintHeaderView.uplugin" 235
"../../../Engine/Plugins/Developer/PluginUtils/PluginUtils.uplugin" 236
"../../../Engine/Plugins/Editor/EditorDebugTools/EditorDebugTools.uplugin" 237
"../../../Engine/Plugins/Editor/CryptoKeys/CryptoKeys.uplugin" 238
"../../../Engine/Plugins/Developer/OneSkyLocalizationService/OneSkyLocalizationService.uplugin" 239
"../../../Engine/Plugins/Performance/PerformanceMonitor/PerformanceMonitor.uplugin" 240
"../../../Engine/Plugins/Editor/FacialAnimation/FacialAnimation.uplugin" 241
"../../../Engine/Plugins/Editor/GuidedTutorials/GuidedTutorials.uplugin" 242
"../../../Engine/Plugins/Editor/LiveUpdateForSlate/LiveUpdateForSlate.uplugin" 243
"../../../Engine/Plugins/Editor/DisplayClusterLaunch/DisplayClusterLaunch.uplugin" 244
"../../../Engine/Plugins/Editor/SequencerAnimTools/SequencerAnimTools.uplugin" 245
"../../../Engine/Plugins/Editor/ModelingToolsEditorMode/ModelingToolsEditorMode.uplugin" 246
"../../../Engine/Plugins/Editor/StylusInput/StylusInput.uplugin" 247
"../../../Engine/Plugins/Editor/GeometryMode/GeometryMode.uplugin" 248
"../../../Engine/Plugins/MovieScene/ActorSequence/ActorSequence.uplugin" 249
"../../../Engine/Plugins/Editor/DataValidation/DataValidation.uplugin" 250
"../../../Engine/Plugins/Editor/WaveformEditor/WaveformEditor.uplugin" 251
"../../../Engine/Plugins/Editor/WorldPartitionHLODUtilities/WorldPartitionHLODUtilities.uplugin" 252
"../../../Engine/Plugins/Editor/EditorPerformanceModule/EditorPerformanceModule.uplugin" 253
"../../../Engine/Plugins/Editor/PluginBrowser/PluginBrowser.uplugin" 254
"../../../Engine/Plugins/Editor/MakeCookedEditorAsDLC/MakeCookedEditorAsDLC.uplugin" 255
"../../../Engine/Plugins/Editor/SpeedTreeImporter/SpeedTreeImporter.uplugin" 256
"../../../Engine/Plugins/MovieScene/CustomizableSequencerTracks/CustomizableSequencerTracks.uplugin" 257
"../../../Engine/Plugins/Editor/CurveEditorTools/CurveEditorTools.uplugin" 258
"../../../Engine/Plugins/MovieScene/LevelSequenceEditor/LevelSequenceEditor.uplugin" 259
"../../../Engine/Plugins/MovieScene/MovieRenderPipeline/MovieRenderPipeline.uplugin" 260
"../../../Engine/Plugins/MovieScene/MovieSceneTextTrack/MovieSceneTextTrack.uplugin" 261
"../../../Engine/Plugins/MovieScene/TemplateSequence/TemplateSequence.uplugin" 262
"../../../Engine/Plugins/Editor/EditorScriptingUtilities/EditorScriptingUtilities.uplugin" 263
"../../../Engine/Plugins/Editor/MacGraphicsSwitching/MacGraphicsSwitching.uplugin" 264
"../../../Engine/Plugins/MovieScene/SequencerScripting/SequencerScripting.uplugin" 265
"../../../Engine/Plugins/Enterprise/DatasmithC4DImporter/DatasmithC4DImporter.uplugin" 266
"../../../Engine/Plugins/MovieScene/ReplayTracks/ReplayTracks.uplugin" 267
"../../../Engine/Plugins/Editor/GameplayTagsEditor/GameplayTagsEditor.uplugin" 268
"../../../Engine/Plugins/Editor/UVEditor/UVEditor.uplugin" 269
"../../../Engine/Plugins/Editor/EngineAssetDefinitions/EngineAssetDefinitions.uplugin" 270
"../../../Engine/Plugins/MovieScene/MoviePipelineMaskRenderPass/MoviePipelineMaskRenderPass.uplugin" 271
"../../../Engine/Plugins/Enterprise/GLTFExporter/GLTFExporter.uplugin" 272
"../../../Engine/Plugins/Editor/MobileLauncherProfileWizard/MobileLauncherProfileWizard.uplugin" 273
"../../../Engine/Plugins/Editor/MaterialAnalyzer/MaterialAnalyzer.uplugin" 274
"../../../Engine/Plugins/Enterprise/DatasmithContent/DatasmithContent.uplugin" 275
"../../../Engine/Plugins/Editor/AssetRegistryExport/AssetRegistryExport.uplugin" 276
"../../../Engine/Plugins/Enterprise/AxFImporter/AxFImporter.uplugin" 277
"../../../Engine/Plugins/Enterprise/DatasmithFBXImporter/DatasmithFBXImporter.uplugin" 278
"../../../Engine/Plugins/Enterprise/DatasmithImporter/DatasmithImporter.uplugin" 279
"../../../Engine/Plugins/Enterprise/DataprepEditor/DataprepEditor.uplugin" 280
"../../../Engine/Plugins/Enterprise/VariantManager/VariantManager.uplugin" 281
"../../../Engine/Plugins/Enterprise/VariantManagerContent/VariantManagerContent.uplugin" 282
"../../../Engine/Plugins/Web/HttpBlueprint/HttpBlueprint.uplugin" 283
"../../../Engine/Plugins/Enterprise/DatasmithCADImporter/DatasmithCADImporter.uplugin" 284
"../../../Engine/Plugins/Experimental/AnimNext/AnimNext.uplugin" 285
"../../../Engine/Plugins/Experimental/ActorPalette/ActorPalette.uplugin" 286
"../../../Engine/Plugins/Enterprise/LidarPointCloud/LidarPointCloud.uplugin" 287
"../../../Engine/Plugins/Experimental/AbilitySystemGameFeatureActions/AbilitySystemGameFeatureActions.uplugin" 288
"../../../Engine/Plugins/Experimental/AnimToTexture/AnimToTexture.uplugin" 289
"../../../Engine/Plugins/Enterprise/MDLImporter/MDLImporter.uplugin" 290
"../../../Engine/Plugins/Experimental/AppleVision/AppleVision.uplugin" 291
"../../../Engine/Plugins/Protocols/MQTT/MQTT.uplugin" 292
"../../../Engine/Plugins/Experimental/BlueprintSnapNodes/BlueprintSnapNodes.uplugin" 293
"../../../Engine/Plugins/Experimental/BackChannel/BackChannel.uplugin" 294
"../../../Engine/Plugins/Experimental/ChaosCloth/ChaosCloth.uplugin" 295
"../../../Engine/Plugins/Experimental/AutomationUtils/AutomationUtils.uplugin" 296
"../../../Engine/Plugins/Experimental/ChaosClothEditor/ChaosClothEditor.uplugin" 297
"../../../Engine/Plugins/Experimental/AssetPlacementEdMode/AssetPlacementEdMode.uplugin" 298
"../../../Engine/Plugins/Experimental/ChaosCaching/ChaosCaching.uplugin" 299
"../../../Engine/Plugins/Experimental/BlueprintStats/BlueprintStats.uplugin" 300
"../../../Engine/Plugins/Experimental/ChaosEditor/ChaosEditor.uplugin" 301
"../../../Engine/Plugins/Experimental/ChaosClothAssetEditor/ChaosClothAssetEditor.uplugin" 302
"../../../Engine/Plugins/Experimental/ChaosSolverPlugin/ChaosSolverPlugin.uplugin" 303
"../../../Engine/Plugins/Experimental/ChaosNiagara/ChaosNiagara.uplugin" 304
"../../../Engine/Plugins/Experimental/ChaosUserDataPT/ChaosUserDataPT.uplugin" 305
"../../../Engine/Plugins/Experimental/Chooser/Chooser.uplugin" 306
"../../../Engine/Plugins/Experimental/ChaosVehiclesPlugin/ChaosVehiclesPlugin.uplugin" 307
"../../../Engine/Plugins/Experimental/CinematicPrestreaming/CinematicPrestreaming.uplugin" 308
"../../../Engine/Plugins/Experimental/CodeView/CodeView.uplugin" 309
"../../../Engine/Plugins/Experimental/ChaosClothAsset/ChaosClothAsset.uplugin" 310
"../../../Engine/Plugins/Experimental/ChaosFlesh/ChaosFlesh.uplugin" 311
"../../../Engine/Plugins/Experimental/ControlFlows/ControlFlows.uplugin" 312
"../../../Engine/Plugins/Experimental/ColorCorrectRegions/ColorCorrectRegions.uplugin" 313
"../../../Engine/Plugins/Experimental/CineCameraRigs/CineCameraRigs.uplugin" 314
"../../../Engine/Plugins/Experimental/ChaosVD/ChaosVD.uplugin" 315
"../../../Engine/Plugins/Experimental/CodeEditor/CodeEditor.uplugin" 316
"../../../Engine/Plugins/Experimental/CineCameraSceneCapture/CineCameraSceneCapture.uplugin" 317
"../../../Engine/Plugins/Experimental/DatasmithCloTranslator/DatasmithCloTranslator.uplugin" 318
"../../../Engine/Plugins/Experimental/FieldSystemPlugin/FieldSystemPlugin.uplugin" 319
"../../../Engine/Plugins/Experimental/Fracture/Fracture.uplugin" 320
"../../../Engine/Plugins/Experimental/FullBodyIK/FullBodyIK.uplugin" 321
"../../../Engine/Plugins/Experimental/DefaultInstallBundleManager/DefaultInstallBundleManager.uplugin" 322
"../../../Engine/Plugins/Experimental/Dataflow/Dataflow.uplugin" 323
"../../../Engine/Plugins/Experimental/CommonConversation/CommonConversation.uplugin" 324
"../../../Engine/Plugins/Experimental/GameFeatures/GameFeatures.uplugin" 325
"../../../Engine/Plugins/Experimental/GeometryCacheAbcFile/GeometryCacheAbcFile.uplugin" 326
"../../../Engine/Plugins/Experimental/GeometryCollectionPlugin/GeometryCollectionPlugin.uplugin" 327
"../../../Engine/Plugins/Experimental/GPULightmass/GPULightmass.uplugin" 328
"../../../Engine/Plugins/Experimental/GameplayGraph/GameplayGraph.uplugin" 329
"../../../Engine/Plugins/Experimental/CharacterAI/CharacterAI.uplugin" 330
"../../../Engine/Plugins/Experimental/GeometryFlow/GeometryFlow.uplugin" 331
"../../../Engine/Plugins/Experimental/GizmoEdMode/GizmoEdMode.uplugin" 332
"../../../Engine/Plugins/Experimental/Gauntlet/Gauntlet.uplugin" 333
"../../../Engine/Plugins/Experimental/GeometryScripting/GeometryScripting.uplugin" 334
"../../../Engine/Plugins/Experimental/GameplayTargetingSystem/TargetingSystem.uplugin" 335
"../../../Engine/Plugins/Experimental/ImagePlate/ImagePlate.uplugin" 336
"../../../Engine/Plugins/Experimental/ImpostorBaker/ImpostorBaker.uplugin" 337
"../../../Engine/Plugins/Experimental/JWT/JWT.uplugin" 338
"../../../Engine/Plugins/Experimental/GameplayBehaviors/GameplayBehaviors.uplugin" 339
"../../../Engine/Plugins/Experimental/GizmoFramework/GizmoFramework.uplugin" 340
"../../../Engine/Plugins/Experimental/LearningAgents/LearningAgents.uplugin" 341
"../../../Engine/Plugins/Experimental/HairModelingToolset/HairModelingToolset.uplugin" 342
"../../../Engine/Plugins/Experimental/NaniteDisplacedMesh/NaniteDisplacedMesh.uplugin" 343
"../../../Engine/Plugins/Experimental/LandscapePatch/LandscapePatch.uplugin" 344
"../../../Engine/Plugins/Experimental/LocalizableMessage/LocalizableMessage.uplugin" 345
"../../../Engine/Plugins/Experimental/Iris/Iris.uplugin" 346
"../../../Engine/Plugins/Experimental/LiveLinkFaceImporter/LiveLinkFaceImporter.uplugin" 347
"../../../Engine/Plugins/Experimental/ModularGameplay/ModularGameplay.uplugin" 348
"../../../Engine/Plugins/Experimental/NNERuntimeORTGpu/NNERuntimeORTGpu.uplugin" 349
"../../../Engine/Plugins/Experimental/Landmass/Landmass.uplugin" 350
"../../../Engine/Plugins/Experimental/MeshModelingToolsetExp/MeshModelingToolsetExp.uplugin" 351
"../../../Engine/Plugins/Experimental/PCGExternalDataInterop/PCGExternalDataInterop.uplugin" 352
"../../../Engine/Plugins/Experimental/MeshLODToolset/MeshLODToolset.uplugin" 353
"../../../Engine/Plugins/Experimental/NNERuntimeORTCpu/NNERuntimeORTCpu.uplugin" 354
"../../../Engine/Plugins/Experimental/LiveLinkControlRig/LiveLinkControlRig.uplugin" 355
"../../../Engine/Plugins/Experimental/MotorSimOutputMotoSynth/MotorSimOutputMotoSynth.uplugin" 356
"../../../Engine/Plugins/Experimental/MotoSynth/MotoSynth.uplugin" 357
"../../../Engine/Plugins/Experimental/NNERuntimeRDG/NNERuntimeRDG.uplugin" 358
"../../../Engine/Plugins/Experimental/OptiXDenoise/OptiXDenoise.uplugin" 359
"../../../Engine/Plugins/Experimental/Mutable/Mutable.uplugin" 360
"../../../Engine/Plugins/Experimental/OpenImageDenoise/OpenImageDenoise.uplugin" 361
"../../../Engine/Plugins/Experimental/PanoramicCapture/PanoramicCapture.uplugin" 362
"../../../Engine/Plugins/Experimental/PixelStreamingPlayer/PixelStreamingPlayer.uplugin" 363
"../../../Engine/Plugins/Experimental/PlanarCutPlugin/PlanarCut.uplugin" 364
"../../../Engine/Plugins/Experimental/PluginAudit/PluginAudit.uplugin" 365
"../../../Engine/Plugins/Experimental/PCG/PCG.uplugin" 366
"../../../Engine/Plugins/Experimental/PhysicsControl/PhysicsControl.uplugin" 367
"../../../Engine/Plugins/Experimental/NNE/NNE.uplugin" 368
"../../../Engine/Plugins/Experimental/PythonFoundationPackages/PythonFoundationPackages.uplugin" 369
"../../../Engine/Plugins/Experimental/PlatformCrypto/PlatformCrypto.uplugin" 370
"../../../Engine/Plugins/Experimental/PluginTemplateTool/PluginTemplateTool.uplugin" 371
"../../../Engine/Plugins/Experimental/PythonScriptPlugin/PythonScriptPlugin.uplugin" 372
"../../../Engine/Plugins/Experimental/ProxyLODPlugin/ProxyLODPlugin.uplugin" 373
"../../../Engine/Plugins/Experimental/RenderGrid/RenderGrid.uplugin" 374
"../../../Engine/Plugins/Experimental/QuicMessaging/QuicMessaging.uplugin" 375
"../../../Engine/Plugins/Experimental/PCGGeometryScriptInterop/PCGGeometryScriptInterop.uplugin" 376
"../../../Engine/Plugins/Experimental/RemoteSession/RemoteSession.uplugin" 377
"../../../Engine/Plugins/Experimental/PluginReferenceViewer/PluginReferenceViewer.uplugin" 378
"../../../Engine/Plugins/Experimental/ScriptableToolsFramework/ScriptableToolsFramework.uplugin" 379
"../../../Engine/Plugins/Experimental/ScreenReader/ScreenReader.uplugin" 380
"../../../Engine/Plugins/Experimental/SkeletalReduction/SkeletalReduction.uplugin" 381
"../../../Engine/Plugins/Experimental/RawInput/RawInput.uplugin" 382
"../../../Engine/Plugins/Experimental/SampleToolsEditorMode/SampleToolsEditorMode.uplugin" 383
"../../../Engine/Plugins/Experimental/SimpleHMD/SimpleHMD.uplugin" 384
"../../../Engine/Plugins/Experimental/StaticMeshEditorModeling/StaticMeshEditorModeling.uplugin" 385
"../../../Engine/Plugins/Experimental/TextToSpeech/TextToSpeech.uplugin" 386
"../../../Engine/Plugins/Experimental/Shotgrid/Shotgrid.uplugin" 387
"../../../Engine/Plugins/Experimental/ToolPresets/ToolPresets.uplugin" 388
"../../../Engine/Plugins/Experimental/TetMeshing/TetMeshing.uplugin" 389
"../../../Engine/Plugins/Experimental/UserToolBoxBasicCommand/UserToolBoxBasicCommand.uplugin" 390
"../../../Engine/Plugins/Experimental/StructUtils/StructUtils.uplugin" 391
"../../../Engine/Plugins/Experimental/Text3D/Text3D.uplugin" 392
"../../../Engine/Plugins/Experimental/TypedElementsDataStorage/TypedElementsDataStorage.uplugin" 393
"../../../Engine/Plugins/Experimental/VirtualCamera/VirtualCamera.uplugin" 394
"../../../Engine/Plugins/Experimental/VirtualHeightfieldMesh/VirtualHeightfieldMesh.uplugin" 395
"../../../Engine/Plugins/Experimental/SlateScreenReader/SlateScreenReader.uplugin" 396
"../../../Engine/Plugins/Experimental/UserToolBoxCore/UserToolBoxCore.uplugin" 397
"../../../Engine/Plugins/Experimental/VirtualCameraCore/VirtualCameraCore.uplugin" 398
"../../../Engine/Plugins/Experimental/ScriptableToolsEditorMode/ScriptableToolsEditorMode.uplugin" 399
"../../../Engine/Plugins/Experimental/TextureMediaPlayer/TextureMediaPlayer.uplugin" 400
"../../../Engine/Plugins/Experimental/VirtualScouting/VirtualScouting.uplugin" 401
"../../../Engine/Plugins/Experimental/Volumetrics/Volumetrics.uplugin" 402
"../../../Engine/Plugins/Experimental/VirtualProductionUtilities/VirtualProductionUtilities.uplugin" 403
"../../../Engine/Plugins/Experimental/WaveFunctionCollapse/WaveFunctionCollapse.uplugin" 404
"../../../Engine/Plugins/Experimental/WebSocketNetworking/WebSocketNetworking.uplugin" 405
"../../../Engine/Plugins/FX/Niagara/Niagara.uplugin" 406
"../../../Engine/Plugins/VirtualProduction/CameraCalibration/CameraCalibration.uplugin" 407
"../../../Engine/Plugins/FX/NiagaraSimCaching/NiagaraSimCaching.uplugin" 408
"../../../Engine/Plugins/Experimental/XRCreativeFramework/XRCreativeFramework.uplugin" 409
"../../../Engine/Plugins/Experimental/WidgetEditorToolPalette/WidgetEditorToolPalette.uplugin" 410
"../../../Engine/Plugins/FX/ExampleCustomDataInterface/ExampleCustomDataInterface.uplugin" 411
"../../../Engine/Plugins/Experimental/WaterExtras/WaterExtras.uplugin" 412
"../../../Engine/Plugins/VirtualProduction/CameraCalibrationCore/CameraCalibrationCore.uplugin" 413
"../../../Engine/Plugins/VirtualProduction/CompositePlane/CompositePlane.uplugin" 414
"../../../Engine/Plugins/Experimental/UIFramework/UIFramework.uplugin" 415
"../../../Engine/Plugins/FX/CascadeToNiagaraConverter/CascadeToNiagaraConverter.uplugin" 416
"../../../Engine/Plugins/VirtualProduction/ICVFX/ICVFX.uplugin" 417
"../../../Engine/Plugins/VirtualProduction/EpicStageApp/EpicStageApp.uplugin" 418
"../../../Engine/Plugins/FX/NiagaraFluids/NiagaraFluids.uplugin" 419
"../../../Engine/Plugins/VirtualProduction/LiveLinkMasterLockit/LiveLinkMasterLockit.uplugin" 420
"../../../Engine/Plugins/VirtualProduction/DataCharts/DataCharts.uplugin" 421
"../../../Engine/Plugins/VirtualProduction/LevelSnapshots/LevelSnapshots.uplugin" 422
"../../../Engine/Plugins/VirtualProduction/LiveLinkFreeD/LiveLinkFreeD.uplugin" 423
"../../../Engine/Plugins/VirtualProduction/LiveLinkPrestonMDR/LiveLinkPrestonMDR.uplugin" 424
"../../../Engine/Plugins/Experimental/Water/Water.uplugin" 425
"../../../Engine/Plugins/VirtualProduction/LiveLinkXR/LiveLinkXR.uplugin" 426
"../../../Engine/Plugins/VirtualProduction/ICVFXTesting/ICVFXTesting.uplugin" 427
"../../../Engine/Plugins/VirtualProduction/LiveLinkLens/LiveLinkLens.uplugin" 428
"../../../Engine/Plugins/VirtualProduction/RemoteControlProtocolOSC/RemoteControlProtocolOSC.uplugin" 429
"../../../Engine/Plugins/VirtualProduction/LiveLinkCamera/LiveLinkCamera.uplugin" 430
"../../../Engine/Plugins/VirtualProduction/RemoteControl/RemoteControl.uplugin" 431
"../../../Engine/Plugins/VirtualProduction/MultiUserTakes/MultiUserTakes.uplugin" 432
"../../../Engine/Plugins/VirtualProduction/RemoteControlInterception/RemoteControlInterception.uplugin" 433
"../../../Engine/Plugins/VirtualProduction/RemoteControlProtocolDMX/RemoteControlProtocolDMX.uplugin" 434
"../../../Engine/Plugins/VirtualProduction/RemoteControlProtocolMIDI/RemoteControlProtocolMIDI.uplugin" 435
"../../../Engine/Plugins/VirtualProduction/LiveLinkVRPN/LiveLinkVRPN.uplugin" 436
"../../../Engine/Plugins/Media/AndroidMedia/AndroidMedia.uplugin" 437
"../../../Engine/Plugins/VirtualProduction/SequencerPlaylists/SequencerPlaylists.uplugin" 438
"../../../Engine/Plugins/VirtualProduction/RemoteControlWebInterface/RemoteControlWebInterface.uplugin" 439
"../../../Engine/Plugins/VirtualProduction/StageMonitoring/StageMonitoring.uplugin" 440
"../../../Engine/Plugins/Media/AndroidCamera/AndroidCamera.uplugin" 441
"../../../Engine/Plugins/VirtualProduction/TextureShare/TextureShare.uplugin" 442
"../../../Engine/Plugins/Media/AvfMedia/AvfMedia.uplugin" 443
"../../../Engine/Plugins/Media/AppleProResDecoderElectra/AppleProResDecoderElectra.uplugin" 444
"../../../Engine/Plugins/VirtualProduction/Takes/Takes.uplugin" 445
"../../../Engine/Plugins/Media/AjaMedia/AjaMedia.uplugin" 446
"../../../Engine/Plugins/VirtualProduction/Switchboard/Switchboard.uplugin" 447
"../../../Engine/Plugins/Media/AudioCaptureTimecodeProvider/AudioCaptureTimecodeProvider.uplugin" 448
"../../../Engine/Plugins/Media/AvidDNxHDDecoderElectra/AvidDNxHDDecoderElectra.uplugin" 449
"../../../Engine/Plugins/Media/HAPDecoderElectra/HAPDecoderElectra.uplugin" 450
"../../../Engine/Plugins/Media/ElectraSubtitles/ElectraSubtitles.uplugin" 451
"../../../Engine/Plugins/VirtualProduction/TimedDataMonitor/TimedDataMonitor.uplugin" 452
"../../../Engine/Plugins/Media/ElectraCodecs/ElectraCodecs.uplugin" 453
"../../../Engine/Plugins/Media/BinkMedia/BinkMedia.uplugin" 454
"../../../Engine/Plugins/Media/ImgMedia/ImgMedia.uplugin" 455
"../../../Engine/Plugins/Media/AvidDNxMedia/AvidDNxMedia.uplugin" 456
"../../../Engine/Plugins/Media/ElectraPlayer/ElectraPlayer.uplugin" 457
"../../../Engine/Plugins/Media/MediaIOFramework/MediaIOFramework.uplugin" 458
"../../../Engine/Plugins/Media/BlackmagicMedia/BlackmagicMedia.uplugin" 459
"../../../Engine/Plugins/Media/MediaPlayerEditor/MediaPlayerEditor.uplugin" 460
"../../../Engine/Plugins/Media/ElectraUtil/ElectraUtil.uplugin" 461
"../../../Engine/Plugins/Media/LinearTimecode/LinearTimecode.uplugin" 462
"../../../Engine/Plugins/Media/MediaMovieStreamer/MediaMovieStreamer.uplugin" 463
"../../../Engine/Plugins/Media/MediaPlate/MediaPlate.uplugin" 464
"../../../Engine/Plugins/Media/AppleProResMedia/AppleProResMedia.uplugin" 465
"../../../Engine/Plugins/Media/MediaFrameworkUtilities/MediaFrameworkUtilities.uplugin" 466
"../../../Engine/Plugins/Media/PixelCapture/PixelCapture.uplugin" 467
"../../../Engine/Plugins/Media/HardwareEncoders/HardwareEncoders.uplugin" 468
"../../../Engine/Plugins/Media/MediaCompositing/MediaCompositing.uplugin" 469
"../../../Engine/Plugins/Media/ElectraCDM/ElectraCDM.uplugin" 470
"../../../Engine/Plugins/Media/WmfMedia/WmfMedia.uplugin" 471
"../../../Engine/Plugins/Media/HAPMedia/HAPMedia.uplugin" 472
"../../../Engine/Plugins/Media/PixelStreaming/PixelStreaming.uplugin" 473
"../../../Engine/Plugins/Media/WebMMedia/WebMMedia.uplugin" 474
"../../../Engine/Plugins/Compositing/LensDistortion/LensDistortion.uplugin" 475
"../../../Engine/Plugins/Media/OpusDecoderElectra/OpusDecoderElectra.uplugin" 476
"../../../Engine/Plugins/Media/VPxDecoderElectra/VPxDecoderElectra.uplugin" 477
"../../../Engine/Plugins/Compositing/OpenCVLensDistortion/OpenCVLensDistortion.uplugin" 478
"../../../Engine/Plugins/Compositing/OpenColorIO/OpenColorIO.uplugin" 479
"../../../Engine/Plugins/Compositing/Composure/Composure.uplugin" 480
"../../../Engine/Plugins/Media/TimecodeSynchronizer/TimecodeSynchronizer.uplugin" 481
"../../../Engine/Plugins/Runtime/Analytics/Adjust/Adjust.uplugin" 482
"../../../Engine/Plugins/Runtime/Steam/SteamShared/SteamShared.uplugin" 483
"../../../Engine/Plugins/Experimental/Animation/ContextualAnimation/ContextualAnimation.uplugin" 484
"../../../Engine/Plugins/Runtime/Analytics/AnalyticsBlueprintLibrary/AnalyticsBlueprintLibrary.uplugin" 485
"../../../Engine/Plugins/Experimental/Animation/Optimus/Optimus.uplugin" 486
"../../../Engine/Plugins/Runtime/Analytics/AnalyticsMulticast/AnalyticsMulticast.uplugin" 487
"../../../Engine/Plugins/Runtime/Analytics/FileLogging/FileLogging.uplugin" 488
"../../../Engine/Plugins/Runtime/Steam/SteamController/SteamController.uplugin" 489
"../../../Engine/Plugins/Experimental/Animation/PoseSearch/PoseSearch.uplugin" 490
"../../../Engine/Plugins/Experimental/Animation/CurveExpression/CurveExpression.uplugin" 491
"../../../Engine/Plugins/Runtime/Analytics/Flurry/Flurry.uplugin" 492
"../../../Engine/Plugins/Runtime/Steam/SteamSockets/SteamSockets.uplugin" 493
"../../../Engine/Plugins/Runtime/XR/XRScribe/XRScribe.uplugin" 494
"../../../Engine/Plugins/Runtime/Steam/SteamAudio/SteamAudio.uplugin" 495
"../../../Engine/Plugins/Experimental/Animation/MotionTrajectory/MotionTrajectory.uplugin" 496
"../../../Engine/Plugins/Editor/ContentBrowser/ContentBrowserAliasDataSoure/ContentBrowserAliasDataSource.uplugin" 497
"../../../Engine/Plugins/Editor/ContentBrowser/ContentBrowserClassDataSource/ContentBrowserClassDataSource.uplugin" 498
"../../../Engine/Plugins/Animation/MLDeformer/ChaosClothGenerator/ChaosClothGenerator.uplugin" 499
"../../../Engine/Plugins/Experimental/VirtualProduction/VPSettings/VPSettings.uplugin" 500
"../../../Engine/Plugins/Animation/MLDeformer/NearestNeighborModel/NearestNeighborModel.uplugin" 501
"../../../Engine/Plugins/Experimental/CharacterFXEditor/BaseCharacterFXEditor/BaseCharacterFXEditor.uplugin" 502
"../../../Engine/Plugins/Runtime/Advertising/IOSTapJoy/IOSTapJoy.uplugin" 503
"../../../Engine/Plugins/Editor/ContentBrowser/ContentBrowserAssetDataSource/ContentBrowserAssetDataSource.uplugin" 504
"../../../Engine/Plugins/Animation/MLDeformer/VertexDeltaModel/VertexDeltaModel.uplugin" 505
"../../../Engine/Plugins/Animation/MLDeformer/MLDeformerFramework/MLDeformerFramework.uplugin" 506
"../../../Engine/Plugins/Runtime/PacketHandlers/DTLSHandlerComponent/DTLSHandlerComponent.uplugin" 507
"../../../Engine/Plugins/Experimental/AVCodecs/WMFCodecs/WMFCodecs.uplugin" 508
"../../../Engine/Plugins/Animation/MLDeformer/NeuralMorphModel/NeuralMorphModel.uplugin" 509
"../../../Engine/Plugins/Developer/Concert/ConcertMain/ConcertMain.uplugin" 510
"../../../Engine/Plugins/Runtime/XR/XRVisualization/XRVisualization.uplugin" 511
"../../../Engine/Plugins/Experimental/Animation/SkeletalMeshModelingTools/SkeletalMeshModelingTools.uplugin" 512
"../../../Engine/Plugins/Experimental/AVCodecs/AMFCodecs/AMFCodecs.uplugin" 513
"../../../Engine/Plugins/Editor/Localization/PortableObjectFileDataSource/PortableObjectFileDataSource.uplugin" 514
"../../../Engine/Plugins/Experimental/AVCodecs/AVCodecsCore/AVCodecsCore.uplugin" 515
"../../../Engine/Plugins/Runtime/Windows/WinDualShock/WinDualShock.uplugin" 516
"../../../Engine/Plugins/Experimental/Enterprise/DataprepGeometryOperations/DataprepGeometryOperations.uplugin" 517
"../../../Engine/Plugins/Runtime/PacketHandlers/AESGCMHandlerComponent/AESGCMHandlerComponent.uplugin" 518
"../../../Engine/Plugins/VirtualProduction/DMX/DatasmithMVR/DatasmithMVR.uplugin" 519
"../../../Engine/Plugins/Experimental/Enterprise/DatasmithInterchange/DatasmithInterchange.uplugin" 520
"../../../Engine/Plugins/Experimental/CharacterFXEditor/ExampleCharacterFXEditor/ExampleCharacterFXEditor.uplugin" 521
"../../../Engine/Plugins/Experimental/Web/WebAPI/WebAPI.uplugin" 522
"../../../Engine/Plugins/Editor/ContentBrowser/ContentBrowserFileDataSource/ContentBrowserFileDataSource.uplugin" 523
"../../../Engine/Plugins/VirtualProduction/DMX/DMXControlConsole/DMXControlConsole.uplugin" 524
"../../../Engine/Plugins/Runtime/PacketHandlers/AESHandlerComponent/AESHandlerComponent.uplugin" 525
"../../../Engine/Plugins/VirtualProduction/DMX/DMXPixelMapping/DMXPixelMapping.uplugin" 526
"../../../Engine/Plugins/Experimental/VirtualProduction/VPRoles/VPRoles.uplugin" 527
"../../../Engine/Plugins/VirtualProduction/Rivermax/RivermaxSync/RivermaxSync.uplugin" 528
"../../../Engine/Plugins/Online/VoiceChat/VoiceChat/VoiceChat.uplugin" 529
"../../../Engine/Plugins/Online/IOS/OnlineSubsystemIOS/OnlineSubsystemIOS.uplugin" 530
"../../../Engine/Plugins/VirtualProduction/DMX/DMXProtocol/DMXProtocol.uplugin" 531
"../../../Engine/Plugins/VirtualProduction/Rivermax/RivermaxMedia/RivermaxMedia.uplugin" 532
"../../../Engine/Plugins/VirtualProduction/DMX/DMXEngine/DMXEngine.uplugin" 533
"../../../Engine/Plugins/Runtime/Oculus/OculusAudio/OculusAudio.uplugin" 534
"../../../Engine/Plugins/Runtime/Nvidia/Reflex/Reflex.uplugin" 535
"../../../Engine/Plugins/Experimental/AR/PointCloud/PointCloud.uplugin" 536
"../../../Engine/Plugins/Experimental/VirtualProduction/LedWallCalibration/LedWallCalibration.uplugin" 537
"../../../Engine/Plugins/Experimental/AVCodecs/NVCodecs/NVCodecs.uplugin" 538
"../../../Engine/Plugins/VirtualProduction/DMX/DMXFixtures/DMXFixtures.uplugin" 539
"../../../Engine/Plugins/VirtualProduction/Rivermax/RivermaxCore/RivermaxCore.uplugin" 540
"../../../Engine/Plugins/VirtualProduction/DMX/DMXDisplayCluster/DMXDisplayCluster.uplugin" 541
"../../../Engine/Plugins/Runtime/Database/DatabaseSupport/DatabaseSupport.uplugin" 542
"../../../Engine/Plugins/Online/Android/AndroidFetchBackgroundDownload/AndroidFetchBackgroundDownload.uplugin" 543
"../../../Engine/Plugins/Runtime/Nvidia/GeForceNOWWrapper/GeForceNOWWrapper.uplugin" 544
"../../../Engine/Plugins/Runtime/MeshReconstruction/DummyMeshReconstructor/DummyMeshReconstructor.uplugin" 545
"../../../Engine/Plugins/Runtime/Database/SQLiteSupport/SQLiteSupport.uplugin" 546
"../../../Engine/Plugins/Editor/ObjectMixer/LightMixer/LightMixer.uplugin" 547
"../../../Engine/Plugins/Runtime/Database/ADOSupport/ADOSupport.uplugin" 548
"../../../Engine/Plugins/Marketplace/Developer/RiderLink/RiderLink.uplugin" 549
"../../../Engine/Plugins/Runtime/AR/ARUtilities/ARUtilities.uplugin" 550
"../../../Engine/Plugins/Online/Android/OnlineSubsystemGooglePlay/OnlineSubsystemGooglePlay.uplugin" 551
"../../../Engine/Plugins/Editor/ObjectMixer/ObjectMixer/ObjectMixer.uplugin" 552
"../../../Engine/Plugins/Experimental/Enterprise/DatasmithRuntime/DatasmithRuntime.uplugin" 553
"../../../Engine/Plugins/Runtime/AR/AzureSpatialAnchors/AzureSpatialAnchors.uplugin" 554
"../../../Engine/Plugins/Runtime/Database/RemoteDatabaseSupport/RemoteDatabaseSupport.uplugin" 555
"../../../Engine/Plugins/Runtime/Database/SQLiteCore/SQLiteCore.uplugin" 556
"../../../Engine/Plugins/Runtime/AR/AzureSpatialAnchorsForARKit/AzureSpatialAnchorsForARKit.uplugin" 557
"../../../Engine/Plugins/Developer/Concert/ConcertApp/MultiUserClient/MultiUserClient.uplugin" 558
"../../../Engine/Plugins/Developer/Concert/ConcertApp/MultiUserServer/MultiUserServer.uplugin" 559
"../../../Engine/Plugins/Runtime/AR/AppleAR/AppleARKit/AppleARKit.uplugin" 560
"../../../Engine/Plugins/Developer/Concert/ConcertApp/DisasterRecoveryClient/DisasterRecoveryClient.uplugin" 561
"../../../Engine/Plugins/Online/VoiceChat/EOSVoiceChat/EOSVoiceChat.uplugin" 562
"../../../Engine/Plugins/Runtime/AR/Google/GoogleARCore/GoogleARCore.uplugin" 563
"../../../Engine/Plugins/Runtime/AR/AppleAR/AppleARKitFaceSupport/AppleARKitFaceSupport.uplugin" 564
"../../../Engine/Plugins/Developer/Concert/ConcertSync/ConcertSyncClient/ConcertSyncClient.uplugin" 565
"../../../Engine/Plugins/Developer/Concert/ConcertSync/ConcertSyncTest/ConcertSyncTest.uplugin" 566
"../../../Engine/Plugins/Developer/Concert/ConcertUI/ConcertClientSharedSlate/ConcertClientSharedSlate.uplugin" 567
"../../../Engine/Plugins/Developer/Concert/ConcertSync/ConcertSyncServer/ConcertSyncServer.uplugin" 568
"../../../Engine/Plugins/Developer/Concert/ConcertSync/ConcertSyncCore/ConcertSyncCore.uplugin" 569
"../../../Engine/Plugins/Runtime/AR/Google/GoogleARCoreServices/GoogleARCoreServices.uplugin" 570
"../../../Engine/Plugins/Media/MfMedia/MfMedia.uplugin" 571
"../../../Engine/Plugins/Developer/Concert/ConcertUI/ConcertSharedSlate/ConcertSharedSlate.uplugin" 572
"../../../Engine/Plugins/VirtualProduction/DMX/DMXModularFeatures/DMXModularFeatures.uplugin" 573
"../../../Engine/Plugins/Runtime/AR/AzureSpatialAnchorsForARCore/AzureSpatialAnchorsForARCore.uplugin" 574
"../../../Engine/Content/Internationalization/icudt64l/cnvalias.icu" 575
"../../../Engine/Content/Internationalization/icudt64l/res_index.res" 576
"../../../Engine/Content/Internationalization/icudt64l/plurals.res" 577
"../../../Engine/Content/Internationalization/icudt64l/lang/zh_CN.res" 578
"../../../Engine/Content/Internationalization/icudt64l/lang/pool.res" 579
"../../../Engine/Content/Internationalization/icudt64l/lang/zh_Hans_CN.res" 580
"../../../Engine/Content/Internationalization/icudt64l/lang/zh_Hans.res" 581
"../../../Engine/Content/Internationalization/icudt64l/lang/zh.res" 582
"../../../Engine/Content/Internationalization/icudt64l/lang/root.res" 583
"../../../Engine/Content/Internationalization/icudt64l/region/zh_CN.res" 584
"../../../Engine/Content/Internationalization/icudt64l/region/pool.res" 585
"../../../Engine/Content/Internationalization/icudt64l/region/zh_Hans_CN.res" 586
"../../../Engine/Content/Internationalization/icudt64l/region/zh_Hans.res" 587
"../../../Engine/Content/Internationalization/icudt64l/region/zh.res" 588
"../../../Engine/Content/Internationalization/icudt64l/region/root.res" 589
"../../../Engine/Content/Internationalization/icudt64l/lang/en.res" 590
"../../../Engine/Content/Internationalization/icudt64l/region/en.res" 591
"../../../Engine/Content/Internationalization/icudt64l/windowsZones.res" 592
"../../../Engine/Content/Internationalization/icudt64l/zoneinfo64.res" 593
"../../../Engine/Content/Internationalization/icudt64l/keyTypeData.res" 594
"../../../Engine/Content/Internationalization/icudt64l/timezoneTypes.res" 595
"../../../Engine/Content/Internationalization/icudt64l/likelySubtags.res" 596
"../../../Engine/Content/Internationalization/icudt64l/zh_CN.res" 597
"../../../Engine/Content/Internationalization/icudt64l/pool.res" 598
"../../../Engine/Content/Internationalization/icudt64l/zh_Hans_CN.res" 599
"../../../Engine/Content/Internationalization/icudt64l/zh_Hans.res" 600
"../../../Engine/Content/Internationalization/icudt64l/zh.res" 601
"../../../Engine/Content/Internationalization/icudt64l/root.res" 602
"../../../Engine/Content/Internationalization/icudt64l/supplementalData.res" 603
"../../../Engine/Config/ConfigRedirects.ini" 604
"C:/Users/zxxuh/AppData/Local/UnrealEngine/5.3/Saved/Config/WindowsEditor/Manifest.ini" 605
"../../../Engine/Config/Base.ini" 606
"../../../Engine/Config/BaseEngine.ini" 607
"../../../Engine/Config/Windows/BaseWindowsEngine.ini" 608
"../../../../../demo/Minecraft_RTS/Minecraft_RTS/Config/DefaultEngine.ini" 609
"../../../Engine/Config/Windows/WindowsEngine.ini" 610
"D:/demo/Minecraft_RTS/Minecraft_RTS/Saved/Config/WindowsEditor/Engine.ini" 611
"../../../Engine/Config/BaseGame.ini" 612
"../../../../../demo/Minecraft_RTS/Minecraft_RTS/Config/DefaultGame.ini" 613
"../../../Engine/Config/Windows/WindowsGame.ini" 614
"D:/demo/Minecraft_RTS/Minecraft_RTS/Saved/Config/WindowsEditor/Game.ini" 615
"../../../Engine/Config/BaseInput.ini" 616
"../../../../../demo/Minecraft_RTS/Minecraft_RTS/Config/DefaultInput.ini" 617
"../../../Engine/Config/Windows/WindowsInput.ini" 618
"D:/demo/Minecraft_RTS/Minecraft_RTS/Saved/Config/WindowsEditor/Input.ini" 619
"../../../Engine/Config/BaseDeviceProfiles.ini" 620
"D:/demo/Minecraft_RTS/Minecraft_RTS/Saved/Config/WindowsEditor/DeviceProfiles.ini" 621
"../../../Engine/Config/BaseGameUserSettings.ini" 622
"D:/demo/Minecraft_RTS/Minecraft_RTS/Saved/Config/WindowsEditor/GameUserSettings.ini" 623
"../../../Engine/Config/BaseScalability.ini" 624
"D:/demo/Minecraft_RTS/Minecraft_RTS/Saved/Config/WindowsEditor/Scalability.ini" 625
"../../../Engine/Config/BaseRuntimeOptions.ini" 626
"D:/demo/Minecraft_RTS/Minecraft_RTS/Saved/Config/WindowsEditor/RuntimeOptions.ini" 627
"../../../Engine/Config/BaseInstallBundle.ini" 628
"D:/demo/Minecraft_RTS/Minecraft_RTS/Saved/Config/WindowsEditor/InstallBundle.ini" 629
"../../../Engine/Config/BaseHardware.ini" 630
"D:/demo/Minecraft_RTS/Minecraft_RTS/Saved/Config/WindowsEditor/Hardware.ini" 631
"../../../Engine/Config/BaseCompat.ini" 632
"D:/demo/Minecraft_RTS/Minecraft_RTS/Saved/Config/WindowsEditor/Compat.ini" 633
"../../../Engine/Config/BaseLightmass.ini" 634
"D:/demo/Minecraft_RTS/Minecraft_RTS/Saved/Config/WindowsEditor/Lightmass.ini" 635
"../../../Engine/Config/BaseEditor.ini" 636
"../../../../../demo/Minecraft_RTS/Minecraft_RTS/Config/DefaultEditor.ini" 637
"D:/demo/Minecraft_RTS/Minecraft_RTS/Saved/Config/WindowsEditor/Editor.ini" 638
"../../../Engine/Config/BaseEditorPerProjectUserSettings.ini" 639
"../../../Engine/Config/Windows/WindowsEditorPerProjectUserSettings.ini" 640
"D:/demo/Minecraft_RTS/Minecraft_RTS/Saved/Config/WindowsEditor/EditorPerProjectUserSettings.ini" 641
"../../../Engine/Config/BaseEditorSettings.ini" 642
"C:/Users/zxxuh/AppData/Local/UnrealEngine/5.3/Saved/Config/WindowsEditor/EditorSettings.ini" 643
"../../../Engine/Config/BaseEditorKeyBindings.ini" 644
"C:/Users/zxxuh/AppData/Local/UnrealEngine/5.3/Saved/Config/WindowsEditor/EditorKeyBindings.ini" 645
"C:/Users/zxxuh/AppData/Local/UnrealEngine/5.3/Saved/Config/WindowsEditor/EditorLayout.ini" 646
"../../../Engine/Config/Android/BaseAndroidEngine.ini" 647
"../../../Engine/Config/IOS/BaseIOSEngine.ini" 648
"../../../Engine/Config/Android/AndroidEngine.ini" 649
"../../../Engine/Config/Mac/BaseMacEngine.ini" 650
"../../../Engine/Config/IOS/IOSEngine.ini" 651
"../../../Engine/Config/Mac/MacEngine.ini" 652
"../../../Engine/Config/LinuxArm64/BaseLinuxArm64Engine.ini" 653
"../../../Engine/Config/Linux/BaseLinuxEngine.ini" 654
"../../../Engine/Config/Unix/UnixEngine.ini" 655
"../../../Engine/Config/TVOS/TVOSEngine.ini" 656
"../../../Engine/Config/Android/BaseAndroidGame.ini" 657
"../../../Engine/Config/IOS/BaseIOSGame.ini" 658
"../../../Engine/Config/Linux/LinuxEngine.ini" 659
"../../../Engine/Config/IOS/IOSGame.ini" 660
"../../../Engine/Config/LinuxArm64/LinuxArm64Engine.ini" 661
"../../../Engine/Config/Mac/MacGame.ini" 662
"../../../../../demo/Minecraft_RTS/Minecraft_RTS/Binaries/Win64/Minecraft_RTS-Win64-Shipping.target" 663
"../../../../../demo/Minecraft_RTS/Minecraft_RTS/Binaries/Win64/Minecraft_RTSEditor.target" 664
"../../../Engine/Config/Linux/LinuxGame.ini" 665
"../../../Engine/Config/Android/AndroidScalability.ini" 666
"../../../Engine/Config/IOS/IOSScalability.ini" 667
"../../../Engine/Config/Android/BaseAndroidInstallBundle.ini" 668
"../../../Engine/Plugins/EnhancedInput/Config/BaseEnhancedInput.ini" 669
"D:/demo/Minecraft_RTS/Minecraft_RTS/Saved/Config/WindowsEditor/EnhancedInput.ini" 670
"../../../Engine/Plugins/EnhancedInput/Config/Input.ini" 671
"../../../Engine/Plugins/TraceUtilities/Config/BaseTraceUtilities.ini" 672
"D:/demo/Minecraft_RTS/Minecraft_RTS/Saved/Config/WindowsEditor/TraceUtilities.ini" 673
"../../../Engine/Plugins/Interchange/Runtime/Config/BaseInterchange.ini" 674
"D:/demo/Minecraft_RTS/Minecraft_RTS/Saved/Config/WindowsEditor/Interchange.ini" 675
"../../../Engine/Plugins/2D/Paper2D/Config/BasePaper2D.ini" 676
"D:/demo/Minecraft_RTS/Minecraft_RTS/Saved/Config/WindowsEditor/Paper2D.ini" 677
"../../../Engine/Plugins/Animation/ControlRig/Config/BaseControlRig.ini" 678
"D:/demo/Minecraft_RTS/Minecraft_RTS/Saved/Config/WindowsEditor/ControlRig.ini" 679
"../../../Engine/Plugins/Animation/IKRig/Config/BaseIKRig.ini" 680
"D:/demo/Minecraft_RTS/Minecraft_RTS/Saved/Config/WindowsEditor/IKRig.ini" 681
"../../../Engine/Plugins/Runtime/InputDebugging/Config/Input.ini" 682
"../../../Engine/Plugins/Runtime/Metasound/Config/BaseMetasound.ini" 683
"D:/demo/Minecraft_RTS/Minecraft_RTS/Saved/Config/WindowsEditor/Metasound.ini" 684
"../../../Engine/Plugins/Runtime/Synthesis/Config/BaseSynthesis.ini" 685
"D:/demo/Minecraft_RTS/Minecraft_RTS/Saved/Config/WindowsEditor/Synthesis.ini" 686
"../../../Engine/Plugins/Developer/TraceDataFiltering/Config/BaseTraceDataFilters.ini" 687
"D:/demo/Minecraft_RTS/Minecraft_RTS/Saved/Config/WindowsEditor/TraceDataFilters.ini" 688
"../../../Engine/Plugins/Editor/EditorScriptingUtilities/Config/BaseEditorScriptingUtilities.ini" 689
"D:/demo/Minecraft_RTS/Minecraft_RTS/Saved/Config/WindowsEditor/EditorScriptingUtilities.ini" 690
"../../../Engine/Plugins/Enterprise/DatasmithContent/Config/BaseDatasmithContent.ini" 691
"D:/demo/Minecraft_RTS/Minecraft_RTS/Saved/Config/WindowsEditor/DatasmithContent.ini" 692
"../../../Engine/Plugins/Enterprise/GLTFExporter/Config/BaseGLTFExporter.ini" 693
"../../../Engine/Plugins/Enterprise/GLTFExporter/Config/DefaultGLTFExporter.ini" 694
"D:/demo/Minecraft_RTS/Minecraft_RTS/Saved/Config/WindowsEditor/GLTFExporter.ini" 695
"../../../Engine/Plugins/Enterprise/VariantManagerContent/Config/BaseVariantManagerContent.ini" 696
"D:/demo/Minecraft_RTS/Minecraft_RTS/Saved/Config/WindowsEditor/VariantManagerContent.ini" 697
"../../../Engine/Plugins/Experimental/FullBodyIK/Config/BaseFullBodyIK.ini" 698
"D:/demo/Minecraft_RTS/Minecraft_RTS/Saved/Config/WindowsEditor/FullBodyIK.ini" 699
"../../../Engine/Plugins/Experimental/ToolPresets/Config/BaseToolPresets.ini" 700
"D:/demo/Minecraft_RTS/Minecraft_RTS/Saved/Config/WindowsEditor/ToolPresets.ini" 701
"../../../Engine/Plugins/Experimental/StructUtils/Config/BaseStructUtils.ini" 702
"D:/demo/Minecraft_RTS/Minecraft_RTS/Saved/Config/WindowsEditor/StructUtils.ini" 703
"../../../Engine/Plugins/FX/Niagara/Config/BaseNiagara.ini" 704
"D:/demo/Minecraft_RTS/Minecraft_RTS/Saved/Config/WindowsEditor/Niagara.ini" 705
"../../../Engine/Plugins/Editor/ModelingToolsEditorMode/Binaries/Win64/UnrealEditor.modules" 706
"../../../Engine/Plugins/Runtime/MeshModelingToolset/Binaries/Win64/UnrealEditor.modules" 707
"../../../Engine/Plugins/Experimental/MeshModelingToolsetExp/Binaries/Win64/UnrealEditor.modules" 708
"../../../Engine/Plugins/Experimental/MeshLODToolset/Binaries/Win64/UnrealEditor.modules" 709
"../../../Engine/Plugins/Experimental/ToolPresets/Binaries/Win64/UnrealEditor.modules" 710
"../../../Engine/Plugins/Runtime/GeometryProcessing/Binaries/Win64/UnrealEditor.modules" 711
"../../../Engine/Plugins/Experimental/ProxyLODPlugin/Binaries/Win64/UnrealEditor.modules" 712
"../../../Engine/Plugins/Experimental/GeometryFlow/Binaries/Win64/UnrealEditor.modules" 713
"../../../Engine/Plugins/Editor/EditorScriptingUtilities/Binaries/Win64/UnrealEditor.modules" 714
"../../../Engine/Plugins/EnhancedInput/Binaries/Win64/UnrealEditor.modules" 715
"../../../Engine/Plugins/FastBuildController/Binaries/Win64/UnrealEditor.modules" 716
"../../../Engine/Plugins/MeshPainting/Binaries/Win64/UnrealEditor.modules" 717
"../../../Engine/Plugins/Interchange/Editor/Binaries/Win64/UnrealEditor.modules" 718
"../../../Engine/Plugins/Interchange/Runtime/Binaries/Win64/UnrealEditor.modules" 719
"../../../Engine/Plugins/Enterprise/VariantManagerContent/Binaries/Win64/UnrealEditor.modules" 720
"../../../Engine/Plugins/Enterprise/VariantManager/Binaries/Win64/UnrealEditor.modules" 721
"../../../Engine/Plugins/TraceUtilities/Binaries/Win64/UnrealEditor.modules" 722
"../../../Engine/Plugins/XGEController/Binaries/Win64/UnrealEditor.modules" 723
"../../../Engine/Plugins/2D/Paper2D/Binaries/Win64/UnrealEditor.modules" 724
"../../../Engine/Plugins/Portal/LauncherChunkInstaller/Binaries/Win64/UnrealEditor.modules" 725
"../../../Engine/Plugins/Animation/ACLPlugin/Binaries/Win64/UnrealEditor.modules" 726
"../../../Engine/Plugins/Animation/AnimationData/Binaries/Win64/UnrealEditor.modules" 727
"../../../Engine/Plugins/Animation/ControlRig/Binaries/Win64/UnrealEditor.modules" 728
"../../../Engine/Plugins/Runtime/RigVM/Binaries/Win64/UnrealEditor.modules" 729
"../../../Engine/Plugins/Experimental/PythonScriptPlugin/Binaries/Win64/UnrealEditor.modules" 730
"../../../Engine/Plugins/MovieScene/LevelSequenceEditor/Binaries/Win64/UnrealEditor.modules" 731
"../../../Engine/Plugins/Runtime/PropertyAccess/Binaries/Win64/UnrealEditor.modules" 732
"../../../Engine/Plugins/MovieScene/SequencerScripting/Binaries/Win64/UnrealEditor.modules" 733
"../../../Engine/Plugins/Editor/ContentBrowser/ContentBrowserFileDataSource/Binaries/Win64/UnrealEditor.modules" 734
"../../../Engine/Plugins/Animation/AnimationModifierLibrary/Binaries/Win64/UnrealEditor.modules" 735
"../../../Engine/Plugins/Animation/ControlRigSpline/Binaries/Win64/UnrealEditor.modules" 736
"../../../Engine/Plugins/Animation/BlendSpaceMotionAnalysis/Binaries/Win64/UnrealEditor.modules" 737
"../../../Engine/Plugins/Importers/AlembicImporter/Binaries/Win64/UnrealEditor.modules" 738
"../../../Engine/Plugins/Runtime/GeometryCache/Binaries/Win64/UnrealEditor.modules" 739
"../../../Engine/Plugins/FX/Niagara/Binaries/Win64/UnrealEditor.modules" 740
"../../../Engine/Plugins/Animation/IKRig/Binaries/Win64/UnrealEditor.modules" 741
"../../../Engine/Plugins/Experimental/FullBodyIK/Binaries/Win64/UnrealEditor.modules" 742
"../../../Engine/Plugins/Runtime/ActorLayerUtilities/Binaries/Win64/UnrealEditor.modules" 743
"../../../Engine/Plugins/Runtime/AndroidFileServer/Binaries/Win64/UnrealEditor.modules" 744
"../../../Engine/Plugins/Runtime/AndroidDeviceProfileSelector/Binaries/Win64/UnrealEditor.modules" 745
"../../../Engine/Plugins/Runtime/ArchVisCharacter/Binaries/Win64/UnrealEditor.modules" 746
"../../../Engine/Plugins/Runtime/AudioCapture/Binaries/Win64/UnrealEditor.modules" 747
"../../../Engine/Plugins/Runtime/AndroidPermission/Binaries/Win64/UnrealEditor.modules" 748
"../../../Engine/Plugins/Runtime/ChunkDownloader/Binaries/Win64/UnrealEditor.modules" 749
"../../../Engine/Plugins/Runtime/AssetTags/Binaries/Win64/UnrealEditor.modules" 750
"../../../Engine/Plugins/Runtime/ExampleDeviceProfileSelector/Binaries/Win64/UnrealEditor.modules" 751
"../../../Engine/Plugins/Runtime/GooglePAD/Binaries/Win64/UnrealEditor.modules" 752
"../../../Engine/Plugins/Runtime/LocationServicesBPLibrary/Binaries/Win64/UnrealEditor.modules" 753
"../../../Engine/Plugins/Runtime/InputDebugging/Binaries/Win64/UnrealEditor.modules" 754
"../../../Engine/Plugins/Runtime/Metasound/Binaries/Win64/UnrealEditor.modules" 755
"../../../Engine/Plugins/Runtime/AudioWidgets/Binaries/Win64/UnrealEditor.modules" 756
"../../../Engine/Plugins/Runtime/AudioSynesthesia/Binaries/Win64/UnrealEditor.modules" 757
"../../../Engine/Plugins/Runtime/WaveTable/Binaries/Win64/UnrealEditor.modules" 758
"../../../Engine/Plugins/Runtime/MobilePatchingUtils/Binaries/Win64/UnrealEditor.modules" 759
"../../../Engine/Plugins/Runtime/MsQuic/Binaries/Win64/UnrealEditor.modules" 760
"../../../Engine/Plugins/Runtime/CustomMeshComponent/Binaries/Win64/UnrealEditor.modules" 761
"../../../Engine/Plugins/Runtime/ProceduralMeshComponent/Binaries/Win64/UnrealEditor.modules" 762
"../../../Engine/Plugins/Runtime/ResonanceAudio/Binaries/Win64/UnrealEditor.modules" 763
"../../../Engine/Plugins/Runtime/SoundFields/Binaries/Win64/UnrealEditor.modules" 764
"../../../Engine/Plugins/Runtime/Synthesis/Binaries/Win64/UnrealEditor.modules" 765
"../../../Engine/Plugins/AI/AISupport/Binaries/Win64/UnrealEditor.modules" 766
"../../../Engine/Plugins/Runtime/WindowsDeviceProfileSelector/Binaries/Win64/UnrealEditor.modules" 767
"../../../Engine/Plugins/Runtime/WindowsMoviePlayer/Binaries/Win64/UnrealEditor.modules" 768
"../../../Engine/Plugins/AI/EnvironmentQueryEditor/Binaries/Win64/UnrealEditor.modules" 769
"../../../Engine/Plugins/Messaging/TcpMessaging/Binaries/Win64/UnrealEditor.modules" 770
"../../../Engine/Plugins/Messaging/UdpMessaging/Binaries/Win64/UnrealEditor.modules" 771
"../../../Engine/Plugins/Runtime/WebMMoviePlayer/Binaries/Win64/UnrealEditor.modules" 772
"../../../Engine/Plugins/Media/WebMMedia/Binaries/Win64/UnrealEditor.modules" 773
"../../../Engine/Plugins/Tests/InterchangeTests/Binaries/Win64/UnrealEditor.modules" 774
"../../../Engine/Plugins/Compression/OodleNetwork/Binaries/Win64/UnrealEditor.modules" 775
"../../../Engine/Plugins/Cameras/CameraShakePreviewer/Binaries/Win64/UnrealEditor.modules" 776
"../../../Engine/Plugins/Cameras/GameplayCameras/Binaries/Win64/UnrealEditor.modules" 777
"../../../Engine/Plugins/MovieScene/TemplateSequence/Binaries/Win64/UnrealEditor.modules" 778
"../../../Engine/Plugins/Online/OnlineBase/Binaries/Win64/UnrealEditor.modules" 779
"../../../Engine/Plugins/Online/OnlineSubsystem/Binaries/Win64/UnrealEditor.modules" 780
"../../../Engine/Plugins/Online/OnlineSubsystemUtils/Binaries/Win64/UnrealEditor.modules" 781
"../../../Engine/Plugins/Online/OnlineServices/Binaries/Win64/UnrealEditor.modules" 782
"../../../Engine/Plugins/Online/OnlineSubsystemNull/Binaries/Win64/UnrealEditor.modules" 783
"../../../Engine/Plugins/Developer/AnimationSharing/Binaries/Win64/UnrealEditor.modules" 784
"../../../Engine/Plugins/Runtime/SignificanceManager/Binaries/Win64/UnrealEditor.modules" 785
"../../../Engine/Plugins/Developer/DumpGPUServices/Binaries/Win64/UnrealEditor.modules" 786
"../../../Engine/Plugins/Developer/CLionSourceCodeAccess/Binaries/Win64/UnrealEditor.modules" 787
"../../../Engine/Plugins/Developer/GitSourceControl/Binaries/Win64/UnrealEditor.modules" 788
"../../../Engine/Plugins/Developer/PixWinPlugin/Binaries/Win64/UnrealEditor.modules" 789
"../../../Engine/Plugins/Developer/N10XSourceCodeAccess/Binaries/Win64/UnrealEditor.modules" 790
"../../../Engine/Plugins/Developer/PluginUtils/Binaries/Win64/UnrealEditor.modules" 791
"../../../Engine/Plugins/Developer/TextureFormatOodle/Binaries/Win64/UnrealEditor.modules" 792
"../../../Engine/Plugins/Developer/PerforceSourceControl/Binaries/Win64/UnrealEditor.modules" 793
"../../../Engine/Plugins/Developer/RenderDocPlugin/Binaries/Win64/UnrealEditor.modules" 794
"../../../Engine/Plugins/Developer/PlasticSourceControl/Binaries/Win64/UnrealEditor.modules" 795
"../../../Engine/Plugins/Developer/TraceDataFiltering/Binaries/Win64/UnrealEditor.modules" 796
"../../../Engine/Plugins/Developer/UObjectPlugin/Binaries/Win64/UnrealEditor.modules" 797
"../../../Engine/Plugins/Developer/RiderSourceCodeAccess/Binaries/Win64/UnrealEditor.modules" 798
"../../../Engine/Plugins/Developer/SubversionSourceControl/Binaries/Win64/UnrealEditor.modules" 799
"../../../Engine/Plugins/Developer/PropertyAccessNode/Binaries/Win64/UnrealEditor.modules" 800
"../../../Engine/Plugins/Developer/VisualStudioCodeSourceCodeAccess/Binaries/Win64/UnrealEditor.modules" 801
"../../../Engine/Plugins/Developer/VisualStudioSourceCodeAccess/Binaries/Win64/UnrealEditor.modules" 802
"../../../Engine/Plugins/Editor/ChangelistReview/Binaries/Win64/UnrealEditor.modules" 803
"../../../Engine/Plugins/Editor/BlueprintHeaderView/Binaries/Win64/UnrealEditor.modules" 804
"../../../Engine/Plugins/Editor/AssetManagerEditor/Binaries/Win64/UnrealEditor.modules" 805
"../../../Engine/Plugins/Editor/CryptoKeys/Binaries/Win64/UnrealEditor.modules" 806
"../../../Engine/Plugins/Editor/CurveEditorTools/Binaries/Win64/UnrealEditor.modules" 807
"../../../Engine/Plugins/Editor/EditorDebugTools/Binaries/Win64/UnrealEditor.modules" 808
"../../../Engine/Plugins/Editor/GeometryMode/Binaries/Win64/UnrealEditor.modules" 809
"../../../Engine/Plugins/Editor/DataValidation/Binaries/Win64/UnrealEditor.modules" 810
"../../../Engine/Plugins/Editor/FacialAnimation/Binaries/Win64/UnrealEditor.modules" 811
"../../../Engine/Plugins/Editor/GameplayTagsEditor/Binaries/Win64/UnrealEditor.modules" 812
"../../../Engine/Plugins/Editor/EngineAssetDefinitions/Binaries/Win64/UnrealEditor.modules" 813
"../../../Engine/Plugins/Editor/MobileLauncherProfileWizard/Binaries/Win64/UnrealEditor.modules" 814
"../../../Engine/Plugins/Editor/MaterialAnalyzer/Binaries/Win64/UnrealEditor.modules" 815
"../../../Engine/Plugins/Editor/SequencerAnimTools/Binaries/Win64/UnrealEditor.modules" 816
"../../../Engine/Plugins/MovieScene/ActorSequence/Binaries/Win64/UnrealEditor.modules" 817
"../../../Engine/Plugins/Editor/PluginBrowser/Binaries/Win64/UnrealEditor.modules" 818
"../../../Engine/Plugins/Editor/WorldPartitionHLODUtilities/Binaries/Win64/UnrealEditor.modules" 819
"../../../Engine/Plugins/Editor/SpeedTreeImporter/Binaries/Win64/UnrealEditor.modules" 820
"../../../Engine/Plugins/Editor/UVEditor/Binaries/Win64/UnrealEditor.modules" 821
"../../../Engine/Plugins/Enterprise/DatasmithContent/Binaries/Win64/UnrealEditor.modules" 822
"../../../Engine/Plugins/Enterprise/GLTFExporter/Binaries/Win64/UnrealEditor.modules" 823
"../../../Engine/Plugins/Experimental/BackChannel/Binaries/Win64/UnrealEditor.modules" 824
"../../../Engine/Plugins/Experimental/AutomationUtils/Binaries/Win64/UnrealEditor.modules" 825
"../../../Engine/Plugins/Experimental/ChaosCloth/Binaries/Win64/UnrealEditor.modules" 826
"../../../Engine/Plugins/Experimental/ChaosCaching/Binaries/Win64/UnrealEditor.modules" 827
"../../../Engine/Plugins/VirtualProduction/Takes/Binaries/Win64/UnrealEditor.modules" 828
"../../../Engine/Plugins/Experimental/ChaosClothEditor/Binaries/Win64/UnrealEditor.modules" 829
"../../../Engine/Plugins/Experimental/ChaosEditor/Binaries/Win64/UnrealEditor.modules" 830
"../../../Engine/Plugins/Experimental/PlanarCutPlugin/Binaries/Win64/UnrealEditor.modules" 831
"../../../Engine/Plugins/Experimental/GeometryCollectionPlugin/Binaries/Win64/UnrealEditor.modules" 832
"../../../Engine/Plugins/Experimental/Fracture/Binaries/Win64/UnrealEditor.modules" 833
"../../../Engine/Plugins/Experimental/ChaosSolverPlugin/Binaries/Win64/UnrealEditor.modules" 834
"../../../Engine/Plugins/Experimental/Dataflow/Binaries/Win64/UnrealEditor.modules" 835
"../../../Engine/Plugins/Experimental/ChaosNiagara/Binaries/Win64/UnrealEditor.modules" 836
"../../../Engine/Plugins/Experimental/ChaosUserDataPT/Binaries/Win64/UnrealEditor.modules" 837
"../../../Engine/Plugins/Experimental/CharacterAI/Binaries/Win64/UnrealEditor.modules" 838
"../../../Engine/Plugins/Experimental/LocalizableMessage/Binaries/Win64/UnrealEditor.modules" 839
"../../../Engine/Plugins/Experimental/StructUtils/Binaries/Win64/UnrealEditor.modules" 840
"../../../Engine/Plugins/Experimental/PlatformCrypto/Binaries/Win64/UnrealEditor.modules" 841
"../../../Engine/Plugins/Experimental/SkeletalReduction/Binaries/Win64/UnrealEditor.modules" 842
"../../../Engine/Plugins/Media/AndroidMedia/Binaries/Win64/UnrealEditor.modules" 843
"../../../Engine/Plugins/Media/ImgMedia/Binaries/Win64/UnrealEditor.modules" 844
"../../../Engine/Plugins/Media/MediaPlayerEditor/Binaries/Win64/UnrealEditor.modules" 845
"../../../Engine/Plugins/Media/MediaPlate/Binaries/Win64/UnrealEditor.modules" 846
"../../../Engine/Plugins/Media/MediaCompositing/Binaries/Win64/UnrealEditor.modules" 847
"../../../Engine/Plugins/Media/WmfMedia/Binaries/Win64/UnrealEditor.modules" 848
"../../../Engine/Plugins/Editor/ContentBrowser/ContentBrowserClassDataSource/Binaries/Win64/UnrealEditor.modules" 849
"../../../Engine/Plugins/Editor/ContentBrowser/ContentBrowserAssetDataSource/Binaries/Win64/UnrealEditor.modules" 850
"../../../Engine/Plugins/Editor/Localization/PortableObjectFileDataSource/Binaries/Win64/UnrealEditor.modules" 851
"../../../Engine/Plugins/Editor/ObjectMixer/LightMixer/Binaries/Win64/UnrealEditor.modules" 852
"../../../Engine/Plugins/Editor/ObjectMixer/ObjectMixer/Binaries/Win64/UnrealEditor.modules" 853
"../../../Engine/Plugins/Marketplace/Developer/RiderLink/Binaries/Win64/UnrealEditor.modules" 854
"C:/Users/zxxuh/AppData/Local/UnrealEngine/5.3/Saved/Config/WindowsEditor/SourceControlSettings.ini" 855
"../../../Engine/Content/Certificates/ThirdParty/cacert.pem" 856
"../../../Engine/Config/ConsoleVariables.ini" 857
"../../../Engine/Binaries/Win64/Android/UnrealEditor.modules" 858
"../../../Engine/Binaries/Win64/IOS/UnrealEditor.modules" 859
"../../../Engine/Binaries/Win64/Linux/UnrealEditor.modules" 860
"../../../Engine/Binaries/Win64/LinuxArm64/UnrealEditor.modules" 861
"../../../Engine/Content/Localization/Editor/zh-Hans/Editor.locres" 862
"../../../Engine/Content/Localization/EditorTutorials/zh-Hans/EditorTutorials.locres" 863
"../../../Engine/Content/Localization/Keywords/zh-Hans/Keywords.locres" 864
"../../../Engine/Content/Localization/Category/zh-Hans/Category.locres" 865
"../../../Engine/Content/Localization/ToolTips/zh-Hans/ToolTips.locres" 866
"../../../Engine/Content/Localization/PropertyNames/zh-Hans/PropertyNames.locres" 867
"../../../Engine/Content/Localization/Engine/zh-Hans/Engine.locres" 868
"../../../Engine/Plugins/Online/OnlineSubsystem/Content/Localization/OnlineSubsystem/zh-Hans/OnlineSubsystem.locres" 869
"../../../Engine/Plugins/Online/OnlineSubsystemUtils/Content/Localization/OnlineSubsystemUtils/zh-Hans/OnlineSubsystemUtils.locres" 870
"../../../Engine/Plugins/Online/IOS/OnlineSubsystemIOS/Content/Localization/OnlineSubsystemIOS/zh-Hans/OnlineSubsystemIOS.locres" 871
"../../../Engine/Plugins/Online/Android/OnlineSubsystemGooglePlay/Content/Localization/OnlineSubsystemGooglePlay/zh-Hans/OnlineSubsystemGooglePlay.locres" 872
"../../../Engine/Content/Internationalization/icudt64l/numberingSystems.res" 873
"../../../Engine/Content/Internationalization/icudt64l/curr/supplementalData.res" 874
"../../../Engine/Content/Internationalization/icudt64l/curr/zh_CN.res" 875
"../../../Engine/Content/Internationalization/icudt64l/curr/pool.res" 876
"../../../Engine/Content/Internationalization/icudt64l/curr/zh_Hans_CN.res" 877
"../../../Engine/Content/Internationalization/icudt64l/curr/zh_Hans.res" 878
"../../../Engine/Content/Internationalization/icudt64l/curr/zh.res" 879
"../../../Engine/Content/Internationalization/icudt64l/curr/root.res" 880
"../../../Engine/Content/Internationalization/icudt64l/lang/af.res" 881
"../../../Engine/Content/Internationalization/icudt64l/region/af.res" 882
"../../../Engine/Content/Internationalization/icudt64l/lang/agq.res" 883
"../../../Engine/Content/Internationalization/icudt64l/region/agq.res" 884
"../../../Engine/Content/Internationalization/icudt64l/lang/ak.res" 885
"../../../Engine/Content/Internationalization/icudt64l/region/ak.res" 886
"../../../Engine/Content/Internationalization/icudt64l/lang/am.res" 887
"../../../Engine/Content/Internationalization/icudt64l/region/am.res" 888
"../../../Engine/Content/Internationalization/icudt64l/lang/ar.res" 889
"../../../Engine/Content/Internationalization/icudt64l/region/ar.res" 890
"../../../Engine/Content/Internationalization/icudt64l/region/ar_AE.res" 891
"../../../Engine/Content/Internationalization/icudt64l/lang/ar_EG.res" 892
"../../../Engine/Content/Internationalization/icudt64l/lang/ar_LY.res" 893
"../../../Engine/Content/Internationalization/icudt64l/region/ar_LY.res" 894
"../../../Engine/Content/Internationalization/icudt64l/lang/ar_SA.res" 895
"../../../Engine/Content/Internationalization/icudt64l/region/ar_SA.res" 896
"../../../Engine/Content/Internationalization/icudt64l/lang/as.res" 897
"../../../Engine/Content/Internationalization/icudt64l/region/as.res" 898
"../../../Engine/Content/Internationalization/icudt64l/lang/asa.res" 899
"../../../Engine/Content/Internationalization/icudt64l/region/asa.res" 900
"../../../Engine/Content/Internationalization/icudt64l/lang/ast.res" 901
"../../../Engine/Content/Internationalization/icudt64l/region/ast.res" 902
"../../../Engine/Content/Internationalization/icudt64l/lang/az.res" 903
"../../../Engine/Content/Internationalization/icudt64l/lang/az_Cyrl.res" 904
"../../../Engine/Content/Internationalization/icudt64l/lang/az_AZ.res" 905
"../../../Engine/Content/Internationalization/icudt64l/lang/az_Latn_AZ.res" 906
"../../../Engine/Content/Internationalization/icudt64l/lang/az_Latn.res" 907
"../../../Engine/Content/Internationalization/icudt64l/region/az_AZ.res" 908
"../../../Engine/Content/Internationalization/icudt64l/region/az_Latn_AZ.res" 909
"../../../Engine/Content/Internationalization/icudt64l/region/az_Latn.res" 910
"../../../Engine/Content/Internationalization/icudt64l/region/az.res" 911
"../../../Engine/Content/Internationalization/icudt64l/region/az_Cyrl.res" 912
"../../../Engine/Content/Internationalization/icudt64l/lang/bas.res" 913
"../../../Engine/Content/Internationalization/icudt64l/region/bas.res" 914
"../../../Engine/Content/Internationalization/icudt64l/lang/be.res" 915
"../../../Engine/Content/Internationalization/icudt64l/region/be.res" 916
"../../../Engine/Content/Internationalization/icudt64l/lang/bem.res" 917
"../../../Engine/Content/Internationalization/icudt64l/region/bem.res" 918
"../../../Engine/Content/Internationalization/icudt64l/lang/bez.res" 919
"../../../Engine/Content/Internationalization/icudt64l/region/bez.res" 920
"../../../Engine/Content/Internationalization/icudt64l/lang/bg.res" 921
"../../../Engine/Content/Internationalization/icudt64l/region/bg.res" 922
"../../../Engine/Content/Internationalization/icudt64l/lang/bm.res" 923
"../../../Engine/Content/Internationalization/icudt64l/region/bm.res" 924
"../../../Engine/Content/Internationalization/icudt64l/lang/bn.res" 925
"../../../Engine/Content/Internationalization/icudt64l/region/bn.res" 926
"../../../Engine/Content/Internationalization/icudt64l/lang/bn_IN.res" 927
"../../../Engine/Content/Internationalization/icudt64l/region/bn_IN.res" 928
"../../../Engine/Content/Internationalization/icudt64l/lang/bo.res" 929
"../../../Engine/Content/Internationalization/icudt64l/region/bo.res" 930
"../../../Engine/Content/Internationalization/icudt64l/region/bo_IN.res" 931
"../../../Engine/Content/Internationalization/icudt64l/lang/br.res" 932
"../../../Engine/Content/Internationalization/icudt64l/region/br.res" 933
"../../../Engine/Content/Internationalization/icudt64l/lang/brx.res" 934
"../../../Engine/Content/Internationalization/icudt64l/region/brx.res" 935
"../../../Engine/Content/Internationalization/icudt64l/lang/bs.res" 936
"../../../Engine/Content/Internationalization/icudt64l/lang/bs_Cyrl.res" 937
"../../../Engine/Content/Internationalization/icudt64l/lang/bs_BA.res" 938
"../../../Engine/Content/Internationalization/icudt64l/lang/bs_Latn_BA.res" 939
"../../../Engine/Content/Internationalization/icudt64l/lang/bs_Latn.res" 940
"../../../Engine/Content/Internationalization/icudt64l/region/bs_BA.res" 941
"../../../Engine/Content/Internationalization/icudt64l/region/bs_Latn_BA.res" 942
"../../../Engine/Content/Internationalization/icudt64l/region/bs_Latn.res" 943
"../../../Engine/Content/Internationalization/icudt64l/region/bs.res" 944
"../../../Engine/Content/Internationalization/icudt64l/region/bs_Cyrl.res" 945
"../../../Engine/Content/Internationalization/icudt64l/lang/ca.res" 946
"../../../Engine/Content/Internationalization/icudt64l/region/ca.res" 947
"../../../Engine/Content/Internationalization/icudt64l/lang/ccp.res" 948
"../../../Engine/Content/Internationalization/icudt64l/region/ccp.res" 949
"../../../Engine/Content/Internationalization/icudt64l/lang/ce.res" 950
"../../../Engine/Content/Internationalization/icudt64l/region/ce.res" 951
"../../../Engine/Content/Internationalization/icudt64l/lang/ceb.res" 952
"../../../Engine/Content/Internationalization/icudt64l/region/ceb.res" 953
"../../../Engine/Content/Internationalization/icudt64l/lang/cgg.res" 954
"../../../Engine/Content/Internationalization/icudt64l/region/cgg.res" 955
"../../../Engine/Content/Internationalization/icudt64l/lang/chr.res" 956
"../../../Engine/Content/Internationalization/icudt64l/region/chr.res" 957
"../../../Engine/Content/Internationalization/icudt64l/lang/ckb.res" 958
"../../../Engine/Content/Internationalization/icudt64l/region/ckb.res" 959
"../../../Engine/Content/Internationalization/icudt64l/lang/cs.res" 960
"../../../Engine/Content/Internationalization/icudt64l/region/cs.res" 961
"../../../Engine/Content/Internationalization/icudt64l/lang/cy.res" 962
"../../../Engine/Content/Internationalization/icudt64l/region/cy.res" 963
"../../../Engine/Content/Internationalization/icudt64l/lang/da.res" 964
"../../../Engine/Content/Internationalization/icudt64l/region/da.res" 965
"../../../Engine/Content/Internationalization/icudt64l/lang/dav.res" 966
"../../../Engine/Content/Internationalization/icudt64l/region/dav.res" 967
"../../../Engine/Content/Internationalization/icudt64l/lang/de.res" 968
"../../../Engine/Content/Internationalization/icudt64l/lang/de_AT.res" 969
"../../../Engine/Content/Internationalization/icudt64l/region/de_AT.res" 970
"../../../Engine/Content/Internationalization/icudt64l/region/de.res" 971
"../../../Engine/Content/Internationalization/icudt64l/lang/de_CH.res" 972
"../../../Engine/Content/Internationalization/icudt64l/region/de_CH.res" 973
"../../../Engine/Content/Internationalization/icudt64l/lang/de_LU.res" 974
"../../../Engine/Content/Internationalization/icudt64l/lang/dje.res" 975
"../../../Engine/Content/Internationalization/icudt64l/region/dje.res" 976
"../../../Engine/Content/Internationalization/icudt64l/lang/dsb.res" 977
"../../../Engine/Content/Internationalization/icudt64l/region/dsb.res" 978
"../../../Engine/Content/Internationalization/icudt64l/lang/dua.res" 979
"../../../Engine/Content/Internationalization/icudt64l/region/dua.res" 980
"../../../Engine/Content/Internationalization/icudt64l/lang/dyo.res" 981
"../../../Engine/Content/Internationalization/icudt64l/region/dyo.res" 982
"../../../Engine/Content/Internationalization/icudt64l/lang/dz.res" 983
"../../../Engine/Content/Internationalization/icudt64l/region/dz.res" 984
"../../../Engine/Content/Internationalization/icudt64l/lang/ebu.res" 985
"../../../Engine/Content/Internationalization/icudt64l/region/ebu.res" 986
"../../../Engine/Content/Internationalization/icudt64l/lang/ee.res" 987
"../../../Engine/Content/Internationalization/icudt64l/region/ee.res" 988
"../../../Engine/Content/Internationalization/icudt64l/lang/el.res" 989
"../../../Engine/Content/Internationalization/icudt64l/region/el.res" 990
"../../../Engine/Content/Internationalization/icudt64l/lang/en_001.res" 991
"../../../Engine/Content/Internationalization/icudt64l/lang/en_150.res" 992
"../../../Engine/Content/Internationalization/icudt64l/region/en_150.res" 993
"../../../Engine/Content/Internationalization/icudt64l/lang/en_AG.res" 994
"../../../Engine/Content/Internationalization/icudt64l/region/en_AG.res" 995
"../../../Engine/Content/Internationalization/icudt64l/lang/en_AI.res" 996
"../../../Engine/Content/Internationalization/icudt64l/region/en_AI.res" 997
"../../../Engine/Content/Internationalization/icudt64l/lang/en_AT.res" 998
"../../../Engine/Content/Internationalization/icudt64l/region/en_AT.res" 999
"../../../Engine/Content/Internationalization/icudt64l/lang/en_AU.res" 1000
"../../../Engine/Content/Internationalization/icudt64l/region/en_AU.res" 1001
"../../../Engine/Content/Internationalization/icudt64l/lang/en_BB.res" 1002
"../../../Engine/Content/Internationalization/icudt64l/region/en_BB.res" 1003
"../../../Engine/Content/Internationalization/icudt64l/lang/en_BE.res" 1004
"../../../Engine/Content/Internationalization/icudt64l/region/en_BE.res" 1005
"../../../Engine/Content/Internationalization/icudt64l/lang/en_BM.res" 1006
"../../../Engine/Content/Internationalization/icudt64l/region/en_BM.res" 1007
"../../../Engine/Content/Internationalization/icudt64l/lang/en_BS.res" 1008
"../../../Engine/Content/Internationalization/icudt64l/region/en_BS.res" 1009
"../../../Engine/Content/Internationalization/icudt64l/lang/en_BW.res" 1010
"../../../Engine/Content/Internationalization/icudt64l/region/en_BW.res" 1011
"../../../Engine/Content/Internationalization/icudt64l/lang/en_BZ.res" 1012
"../../../Engine/Content/Internationalization/icudt64l/region/en_BZ.res" 1013
"../../../Engine/Content/Internationalization/icudt64l/lang/en_CA.res" 1014
"../../../Engine/Content/Internationalization/icudt64l/region/en_CA.res" 1015
"../../../Engine/Content/Internationalization/icudt64l/lang/en_CC.res" 1016
"../../../Engine/Content/Internationalization/icudt64l/region/en_CC.res" 1017
"../../../Engine/Content/Internationalization/icudt64l/lang/en_CH.res" 1018
"../../../Engine/Content/Internationalization/icudt64l/region/en_CH.res" 1019
"../../../Engine/Content/Internationalization/icudt64l/lang/en_CK.res" 1020
"../../../Engine/Content/Internationalization/icudt64l/region/en_CK.res" 1021
"../../../Engine/Content/Internationalization/icudt64l/lang/en_CM.res" 1022
"../../../Engine/Content/Internationalization/icudt64l/region/en_CM.res" 1023
"../../../Engine/Content/Internationalization/icudt64l/lang/en_CX.res" 1024
"../../../Engine/Content/Internationalization/icudt64l/region/en_CX.res" 1025
"../../../Engine/Content/Internationalization/icudt64l/lang/en_CY.res" 1026
"../../../Engine/Content/Internationalization/icudt64l/region/en_CY.res" 1027
"../../../Engine/Content/Internationalization/icudt64l/lang/en_DE.res" 1028
"../../../Engine/Content/Internationalization/icudt64l/region/en_DE.res" 1029
"../../../Engine/Content/Internationalization/icudt64l/lang/en_DG.res" 1030
"../../../Engine/Content/Internationalization/icudt64l/region/en_DG.res" 1031
"../../../Engine/Content/Internationalization/icudt64l/lang/en_DK.res" 1032
"../../../Engine/Content/Internationalization/icudt64l/region/en_DK.res" 1033
"../../../Engine/Content/Internationalization/icudt64l/lang/en_DM.res" 1034
"../../../Engine/Content/Internationalization/icudt64l/region/en_DM.res" 1035
"../../../Engine/Content/Internationalization/icudt64l/lang/en_ER.res" 1036
"../../../Engine/Content/Internationalization/icudt64l/region/en_ER.res" 1037
"../../../Engine/Content/Internationalization/icudt64l/lang/en_FI.res" 1038
"../../../Engine/Content/Internationalization/icudt64l/region/en_FI.res" 1039
"../../../Engine/Content/Internationalization/icudt64l/lang/en_FJ.res" 1040
"../../../Engine/Content/Internationalization/icudt64l/region/en_FJ.res" 1041
"../../../Engine/Content/Internationalization/icudt64l/lang/en_FK.res" 1042
"../../../Engine/Content/Internationalization/icudt64l/region/en_FK.res" 1043
"../../../Engine/Content/Internationalization/icudt64l/lang/en_FM.res" 1044
"../../../Engine/Content/Internationalization/icudt64l/region/en_FM.res" 1045
"../../../Engine/Content/Internationalization/icudt64l/lang/en_GB.res" 1046
"../../../Engine/Content/Internationalization/icudt64l/region/en_GB.res" 1047
"../../../Engine/Content/Internationalization/icudt64l/lang/en_GD.res" 1048
"../../../Engine/Content/Internationalization/icudt64l/region/en_GD.res" 1049
"../../../Engine/Content/Internationalization/icudt64l/lang/en_GG.res" 1050
"../../../Engine/Content/Internationalization/icudt64l/region/en_GG.res" 1051
"../../../Engine/Content/Internationalization/icudt64l/lang/en_GH.res" 1052
"../../../Engine/Content/Internationalization/icudt64l/region/en_GH.res" 1053
"../../../Engine/Content/Internationalization/icudt64l/lang/en_GI.res" 1054
"../../../Engine/Content/Internationalization/icudt64l/region/en_GI.res" 1055
"../../../Engine/Content/Internationalization/icudt64l/lang/en_GM.res" 1056
"../../../Engine/Content/Internationalization/icudt64l/region/en_GM.res" 1057
"../../../Engine/Content/Internationalization/icudt64l/lang/en_GY.res" 1058
"../../../Engine/Content/Internationalization/icudt64l/region/en_GY.res" 1059
"../../../Engine/Content/Internationalization/icudt64l/lang/en_HK.res" 1060
"../../../Engine/Content/Internationalization/icudt64l/region/en_HK.res" 1061
"../../../Engine/Content/Internationalization/icudt64l/lang/en_IE.res" 1062
"../../../Engine/Content/Internationalization/icudt64l/region/en_IE.res" 1063
"../../../Engine/Content/Internationalization/icudt64l/lang/en_IL.res" 1064
"../../../Engine/Content/Internationalization/icudt64l/region/en_IL.res" 1065
"../../../Engine/Content/Internationalization/icudt64l/lang/en_IM.res" 1066
"../../../Engine/Content/Internationalization/icudt64l/region/en_IM.res" 1067
"../../../Engine/Content/Internationalization/icudt64l/lang/en_IN.res" 1068
"../../../Engine/Content/Internationalization/icudt64l/region/en_IN.res" 1069
"../../../Engine/Content/Internationalization/icudt64l/lang/en_IO.res" 1070
"../../../Engine/Content/Internationalization/icudt64l/region/en_IO.res" 1071
"../../../Engine/Content/Internationalization/icudt64l/lang/en_JE.res" 1072
"../../../Engine/Content/Internationalization/icudt64l/region/en_JE.res" 1073
"../../../Engine/Content/Internationalization/icudt64l/lang/en_JM.res" 1074
"../../../Engine/Content/Internationalization/icudt64l/region/en_JM.res" 1075
"../../../Engine/Content/Internationalization/icudt64l/lang/en_KE.res" 1076
"../../../Engine/Content/Internationalization/icudt64l/region/en_KE.res" 1077
"../../../Engine/Content/Internationalization/icudt64l/lang/en_KI.res" 1078
"../../../Engine/Content/Internationalization/icudt64l/region/en_KI.res" 1079
"../../../Engine/Content/Internationalization/icudt64l/lang/en_KN.res" 1080
"../../../Engine/Content/Internationalization/icudt64l/region/en_KN.res" 1081
"../../../Engine/Content/Internationalization/icudt64l/lang/en_KY.res" 1082
"../../../Engine/Content/Internationalization/icudt64l/region/en_KY.res" 1083
"../../../Engine/Content/Internationalization/icudt64l/lang/en_LC.res" 1084
"../../../Engine/Content/Internationalization/icudt64l/region/en_LC.res" 1085
"../../../Engine/Content/Internationalization/icudt64l/lang/en_LR.res" 1086
"../../../Engine/Content/Internationalization/icudt64l/region/en_LR.res" 1087
"../../../Engine/Content/Internationalization/icudt64l/lang/en_LS.res" 1088
"../../../Engine/Content/Internationalization/icudt64l/region/en_LS.res" 1089
"../../../Engine/Content/Internationalization/icudt64l/lang/en_MG.res" 1090
"../../../Engine/Content/Internationalization/icudt64l/region/en_MG.res" 1091
"../../../Engine/Content/Internationalization/icudt64l/lang/en_MO.res" 1092
"../../../Engine/Content/Internationalization/icudt64l/region/en_MO.res" 1093
"../../../Engine/Content/Internationalization/icudt64l/lang/en_MS.res" 1094
"../../../Engine/Content/Internationalization/icudt64l/region/en_MS.res" 1095
"../../../Engine/Content/Internationalization/icudt64l/lang/en_MT.res" 1096
"../../../Engine/Content/Internationalization/icudt64l/region/en_MT.res" 1097
"../../../Engine/Content/Internationalization/icudt64l/lang/en_MU.res" 1098
"../../../Engine/Content/Internationalization/icudt64l/region/en_MU.res" 1099
"../../../Engine/Content/Internationalization/icudt64l/lang/en_MW.res" 1100
"../../../Engine/Content/Internationalization/icudt64l/region/en_MW.res" 1101
"../../../Engine/Content/Internationalization/icudt64l/lang/en_MY.res" 1102
"../../../Engine/Content/Internationalization/icudt64l/region/en_MY.res" 1103
"../../../Engine/Content/Internationalization/icudt64l/lang/en_NA.res" 1104
"../../../Engine/Content/Internationalization/icudt64l/region/en_NA.res" 1105
"../../../Engine/Content/Internationalization/icudt64l/lang/en_NF.res" 1106
"../../../Engine/Content/Internationalization/icudt64l/region/en_NF.res" 1107
"../../../Engine/Content/Internationalization/icudt64l/lang/en_NG.res" 1108
"../../../Engine/Content/Internationalization/icudt64l/region/en_NG.res" 1109
"../../../Engine/Content/Internationalization/icudt64l/lang/en_NL.res" 1110
"../../../Engine/Content/Internationalization/icudt64l/region/en_NL.res" 1111
"../../../Engine/Content/Internationalization/icudt64l/lang/en_NR.res" 1112
"../../../Engine/Content/Internationalization/icudt64l/region/en_NR.res" 1113
"../../../Engine/Content/Internationalization/icudt64l/lang/en_NU.res" 1114
"../../../Engine/Content/Internationalization/icudt64l/region/en_NU.res" 1115
"../../../Engine/Content/Internationalization/icudt64l/lang/en_NZ.res" 1116
"../../../Engine/Content/Internationalization/icudt64l/region/en_NZ.res" 1117
"../../../Engine/Content/Internationalization/icudt64l/lang/en_PG.res" 1118
"../../../Engine/Content/Internationalization/icudt64l/region/en_PG.res" 1119
"../../../Engine/Content/Internationalization/icudt64l/lang/en_PH.res" 1120
"../../../Engine/Content/Internationalization/icudt64l/region/en_PH.res" 1121
"../../../Engine/Content/Internationalization/icudt64l/lang/en_PK.res" 1122
"../../../Engine/Content/Internationalization/icudt64l/region/en_PK.res" 1123
"../../../Engine/Content/Internationalization/icudt64l/lang/en_PN.res" 1124
"../../../Engine/Content/Internationalization/icudt64l/region/en_PN.res" 1125
"../../../Engine/Content/Internationalization/icudt64l/lang/en_PW.res" 1126
"../../../Engine/Content/Internationalization/icudt64l/region/en_PW.res" 1127
"../../../Engine/Content/Internationalization/icudt64l/lang/en_RW.res" 1128
"../../../Engine/Content/Internationalization/icudt64l/region/en_RW.res" 1129
"../../../Engine/Content/Internationalization/icudt64l/lang/en_SB.res" 1130
"../../../Engine/Content/Internationalization/icudt64l/region/en_SB.res" 1131
"../../../Engine/Content/Internationalization/icudt64l/lang/en_SC.res" 1132
"../../../Engine/Content/Internationalization/icudt64l/region/en_SC.res" 1133
"../../../Engine/Content/Internationalization/icudt64l/lang/en_SD.res" 1134
"../../../Engine/Content/Internationalization/icudt64l/region/en_SD.res" 1135
"../../../Engine/Content/Internationalization/icudt64l/lang/en_SE.res" 1136
"../../../Engine/Content/Internationalization/icudt64l/region/en_SE.res" 1137
"../../../Engine/Content/Internationalization/icudt64l/lang/en_SG.res" 1138
"../../../Engine/Content/Internationalization/icudt64l/region/en_SG.res" 1139
"../../../Engine/Content/Internationalization/icudt64l/lang/en_SH.res" 1140
"../../../Engine/Content/Internationalization/icudt64l/region/en_SH.res" 1141
"../../../Engine/Content/Internationalization/icudt64l/lang/en_SI.res" 1142
"../../../Engine/Content/Internationalization/icudt64l/region/en_SI.res" 1143
"../../../Engine/Content/Internationalization/icudt64l/lang/en_SL.res" 1144
"../../../Engine/Content/Internationalization/icudt64l/region/en_SL.res" 1145
"../../../Engine/Content/Internationalization/icudt64l/lang/en_SS.res" 1146
"../../../Engine/Content/Internationalization/icudt64l/region/en_SS.res" 1147
"../../../Engine/Content/Internationalization/icudt64l/lang/en_SX.res" 1148
"../../../Engine/Content/Internationalization/icudt64l/region/en_SX.res" 1149
"../../../Engine/Content/Internationalization/icudt64l/lang/en_SZ.res" 1150
"../../../Engine/Content/Internationalization/icudt64l/region/en_SZ.res" 1151
"../../../Engine/Content/Internationalization/icudt64l/lang/en_TC.res" 1152
"../../../Engine/Content/Internationalization/icudt64l/region/en_TC.res" 1153
"../../../Engine/Content/Internationalization/icudt64l/lang/en_TK.res" 1154
"../../../Engine/Content/Internationalization/icudt64l/region/en_TK.res" 1155
"../../../Engine/Content/Internationalization/icudt64l/lang/en_TO.res" 1156
"../../../Engine/Content/Internationalization/icudt64l/region/en_TO.res" 1157
"../../../Engine/Content/Internationalization/icudt64l/lang/en_TT.res" 1158
"../../../Engine/Content/Internationalization/icudt64l/region/en_TT.res" 1159
"../../../Engine/Content/Internationalization/icudt64l/lang/en_TV.res" 1160
"../../../Engine/Content/Internationalization/icudt64l/region/en_TV.res" 1161
"../../../Engine/Content/Internationalization/icudt64l/lang/en_TZ.res" 1162
"../../../Engine/Content/Internationalization/icudt64l/region/en_TZ.res" 1163
"../../../Engine/Content/Internationalization/icudt64l/lang/en_UG.res" 1164
"../../../Engine/Content/Internationalization/icudt64l/region/en_UG.res" 1165
"../../../Engine/Content/Internationalization/icudt64l/lang/en_VC.res" 1166
"../../../Engine/Content/Internationalization/icudt64l/region/en_VC.res" 1167
"../../../Engine/Content/Internationalization/icudt64l/lang/en_VG.res" 1168
"../../../Engine/Content/Internationalization/icudt64l/region/en_VG.res" 1169
"../../../Engine/Content/Internationalization/icudt64l/lang/en_VU.res" 1170
"../../../Engine/Content/Internationalization/icudt64l/region/en_VU.res" 1171
"../../../Engine/Content/Internationalization/icudt64l/lang/en_WS.res" 1172
"../../../Engine/Content/Internationalization/icudt64l/region/en_WS.res" 1173
"../../../Engine/Content/Internationalization/icudt64l/lang/en_ZA.res" 1174
"../../../Engine/Content/Internationalization/icudt64l/region/en_ZA.res" 1175
"../../../Engine/Content/Internationalization/icudt64l/lang/en_ZM.res" 1176
"../../../Engine/Content/Internationalization/icudt64l/region/en_ZM.res" 1177
"../../../Engine/Content/Internationalization/icudt64l/lang/en_ZW.res" 1178
"../../../Engine/Content/Internationalization/icudt64l/region/en_ZW.res" 1179
"../../../Engine/Content/Internationalization/icudt64l/lang/eo.res" 1180
"../../../Engine/Content/Internationalization/icudt64l/region/eo.res" 1181
"../../../Engine/Content/Internationalization/icudt64l/lang/es.res" 1182
"../../../Engine/Content/Internationalization/icudt64l/lang/es_419.res" 1183
"../../../Engine/Content/Internationalization/icudt64l/region/es_419.res" 1184
"../../../Engine/Content/Internationalization/icudt64l/region/es.res" 1185
"../../../Engine/Content/Internationalization/icudt64l/lang/es_AR.res" 1186
"../../../Engine/Content/Internationalization/icudt64l/region/es_AR.res" 1187
"../../../Engine/Content/Internationalization/icudt64l/lang/es_BO.res" 1188
"../../../Engine/Content/Internationalization/icudt64l/region/es_BO.res" 1189
"../../../Engine/Content/Internationalization/icudt64l/lang/es_BR.res" 1190
"../../../Engine/Content/Internationalization/icudt64l/region/es_BR.res" 1191
"../../../Engine/Content/Internationalization/icudt64l/lang/es_BZ.res" 1192
"../../../Engine/Content/Internationalization/icudt64l/region/es_BZ.res" 1193
"../../../Engine/Content/Internationalization/icudt64l/lang/es_CL.res" 1194
"../../../Engine/Content/Internationalization/icudt64l/region/es_CL.res" 1195
"../../../Engine/Content/Internationalization/icudt64l/lang/es_CO.res" 1196
"../../../Engine/Content/Internationalization/icudt64l/region/es_CO.res" 1197
"../../../Engine/Content/Internationalization/icudt64l/lang/es_CR.res" 1198
"../../../Engine/Content/Internationalization/icudt64l/region/es_CR.res" 1199
"../../../Engine/Content/Internationalization/icudt64l/lang/es_CU.res" 1200
"../../../Engine/Content/Internationalization/icudt64l/region/es_CU.res" 1201
"../../../Engine/Content/Internationalization/icudt64l/lang/es_DO.res" 1202
"../../../Engine/Content/Internationalization/icudt64l/region/es_DO.res" 1203
"../../../Engine/Content/Internationalization/icudt64l/lang/es_EC.res" 1204
"../../../Engine/Content/Internationalization/icudt64l/region/es_EC.res" 1205
"../../../Engine/Content/Internationalization/icudt64l/lang/es_GT.res" 1206
"../../../Engine/Content/Internationalization/icudt64l/region/es_GT.res" 1207
"../../../Engine/Content/Internationalization/icudt64l/lang/es_HN.res" 1208
"../../../Engine/Content/Internationalization/icudt64l/region/es_HN.res" 1209
"../../../Engine/Content/Internationalization/icudt64l/lang/es_MX.res" 1210
"../../../Engine/Content/Internationalization/icudt64l/region/es_MX.res" 1211
"../../../Engine/Content/Internationalization/icudt64l/lang/es_NI.res" 1212
"../../../Engine/Content/Internationalization/icudt64l/region/es_NI.res" 1213
"../../../Engine/Content/Internationalization/icudt64l/lang/es_PA.res" 1214
"../../../Engine/Content/Internationalization/icudt64l/region/es_PA.res" 1215
"../../../Engine/Content/Internationalization/icudt64l/lang/es_PE.res" 1216
"../../../Engine/Content/Internationalization/icudt64l/region/es_PE.res" 1217
"../../../Engine/Content/Internationalization/icudt64l/lang/es_PR.res" 1218
"../../../Engine/Content/Internationalization/icudt64l/region/es_PR.res" 1219
"../../../Engine/Content/Internationalization/icudt64l/lang/es_PY.res" 1220
"../../../Engine/Content/Internationalization/icudt64l/region/es_PY.res" 1221
"../../../Engine/Content/Internationalization/icudt64l/lang/es_SV.res" 1222
"../../../Engine/Content/Internationalization/icudt64l/region/es_SV.res" 1223
"../../../Engine/Content/Internationalization/icudt64l/lang/es_US.res" 1224
"../../../Engine/Content/Internationalization/icudt64l/region/es_US.res" 1225
"../../../Engine/Content/Internationalization/icudt64l/lang/es_UY.res" 1226
"../../../Engine/Content/Internationalization/icudt64l/region/es_UY.res" 1227
"../../../Engine/Content/Internationalization/icudt64l/lang/es_VE.res" 1228
"../../../Engine/Content/Internationalization/icudt64l/region/es_VE.res" 1229
"../../../Engine/Content/Internationalization/icudt64l/lang/et.res" 1230
"../../../Engine/Content/Internationalization/icudt64l/region/et.res" 1231
"../../../Engine/Content/Internationalization/icudt64l/lang/eu.res" 1232
"../../../Engine/Content/Internationalization/icudt64l/region/eu.res" 1233
"../../../Engine/Content/Internationalization/icudt64l/lang/ewo.res" 1234
"../../../Engine/Content/Internationalization/icudt64l/region/ewo.res" 1235
"../../../Engine/Content/Internationalization/icudt64l/lang/fa.res" 1236
"../../../Engine/Content/Internationalization/icudt64l/lang/fa_AF.res" 1237
"../../../Engine/Content/Internationalization/icudt64l/region/fa_AF.res" 1238
"../../../Engine/Content/Internationalization/icudt64l/region/fa.res" 1239
"../../../Engine/Content/Internationalization/icudt64l/lang/ff.res" 1240
"../../../Engine/Content/Internationalization/icudt64l/lang/ff_Latn.res" 1241
"../../../Engine/Content/Internationalization/icudt64l/region/ff.res" 1242
"../../../Engine/Content/Internationalization/icudt64l/region/ff_Latn.res" 1243
"../../../Engine/Content/Internationalization/icudt64l/lang/ff_CM.res" 1244
"../../../Engine/Content/Internationalization/icudt64l/lang/ff_Latn_CM.res" 1245
"../../../Engine/Content/Internationalization/icudt64l/region/ff_CM.res" 1246
"../../../Engine/Content/Internationalization/icudt64l/region/ff_Latn_CM.res" 1247
"../../../Engine/Content/Internationalization/icudt64l/lang/ff_GN.res" 1248
"../../../Engine/Content/Internationalization/icudt64l/lang/ff_Latn_GN.res" 1249
"../../../Engine/Content/Internationalization/icudt64l/region/ff_GN.res" 1250
"../../../Engine/Content/Internationalization/icudt64l/region/ff_Latn_GN.res" 1251
"../../../Engine/Content/Internationalization/icudt64l/lang/ff_MR.res" 1252
"../../../Engine/Content/Internationalization/icudt64l/lang/ff_Latn_MR.res" 1253
"../../../Engine/Content/Internationalization/icudt64l/region/ff_MR.res" 1254
"../../../Engine/Content/Internationalization/icudt64l/region/ff_Latn_MR.res" 1255
"../../../Engine/Content/Internationalization/icudt64l/lang/ff_SN.res" 1256
"../../../Engine/Content/Internationalization/icudt64l/lang/ff_Latn_SN.res" 1257
"../../../Engine/Content/Internationalization/icudt64l/region/ff_SN.res" 1258
"../../../Engine/Content/Internationalization/icudt64l/region/ff_Latn_SN.res" 1259
"../../../Engine/Content/Internationalization/icudt64l/lang/fi.res" 1260
"../../../Engine/Content/Internationalization/icudt64l/region/fi.res" 1261
"../../../Engine/Content/Internationalization/icudt64l/lang/fil.res" 1262
"../../../Engine/Content/Internationalization/icudt64l/lang/fil_PH.res" 1263
"../../../Engine/Content/Internationalization/icudt64l/region/fil_PH.res" 1264
"../../../Engine/Content/Internationalization/icudt64l/region/fil.res" 1265
"../../../Engine/Content/Internationalization/icudt64l/lang/fo.res" 1266
"../../../Engine/Content/Internationalization/icudt64l/region/fo.res" 1267
"../../../Engine/Content/Internationalization/icudt64l/lang/fr.res" 1268
"../../../Engine/Content/Internationalization/icudt64l/lang/fr_BE.res" 1269
"../../../Engine/Content/Internationalization/icudt64l/region/fr_BE.res" 1270
"../../../Engine/Content/Internationalization/icudt64l/region/fr.res" 1271
"../../../Engine/Content/Internationalization/icudt64l/lang/fr_CA.res" 1272
"../../../Engine/Content/Internationalization/icudt64l/region/fr_CA.res" 1273
"../../../Engine/Content/Internationalization/icudt64l/lang/fr_CH.res" 1274
"../../../Engine/Content/Internationalization/icudt64l/lang/fur.res" 1275
"../../../Engine/Content/Internationalization/icudt64l/region/fur.res" 1276
"../../../Engine/Content/Internationalization/icudt64l/lang/fy.res" 1277
"../../../Engine/Content/Internationalization/icudt64l/region/fy.res" 1278
"../../../Engine/Content/Internationalization/icudt64l/lang/ga.res" 1279
"../../../Engine/Content/Internationalization/icudt64l/region/ga.res" 1280
"../../../Engine/Content/Internationalization/icudt64l/lang/gd.res" 1281
"../../../Engine/Content/Internationalization/icudt64l/region/gd.res" 1282
"../../../Engine/Content/Internationalization/icudt64l/lang/gl.res" 1283
"../../../Engine/Content/Internationalization/icudt64l/region/gl.res" 1284
"../../../Engine/Content/Internationalization/icudt64l/lang/gsw.res" 1285
"../../../Engine/Content/Internationalization/icudt64l/region/gsw.res" 1286
"../../../Engine/Content/Internationalization/icudt64l/lang/gu.res" 1287
"../../../Engine/Content/Internationalization/icudt64l/region/gu.res" 1288
"../../../Engine/Content/Internationalization/icudt64l/lang/guz.res" 1289
"../../../Engine/Content/Internationalization/icudt64l/region/guz.res" 1290
"../../../Engine/Content/Internationalization/icudt64l/lang/gv.res" 1291
"../../../Engine/Content/Internationalization/icudt64l/region/gv.res" 1292
"../../../Engine/Content/Internationalization/icudt64l/lang/ha.res" 1293
"../../../Engine/Content/Internationalization/icudt64l/region/ha.res" 1294
"../../../Engine/Content/Internationalization/icudt64l/lang/ha_NE.res" 1295
"../../../Engine/Content/Internationalization/icudt64l/region/ha_NE.res" 1296
"../../../Engine/Content/Internationalization/icudt64l/lang/haw.res" 1297
"../../../Engine/Content/Internationalization/icudt64l/region/haw.res" 1298
"../../../Engine/Content/Internationalization/icudt64l/lang/he.res" 1299
"../../../Engine/Content/Internationalization/icudt64l/lang/he_IL.res" 1300
"../../../Engine/Content/Internationalization/icudt64l/region/he_IL.res" 1301
"../../../Engine/Content/Internationalization/icudt64l/region/he.res" 1302
"../../../Engine/Content/Internationalization/icudt64l/lang/hi.res" 1303
"../../../Engine/Content/Internationalization/icudt64l/region/hi.res" 1304
"../../../Engine/Content/Internationalization/icudt64l/lang/hr.res" 1305
"../../../Engine/Content/Internationalization/icudt64l/region/hr.res" 1306
"../../../Engine/Content/Internationalization/icudt64l/lang/hsb.res" 1307
"../../../Engine/Content/Internationalization/icudt64l/region/hsb.res" 1308
"../../../Engine/Content/Internationalization/icudt64l/lang/hu.res" 1309
"../../../Engine/Content/Internationalization/icudt64l/region/hu.res" 1310
"../../../Engine/Content/Internationalization/icudt64l/lang/hy.res" 1311
"../../../Engine/Content/Internationalization/icudt64l/region/hy.res" 1312
"../../../Engine/Content/Internationalization/icudt64l/lang/ia.res" 1313
"../../../Engine/Content/Internationalization/icudt64l/region/ia.res" 1314
"../../../Engine/Content/Internationalization/icudt64l/lang/id.res" 1315
"../../../Engine/Content/Internationalization/icudt64l/lang/id_ID.res" 1316
"../../../Engine/Content/Internationalization/icudt64l/region/id_ID.res" 1317
"../../../Engine/Content/Internationalization/icudt64l/region/id.res" 1318
"../../../Engine/Content/Internationalization/icudt64l/lang/ig.res" 1319
"../../../Engine/Content/Internationalization/icudt64l/region/ig.res" 1320
"../../../Engine/Content/Internationalization/icudt64l/lang/ii.res" 1321
"../../../Engine/Content/Internationalization/icudt64l/region/ii.res" 1322
"../../../Engine/Content/Internationalization/icudt64l/lang/is.res" 1323
"../../../Engine/Content/Internationalization/icudt64l/region/is.res" 1324
"../../../Engine/Content/Internationalization/icudt64l/lang/it.res" 1325
"../../../Engine/Content/Internationalization/icudt64l/region/it.res" 1326
"../../../Engine/Content/Internationalization/icudt64l/lang/ja.res" 1327
"../../../Engine/Content/Internationalization/icudt64l/lang/ja_JP.res" 1328
"../../../Engine/Content/Internationalization/icudt64l/region/ja_JP.res" 1329
"../../../Engine/Content/Internationalization/icudt64l/region/ja.res" 1330
"../../../Engine/Content/Internationalization/icudt64l/lang/jgo.res" 1331
"../../../Engine/Content/Internationalization/icudt64l/region/jgo.res" 1332
"../../../Engine/Content/Internationalization/icudt64l/lang/jmc.res" 1333
"../../../Engine/Content/Internationalization/icudt64l/region/jmc.res" 1334
"../../../Engine/Content/Internationalization/icudt64l/lang/jv.res" 1335
"../../../Engine/Content/Internationalization/icudt64l/region/jv.res" 1336
"../../../Engine/Content/Internationalization/icudt64l/lang/ka.res" 1337
"../../../Engine/Content/Internationalization/icudt64l/region/ka.res" 1338
"../../../Engine/Content/Internationalization/icudt64l/lang/kab.res" 1339
"../../../Engine/Content/Internationalization/icudt64l/region/kab.res" 1340
"../../../Engine/Content/Internationalization/icudt64l/lang/kam.res" 1341
"../../../Engine/Content/Internationalization/icudt64l/region/kam.res" 1342
"../../../Engine/Content/Internationalization/icudt64l/lang/kde.res" 1343
"../../../Engine/Content/Internationalization/icudt64l/region/kde.res" 1344
"../../../Engine/Content/Internationalization/icudt64l/lang/kea.res" 1345
"../../../Engine/Content/Internationalization/icudt64l/region/kea.res" 1346
"../../../Engine/Content/Internationalization/icudt64l/lang/khq.res" 1347
"../../../Engine/Content/Internationalization/icudt64l/region/khq.res" 1348
"../../../Engine/Content/Internationalization/icudt64l/lang/ki.res" 1349
"../../../Engine/Content/Internationalization/icudt64l/region/ki.res" 1350
"../../../Engine/Content/Internationalization/icudt64l/lang/kk.res" 1351
"../../../Engine/Content/Internationalization/icudt64l/region/kk.res" 1352
"../../../Engine/Content/Internationalization/icudt64l/lang/kkj.res" 1353
"../../../Engine/Content/Internationalization/icudt64l/region/kkj.res" 1354
"../../../Engine/Content/Internationalization/icudt64l/lang/kl.res" 1355
"../../../Engine/Content/Internationalization/icudt64l/region/kl.res" 1356
"../../../Engine/Content/Internationalization/icudt64l/lang/kln.res" 1357
"../../../Engine/Content/Internationalization/icudt64l/region/kln.res" 1358
"../../../Engine/Content/Internationalization/icudt64l/lang/km.res" 1359
"../../../Engine/Content/Internationalization/icudt64l/region/km.res" 1360
"../../../Engine/Content/Internationalization/icudt64l/lang/kn.res" 1361
"../../../Engine/Content/Internationalization/icudt64l/region/kn.res" 1362
"../../../Engine/Content/Internationalization/icudt64l/lang/ko.res" 1363
"../../../Engine/Content/Internationalization/icudt64l/region/ko_KP.res" 1364
"../../../Engine/Content/Internationalization/icudt64l/region/ko.res" 1365
"../../../Engine/Content/Internationalization/icudt64l/lang/kok.res" 1366
"../../../Engine/Content/Internationalization/icudt64l/region/kok.res" 1367
"../../../Engine/Content/Internationalization/icudt64l/lang/ks.res" 1368
"../../../Engine/Content/Internationalization/icudt64l/region/ks.res" 1369
"../../../Engine/Content/Internationalization/icudt64l/lang/ksb.res" 1370
"../../../Engine/Content/Internationalization/icudt64l/region/ksb.res" 1371
"../../../Engine/Content/Internationalization/icudt64l/lang/ksf.res" 1372
"../../../Engine/Content/Internationalization/icudt64l/region/ksf.res" 1373
"../../../Engine/Content/Internationalization/icudt64l/lang/ksh.res" 1374
"../../../Engine/Content/Internationalization/icudt64l/region/ksh.res" 1375
"../../../Engine/Content/Internationalization/icudt64l/lang/ku.res" 1376
"../../../Engine/Content/Internationalization/icudt64l/region/ku.res" 1377
"../../../Engine/Content/Internationalization/icudt64l/lang/kw.res" 1378
"../../../Engine/Content/Internationalization/icudt64l/region/kw.res" 1379
"../../../Engine/Content/Internationalization/icudt64l/lang/ky.res" 1380
"../../../Engine/Content/Internationalization/icudt64l/region/ky.res" 1381
"../../../Engine/Content/Internationalization/icudt64l/lang/lag.res" 1382
"../../../Engine/Content/Internationalization/icudt64l/region/lag.res" 1383
"../../../Engine/Content/Internationalization/icudt64l/lang/lb.res" 1384
"../../../Engine/Content/Internationalization/icudt64l/region/lb.res" 1385
"../../../Engine/Content/Internationalization/icudt64l/lang/lg.res" 1386
"../../../Engine/Content/Internationalization/icudt64l/region/lg.res" 1387
"../../../Engine/Content/Internationalization/icudt64l/lang/lkt.res" 1388
"../../../Engine/Content/Internationalization/icudt64l/region/lkt.res" 1389
"../../../Engine/Content/Internationalization/icudt64l/lang/ln.res" 1390
"../../../Engine/Content/Internationalization/icudt64l/region/ln.res" 1391
"../../../Engine/Content/Internationalization/icudt64l/lang/lo.res" 1392
"../../../Engine/Content/Internationalization/icudt64l/region/lo.res" 1393
"../../../Engine/Content/Internationalization/icudt64l/lang/lrc.res" 1394
"../../../Engine/Content/Internationalization/icudt64l/region/lrc.res" 1395
"../../../Engine/Content/Internationalization/icudt64l/lang/lt.res" 1396
"../../../Engine/Content/Internationalization/icudt64l/region/lt.res" 1397
"../../../Engine/Content/Internationalization/icudt64l/lang/lu.res" 1398
"../../../Engine/Content/Internationalization/icudt64l/region/lu.res" 1399
"../../../Engine/Content/Internationalization/icudt64l/lang/luo.res" 1400
"../../../Engine/Content/Internationalization/icudt64l/region/luo.res" 1401
"../../../Engine/Content/Internationalization/icudt64l/lang/luy.res" 1402
"../../../Engine/Content/Internationalization/icudt64l/region/luy.res" 1403
"../../../Engine/Content/Internationalization/icudt64l/lang/lv.res" 1404
"../../../Engine/Content/Internationalization/icudt64l/region/lv.res" 1405
"../../../Engine/Content/Internationalization/icudt64l/lang/mas.res" 1406
"../../../Engine/Content/Internationalization/icudt64l/region/mas.res" 1407
"../../../Engine/Content/Internationalization/icudt64l/lang/mer.res" 1408
"../../../Engine/Content/Internationalization/icudt64l/region/mer.res" 1409
"../../../Engine/Content/Internationalization/icudt64l/lang/mfe.res" 1410
"../../../Engine/Content/Internationalization/icudt64l/region/mfe.res" 1411
"../../../Engine/Content/Internationalization/icudt64l/lang/mg.res" 1412
"../../../Engine/Content/Internationalization/icudt64l/region/mg.res" 1413
"../../../Engine/Content/Internationalization/icudt64l/lang/mgh.res" 1414
"../../../Engine/Content/Internationalization/icudt64l/region/mgh.res" 1415
"../../../Engine/Content/Internationalization/icudt64l/lang/mgo.res" 1416
"../../../Engine/Content/Internationalization/icudt64l/region/mgo.res" 1417
"../../../Engine/Content/Internationalization/icudt64l/lang/mi.res" 1418
"../../../Engine/Content/Internationalization/icudt64l/region/mi.res" 1419
"../../../Engine/Content/Internationalization/icudt64l/lang/mk.res" 1420
"../../../Engine/Content/Internationalization/icudt64l/region/mk.res" 1421
"../../../Engine/Content/Internationalization/icudt64l/lang/ml.res" 1422
"../../../Engine/Content/Internationalization/icudt64l/region/ml.res" 1423
"../../../Engine/Content/Internationalization/icudt64l/lang/mn.res" 1424
"../../../Engine/Content/Internationalization/icudt64l/region/mn.res" 1425
"../../../Engine/Content/Internationalization/icudt64l/lang/mr.res" 1426
"../../../Engine/Content/Internationalization/icudt64l/region/mr.res" 1427
"../../../Engine/Content/Internationalization/icudt64l/lang/ms.res" 1428
"../../../Engine/Content/Internationalization/icudt64l/region/ms.res" 1429
"../../../Engine/Content/Internationalization/icudt64l/lang/mt.res" 1430
"../../../Engine/Content/Internationalization/icudt64l/region/mt.res" 1431
"../../../Engine/Content/Internationalization/icudt64l/lang/mua.res" 1432
"../../../Engine/Content/Internationalization/icudt64l/region/mua.res" 1433
"../../../Engine/Content/Internationalization/icudt64l/lang/my.res" 1434
"../../../Engine/Content/Internationalization/icudt64l/region/my.res" 1435
"../../../Engine/Content/Internationalization/icudt64l/lang/mzn.res" 1436
"../../../Engine/Content/Internationalization/icudt64l/region/mzn.res" 1437
"../../../Engine/Content/Internationalization/icudt64l/lang/naq.res" 1438
"../../../Engine/Content/Internationalization/icudt64l/region/naq.res" 1439
"../../../Engine/Content/Internationalization/icudt64l/lang/nb.res" 1440
"../../../Engine/Content/Internationalization/icudt64l/lang/nb_NO.res" 1441
"../../../Engine/Content/Internationalization/icudt64l/region/nb_NO.res" 1442
"../../../Engine/Content/Internationalization/icudt64l/region/nb.res" 1443
"../../../Engine/Content/Internationalization/icudt64l/lang/nd.res" 1444
"../../../Engine/Content/Internationalization/icudt64l/region/nd.res" 1445
"../../../Engine/Content/Internationalization/icudt64l/lang/nds.res" 1446
"../../../Engine/Content/Internationalization/icudt64l/region/nds.res" 1447
"../../../Engine/Content/Internationalization/icudt64l/lang/ne.res" 1448
"../../../Engine/Content/Internationalization/icudt64l/region/ne.res" 1449
"../../../Engine/Content/Internationalization/icudt64l/lang/nl.res" 1450
"../../../Engine/Content/Internationalization/icudt64l/region/nl.res" 1451
"../../../Engine/Content/Internationalization/icudt64l/lang/nmg.res" 1452
"../../../Engine/Content/Internationalization/icudt64l/region/nmg.res" 1453
"../../../Engine/Content/Internationalization/icudt64l/lang/nn.res" 1454
"../../../Engine/Content/Internationalization/icudt64l/lang/nn_NO.res" 1455
"../../../Engine/Content/Internationalization/icudt64l/region/nn_NO.res" 1456
"../../../Engine/Content/Internationalization/icudt64l/region/nn.res" 1457
"../../../Engine/Content/Internationalization/icudt64l/lang/nnh.res" 1458
"../../../Engine/Content/Internationalization/icudt64l/region/nnh.res" 1459
"../../../Engine/Content/Internationalization/icudt64l/lang/nus.res" 1460
"../../../Engine/Content/Internationalization/icudt64l/region/nus.res" 1461
"../../../Engine/Content/Internationalization/icudt64l/lang/nyn.res" 1462
"../../../Engine/Content/Internationalization/icudt64l/region/nyn.res" 1463
"../../../Engine/Content/Internationalization/icudt64l/lang/om.res" 1464
"../../../Engine/Content/Internationalization/icudt64l/region/om.res" 1465
"../../../Engine/Content/Internationalization/icudt64l/lang/or.res" 1466
"../../../Engine/Content/Internationalization/icudt64l/region/or.res" 1467
"../../../Engine/Content/Internationalization/icudt64l/lang/os.res" 1468
"../../../Engine/Content/Internationalization/icudt64l/region/os.res" 1469
"../../../Engine/Content/Internationalization/icudt64l/lang/pa.res" 1470
"../../../Engine/Content/Internationalization/icudt64l/lang/pa_Arab.res" 1471
"../../../Engine/Content/Internationalization/icudt64l/lang/pa_PK.res" 1472
"../../../Engine/Content/Internationalization/icudt64l/lang/pa_Arab_PK.res" 1473
"../../../Engine/Content/Internationalization/icudt64l/region/pa_PK.res" 1474
"../../../Engine/Content/Internationalization/icudt64l/region/pa_Arab_PK.res" 1475
"../../../Engine/Content/Internationalization/icudt64l/region/pa_Arab.res" 1476
"../../../Engine/Content/Internationalization/icudt64l/lang/pa_Guru.res" 1477
"../../../Engine/Content/Internationalization/icudt64l/lang/pa_IN.res" 1478
"../../../Engine/Content/Internationalization/icudt64l/lang/pa_Guru_IN.res" 1479
"../../../Engine/Content/Internationalization/icudt64l/region/pa_IN.res" 1480
"../../../Engine/Content/Internationalization/icudt64l/region/pa_Guru_IN.res" 1481
"../../../Engine/Content/Internationalization/icudt64l/region/pa_Guru.res" 1482
"../../../Engine/Content/Internationalization/icudt64l/region/pa.res" 1483
"../../../Engine/Content/Internationalization/icudt64l/lang/pl.res" 1484
"../../../Engine/Content/Internationalization/icudt64l/region/pl.res" 1485
"../../../Engine/Content/Internationalization/icudt64l/lang/ps.res" 1486
"../../../Engine/Content/Internationalization/icudt64l/region/ps.res" 1487
"../../../Engine/Content/Internationalization/icudt64l/lang/ps_PK.res" 1488
"../../../Engine/Content/Internationalization/icudt64l/region/ps_PK.res" 1489
"../../../Engine/Content/Internationalization/icudt64l/lang/pt.res" 1490
"../../../Engine/Content/Internationalization/icudt64l/lang/pt_AO.res" 1491
"../../../Engine/Content/Internationalization/icudt64l/lang/pt_PT.res" 1492
"../../../Engine/Content/Internationalization/icudt64l/region/pt_AO.res" 1493
"../../../Engine/Content/Internationalization/icudt64l/region/pt_PT.res" 1494
"../../../Engine/Content/Internationalization/icudt64l/region/pt.res" 1495
"../../../Engine/Content/Internationalization/icudt64l/lang/pt_CH.res" 1496
"../../../Engine/Content/Internationalization/icudt64l/region/pt_CH.res" 1497
"../../../Engine/Content/Internationalization/icudt64l/lang/pt_CV.res" 1498
"../../../Engine/Content/Internationalization/icudt64l/region/pt_CV.res" 1499
"../../../Engine/Content/Internationalization/icudt64l/lang/pt_GQ.res" 1500
"../../../Engine/Content/Internationalization/icudt64l/region/pt_GQ.res" 1501
"../../../Engine/Content/Internationalization/icudt64l/lang/pt_GW.res" 1502
"../../../Engine/Content/Internationalization/icudt64l/region/pt_GW.res" 1503
"../../../Engine/Content/Internationalization/icudt64l/lang/pt_LU.res" 1504
"../../../Engine/Content/Internationalization/icudt64l/region/pt_LU.res" 1505
"../../../Engine/Content/Internationalization/icudt64l/lang/pt_MO.res" 1506
"../../../Engine/Content/Internationalization/icudt64l/region/pt_MO.res" 1507
"../../../Engine/Content/Internationalization/icudt64l/lang/pt_MZ.res" 1508
"../../../Engine/Content/Internationalization/icudt64l/region/pt_MZ.res" 1509
"../../../Engine/Content/Internationalization/icudt64l/lang/pt_ST.res" 1510
"../../../Engine/Content/Internationalization/icudt64l/region/pt_ST.res" 1511
"../../../Engine/Content/Internationalization/icudt64l/lang/pt_TL.res" 1512
"../../../Engine/Content/Internationalization/icudt64l/region/pt_TL.res" 1513
"../../../Engine/Content/Internationalization/icudt64l/lang/qu.res" 1514
"../../../Engine/Content/Internationalization/icudt64l/region/qu.res" 1515
"../../../Engine/Content/Internationalization/icudt64l/lang/rm.res" 1516
"../../../Engine/Content/Internationalization/icudt64l/region/rm.res" 1517
"../../../Engine/Content/Internationalization/icudt64l/lang/rn.res" 1518
"../../../Engine/Content/Internationalization/icudt64l/region/rn.res" 1519
"../../../Engine/Content/Internationalization/icudt64l/lang/ro.res" 1520
"../../../Engine/Content/Internationalization/icudt64l/lang/ro_MD.res" 1521
"../../../Engine/Content/Internationalization/icudt64l/region/ro_MD.res" 1522
"../../../Engine/Content/Internationalization/icudt64l/region/ro.res" 1523
"../../../Engine/Content/Internationalization/icudt64l/lang/rof.res" 1524
"../../../Engine/Content/Internationalization/icudt64l/region/rof.res" 1525
"../../../Engine/Content/Internationalization/icudt64l/lang/ru.res" 1526
"../../../Engine/Content/Internationalization/icudt64l/region/ru.res" 1527
"../../../Engine/Content/Internationalization/icudt64l/region/ru_UA.res" 1528
"../../../Engine/Content/Internationalization/icudt64l/lang/rw.res" 1529
"../../../Engine/Content/Internationalization/icudt64l/region/rw.res" 1530
"../../../Engine/Content/Internationalization/icudt64l/lang/rwk.res" 1531
"../../../Engine/Content/Internationalization/icudt64l/region/rwk.res" 1532
"../../../Engine/Content/Internationalization/icudt64l/lang/sah.res" 1533
"../../../Engine/Content/Internationalization/icudt64l/region/sah.res" 1534
"../../../Engine/Content/Internationalization/icudt64l/lang/saq.res" 1535
"../../../Engine/Content/Internationalization/icudt64l/region/saq.res" 1536
"../../../Engine/Content/Internationalization/icudt64l/lang/sbp.res" 1537
"../../../Engine/Content/Internationalization/icudt64l/region/sbp.res" 1538
"../../../Engine/Content/Internationalization/icudt64l/lang/sd.res" 1539
"../../../Engine/Content/Internationalization/icudt64l/region/sd.res" 1540
"../../../Engine/Content/Internationalization/icudt64l/lang/se.res" 1541
"../../../Engine/Content/Internationalization/icudt64l/lang/se_FI.res" 1542
"../../../Engine/Content/Internationalization/icudt64l/region/se_FI.res" 1543
"../../../Engine/Content/Internationalization/icudt64l/region/se.res" 1544
"../../../Engine/Content/Internationalization/icudt64l/lang/seh.res" 1545
"../../../Engine/Content/Internationalization/icudt64l/region/seh.res" 1546
"../../../Engine/Content/Internationalization/icudt64l/lang/ses.res" 1547
"../../../Engine/Content/Internationalization/icudt64l/region/ses.res" 1548
"../../../Engine/Content/Internationalization/icudt64l/lang/sg.res" 1549
"../../../Engine/Content/Internationalization/icudt64l/region/sg.res" 1550
"../../../Engine/Content/Internationalization/icudt64l/lang/shi.res" 1551
"../../../Engine/Content/Internationalization/icudt64l/lang/shi_Latn.res" 1552
"../../../Engine/Content/Internationalization/icudt64l/lang/shi_MA.res" 1553
"../../../Engine/Content/Internationalization/icudt64l/lang/shi_Tfng_MA.res" 1554
"../../../Engine/Content/Internationalization/icudt64l/lang/shi_Tfng.res" 1555
"../../../Engine/Content/Internationalization/icudt64l/region/shi_MA.res" 1556
"../../../Engine/Content/Internationalization/icudt64l/region/shi_Tfng_MA.res" 1557
"../../../Engine/Content/Internationalization/icudt64l/region/shi_Tfng.res" 1558
"../../../Engine/Content/Internationalization/icudt64l/region/shi.res" 1559
"../../../Engine/Content/Internationalization/icudt64l/region/shi_Latn.res" 1560
"../../../Engine/Content/Internationalization/icudt64l/lang/si.res" 1561
"../../../Engine/Content/Internationalization/icudt64l/region/si.res" 1562
"../../../Engine/Content/Internationalization/icudt64l/lang/sk.res" 1563
"../../../Engine/Content/Internationalization/icudt64l/region/sk.res" 1564
"../../../Engine/Content/Internationalization/icudt64l/lang/sl.res" 1565
"../../../Engine/Content/Internationalization/icudt64l/region/sl.res" 1566
"../../../Engine/Content/Internationalization/icudt64l/lang/smn.res" 1567
"../../../Engine/Content/Internationalization/icudt64l/region/smn.res" 1568
"../../../Engine/Content/Internationalization/icudt64l/lang/sn.res" 1569
"../../../Engine/Content/Internationalization/icudt64l/region/sn.res" 1570
"../../../Engine/Content/Internationalization/icudt64l/lang/so.res" 1571
"../../../Engine/Content/Internationalization/icudt64l/region/so.res" 1572
"../../../Engine/Content/Internationalization/icudt64l/lang/sq.res" 1573
"../../../Engine/Content/Internationalization/icudt64l/region/sq.res" 1574
"../../../Engine/Content/Internationalization/icudt64l/lang/sr.res" 1575
"../../../Engine/Content/Internationalization/icudt64l/lang/sr_Cyrl.res" 1576
"../../../Engine/Content/Internationalization/icudt64l/lang/sr_BA.res" 1577
"../../../Engine/Content/Internationalization/icudt64l/lang/sr_Cyrl_BA.res" 1578
"../../../Engine/Content/Internationalization/icudt64l/region/sr_BA.res" 1579
"../../../Engine/Content/Internationalization/icudt64l/region/sr_Cyrl_BA.res" 1580
"../../../Engine/Content/Internationalization/icudt64l/region/sr_Cyrl.res" 1581
"../../../Engine/Content/Internationalization/icudt64l/region/sr.res" 1582
"../../../Engine/Content/Internationalization/icudt64l/lang/sr_ME.res" 1583
"../../../Engine/Content/Internationalization/icudt64l/lang/sr_Latn_ME.res" 1584
"../../../Engine/Content/Internationalization/icudt64l/lang/sr_Latn.res" 1585
"../../../Engine/Content/Internationalization/icudt64l/region/sr_ME.res" 1586
"../../../Engine/Content/Internationalization/icudt64l/region/sr_Latn_ME.res" 1587
"../../../Engine/Content/Internationalization/icudt64l/region/sr_Latn.res" 1588
"../../../Engine/Content/Internationalization/icudt64l/lang/sr_Cyrl_ME.res" 1589
"../../../Engine/Content/Internationalization/icudt64l/region/sr_Cyrl_ME.res" 1590
"../../../Engine/Content/Internationalization/icudt64l/lang/sr_RS.res" 1591
"../../../Engine/Content/Internationalization/icudt64l/lang/sr_Cyrl_RS.res" 1592
"../../../Engine/Content/Internationalization/icudt64l/region/sr_RS.res" 1593
"../../../Engine/Content/Internationalization/icudt64l/region/sr_Cyrl_RS.res" 1594
"../../../Engine/Content/Internationalization/icudt64l/lang/sr_XK.res" 1595
"../../../Engine/Content/Internationalization/icudt64l/lang/sr_Cyrl_XK.res" 1596
"../../../Engine/Content/Internationalization/icudt64l/region/sr_XK.res" 1597
"../../../Engine/Content/Internationalization/icudt64l/region/sr_Cyrl_XK.res" 1598
"../../../Engine/Content/Internationalization/icudt64l/lang/sr_Latn_BA.res" 1599
"../../../Engine/Content/Internationalization/icudt64l/region/sr_Latn_BA.res" 1600
"../../../Engine/Content/Internationalization/icudt64l/lang/sr_Latn_RS.res" 1601
"../../../Engine/Content/Internationalization/icudt64l/region/sr_Latn_RS.res" 1602
"../../../Engine/Content/Internationalization/icudt64l/lang/sr_Latn_XK.res" 1603
"../../../Engine/Content/Internationalization/icudt64l/region/sr_Latn_XK.res" 1604
"../../../Engine/Content/Internationalization/icudt64l/lang/sv.res" 1605
"../../../Engine/Content/Internationalization/icudt64l/region/sv.res" 1606
"../../../Engine/Content/Internationalization/icudt64l/lang/sv_FI.res" 1607
"../../../Engine/Content/Internationalization/icudt64l/lang/sw.res" 1608
"../../../Engine/Content/Internationalization/icudt64l/lang/sw_CD.res" 1609
"../../../Engine/Content/Internationalization/icudt64l/region/sw_CD.res" 1610
"../../../Engine/Content/Internationalization/icudt64l/region/sw.res" 1611
"../../../Engine/Content/Internationalization/icudt64l/lang/sw_KE.res" 1612
"../../../Engine/Content/Internationalization/icudt64l/region/sw_KE.res" 1613
"../../../Engine/Content/Internationalization/icudt64l/lang/ta.res" 1614
"../../../Engine/Content/Internationalization/icudt64l/region/ta.res" 1615
"../../../Engine/Content/Internationalization/icudt64l/lang/te.res" 1616
"../../../Engine/Content/Internationalization/icudt64l/region/te.res" 1617
"../../../Engine/Content/Internationalization/icudt64l/lang/teo.res" 1618
"../../../Engine/Content/Internationalization/icudt64l/region/teo.res" 1619
"../../../Engine/Content/Internationalization/icudt64l/lang/tg.res" 1620
"../../../Engine/Content/Internationalization/icudt64l/region/tg.res" 1621
"../../../Engine/Content/Internationalization/icudt64l/lang/th.res" 1622
"../../../Engine/Content/Internationalization/icudt64l/lang/th_TH.res" 1623
"../../../Engine/Content/Internationalization/icudt64l/region/th_TH.res" 1624
"../../../Engine/Content/Internationalization/icudt64l/region/th.res" 1625
"../../../Engine/Content/Internationalization/icudt64l/lang/ti.res" 1626
"../../../Engine/Content/Internationalization/icudt64l/region/ti.res" 1627
"../../../Engine/Content/Internationalization/icudt64l/lang/tk.res" 1628
"../../../Engine/Content/Internationalization/icudt64l/region/tk.res" 1629
"../../../Engine/Content/Internationalization/icudt64l/lang/to.res" 1630
"../../../Engine/Content/Internationalization/icudt64l/region/to.res" 1631
"../../../Engine/Content/Internationalization/icudt64l/lang/tr.res" 1632
"../../../Engine/Content/Internationalization/icudt64l/region/tr.res" 1633
"../../../Engine/Content/Internationalization/icudt64l/lang/tt.res" 1634
"../../../Engine/Content/Internationalization/icudt64l/region/tt.res" 1635
"../../../Engine/Content/Internationalization/icudt64l/lang/twq.res" 1636
"../../../Engine/Content/Internationalization/icudt64l/region/twq.res" 1637
"../../../Engine/Content/Internationalization/icudt64l/lang/tzm.res" 1638
"../../../Engine/Content/Internationalization/icudt64l/region/tzm.res" 1639
"../../../Engine/Content/Internationalization/icudt64l/lang/ug.res" 1640
"../../../Engine/Content/Internationalization/icudt64l/region/ug.res" 1641
"../../../Engine/Content/Internationalization/icudt64l/lang/uk.res" 1642
"../../../Engine/Content/Internationalization/icudt64l/region/uk.res" 1643
"../../../Engine/Content/Internationalization/icudt64l/lang/ur.res" 1644
"../../../Engine/Content/Internationalization/icudt64l/lang/ur_IN.res" 1645
"../../../Engine/Content/Internationalization/icudt64l/region/ur_IN.res" 1646
"../../../Engine/Content/Internationalization/icudt64l/region/ur.res" 1647
"../../../Engine/Content/Internationalization/icudt64l/lang/uz.res" 1648
"../../../Engine/Content/Internationalization/icudt64l/lang/uz_Arab.res" 1649
"../../../Engine/Content/Internationalization/icudt64l/lang/uz_AF.res" 1650
"../../../Engine/Content/Internationalization/icudt64l/lang/uz_Arab_AF.res" 1651
"../../../Engine/Content/Internationalization/icudt64l/region/uz_AF.res" 1652
"../../../Engine/Content/Internationalization/icudt64l/region/uz_Arab_AF.res" 1653
"../../../Engine/Content/Internationalization/icudt64l/region/uz_Arab.res" 1654
"../../../Engine/Content/Internationalization/icudt64l/lang/uz_Cyrl.res" 1655
"../../../Engine/Content/Internationalization/icudt64l/lang/uz_UZ.res" 1656
"../../../Engine/Content/Internationalization/icudt64l/lang/uz_Latn_UZ.res" 1657
"../../../Engine/Content/Internationalization/icudt64l/lang/uz_Latn.res" 1658
"../../../Engine/Content/Internationalization/icudt64l/region/uz_UZ.res" 1659
"../../../Engine/Content/Internationalization/icudt64l/region/uz_Latn_UZ.res" 1660
"../../../Engine/Content/Internationalization/icudt64l/region/uz_Latn.res" 1661
"../../../Engine/Content/Internationalization/icudt64l/region/uz.res" 1662
"../../../Engine/Content/Internationalization/icudt64l/region/uz_Cyrl.res" 1663
"../../../Engine/Content/Internationalization/icudt64l/lang/vai.res" 1664
"../../../Engine/Content/Internationalization/icudt64l/lang/vai_Latn.res" 1665
"../../../Engine/Content/Internationalization/icudt64l/lang/vai_LR.res" 1666
"../../../Engine/Content/Internationalization/icudt64l/lang/vai_Vaii_LR.res" 1667
"../../../Engine/Content/Internationalization/icudt64l/lang/vai_Vaii.res" 1668
"../../../Engine/Content/Internationalization/icudt64l/region/vai_LR.res" 1669
"../../../Engine/Content/Internationalization/icudt64l/region/vai_Vaii_LR.res" 1670
"../../../Engine/Content/Internationalization/icudt64l/region/vai_Vaii.res" 1671
"../../../Engine/Content/Internationalization/icudt64l/region/vai.res" 1672
"../../../Engine/Content/Internationalization/icudt64l/region/vai_Latn.res" 1673
"../../../Engine/Content/Internationalization/icudt64l/lang/vi.res" 1674
"../../../Engine/Content/Internationalization/icudt64l/region/vi.res" 1675
"../../../Engine/Content/Internationalization/icudt64l/lang/vun.res" 1676
"../../../Engine/Content/Internationalization/icudt64l/region/vun.res" 1677
"../../../Engine/Content/Internationalization/icudt64l/lang/wae.res" 1678
"../../../Engine/Content/Internationalization/icudt64l/region/wae.res" 1679
"../../../Engine/Content/Internationalization/icudt64l/lang/wo.res" 1680
"../../../Engine/Content/Internationalization/icudt64l/region/wo.res" 1681
"../../../Engine/Content/Internationalization/icudt64l/lang/xh.res" 1682
"../../../Engine/Content/Internationalization/icudt64l/region/xh.res" 1683
"../../../Engine/Content/Internationalization/icudt64l/lang/xog.res" 1684
"../../../Engine/Content/Internationalization/icudt64l/region/xog.res" 1685
"../../../Engine/Content/Internationalization/icudt64l/lang/yav.res" 1686
"../../../Engine/Content/Internationalization/icudt64l/region/yav.res" 1687
"../../../Engine/Content/Internationalization/icudt64l/lang/yi.res" 1688
"../../../Engine/Content/Internationalization/icudt64l/region/yi.res" 1689
"../../../Engine/Content/Internationalization/icudt64l/lang/yo.res" 1690
"../../../Engine/Content/Internationalization/icudt64l/lang/yo_BJ.res" 1691
"../../../Engine/Content/Internationalization/icudt64l/region/yo_BJ.res" 1692
"../../../Engine/Content/Internationalization/icudt64l/region/yo.res" 1693
"../../../Engine/Content/Internationalization/icudt64l/lang/yue.res" 1694
"../../../Engine/Content/Internationalization/icudt64l/lang/yue_Hans.res" 1695
"../../../Engine/Content/Internationalization/icudt64l/lang/yue_CN.res" 1696
"../../../Engine/Content/Internationalization/icudt64l/lang/yue_Hans_CN.res" 1697
"../../../Engine/Content/Internationalization/icudt64l/region/yue_CN.res" 1698
"../../../Engine/Content/Internationalization/icudt64l/region/yue_Hans_CN.res" 1699
"../../../Engine/Content/Internationalization/icudt64l/region/yue_Hans.res" 1700
"../../../Engine/Content/Internationalization/icudt64l/lang/yue_Hant.res" 1701
"../../../Engine/Content/Internationalization/icudt64l/lang/yue_HK.res" 1702
"../../../Engine/Content/Internationalization/icudt64l/lang/yue_Hant_HK.res" 1703
"../../../Engine/Content/Internationalization/icudt64l/region/yue_HK.res" 1704
"../../../Engine/Content/Internationalization/icudt64l/region/yue_Hant_HK.res" 1705
"../../../Engine/Content/Internationalization/icudt64l/region/yue_Hant.res" 1706
"../../../Engine/Content/Internationalization/icudt64l/region/yue.res" 1707
"../../../Engine/Content/Internationalization/icudt64l/lang/zgh.res" 1708
"../../../Engine/Content/Internationalization/icudt64l/region/zgh.res" 1709
"../../../Engine/Content/Internationalization/icudt64l/lang/zh_HK.res" 1710
"../../../Engine/Content/Internationalization/icudt64l/lang/zh_Hant_HK.res" 1711
"../../../Engine/Content/Internationalization/icudt64l/lang/zh_Hant.res" 1712
"../../../Engine/Content/Internationalization/icudt64l/region/zh_HK.res" 1713
"../../../Engine/Content/Internationalization/icudt64l/region/zh_Hant_HK.res" 1714
"../../../Engine/Content/Internationalization/icudt64l/region/zh_Hant.res" 1715
"../../../Engine/Content/Internationalization/icudt64l/lang/zh_MO.res" 1716
"../../../Engine/Content/Internationalization/icudt64l/lang/zh_Hant_MO.res" 1717
"../../../Engine/Content/Internationalization/icudt64l/region/zh_MO.res" 1718
"../../../Engine/Content/Internationalization/icudt64l/region/zh_Hant_MO.res" 1719
"../../../Engine/Content/Internationalization/icudt64l/lang/zh_SG.res" 1720
"../../../Engine/Content/Internationalization/icudt64l/lang/zh_Hans_SG.res" 1721
"../../../Engine/Content/Internationalization/icudt64l/region/zh_SG.res" 1722
"../../../Engine/Content/Internationalization/icudt64l/region/zh_Hans_SG.res" 1723
"../../../Engine/Content/Internationalization/icudt64l/lang/zh_TW.res" 1724
"../../../Engine/Content/Internationalization/icudt64l/lang/zh_Hant_TW.res" 1725
"../../../Engine/Content/Internationalization/icudt64l/region/zh_TW.res" 1726
"../../../Engine/Content/Internationalization/icudt64l/region/zh_Hant_TW.res" 1727
"../../../Engine/Content/Internationalization/icudt64l/lang/zu.res" 1728
"../../../Engine/Content/Internationalization/icudt64l/region/zu.res" 1729
"../../../Engine/Content/Internationalization/icudt64l/lang/no.res" 1730
"../../../Engine/Content/Internationalization/icudt64l/lang/tl.res" 1731
"../../../Engine/Config/Android/DataDrivenPlatformInfo.ini" 1732
"../../../Engine/Config/IOS/DataDrivenPlatformInfo.ini" 1733
"../../../Engine/Config/Linux/DataDrivenPlatformInfo.ini" 1734
"../../../Engine/Config/LinuxArm64/DataDrivenPlatformInfo.ini" 1735
"../../../Engine/Config/Mac/DataDrivenPlatformInfo.ini" 1736
"../../../Engine/Config/TVOS/DataDrivenPlatformInfo.ini" 1737
"../../../Engine/Config/Unix/DataDrivenPlatformInfo.ini" 1738
"../../../Engine/Config/VulkanPC/DataDrivenPlatformInfo.ini" 1739
"../../../Engine/Config/Windows/DataDrivenPlatformInfo.ini" 1740
"../../../Engine/DerivedDataCache/Compressed.ddp" 1741
"C:/Users/zxxuh/AppData/Local/UnrealEngine/Common/DerivedDataCache/TestData/0/TestData_4kb.dat" 1742
"C:/Users/zxxuh/AppData/Local/UnrealEngine/Common/DerivedDataCache/TestData/1/TestData_4kb.dat" 1743
"C:/Users/zxxuh/AppData/Local/UnrealEngine/Common/DerivedDataCache/TestData/0/TestData_8kb.dat" 1744
"C:/Users/zxxuh/AppData/Local/UnrealEngine/Common/DerivedDataCache/TestData/1/TestData_8kb.dat" 1745
"C:/Users/zxxuh/AppData/Local/UnrealEngine/Common/DerivedDataCache/TestData/0/TestData_16kb.dat" 1746
"C:/Users/zxxuh/AppData/Local/UnrealEngine/Common/DerivedDataCache/TestData/1/TestData_16kb.dat" 1747
"C:/Users/zxxuh/AppData/Local/UnrealEngine/Common/DerivedDataCache/TestData/0/TestData_64kb.dat" 1748
"C:/Users/zxxuh/AppData/Local/UnrealEngine/Common/DerivedDataCache/TestData/1/TestData_64kb.dat" 1749
"C:/Users/zxxuh/AppData/Local/UnrealEngine/Common/DerivedDataCache/TestData/0/TestData_128kb.dat" 1750
"C:/Users/zxxuh/AppData/Local/UnrealEngine/Common/DerivedDataCache/TestData/1/TestData_128kb.dat" 1751
"C:/Users/zxxuh/AppData/Local/UnrealEngine/Common/DerivedDataCache/TestData/0/TestData_256kb.dat" 1752
"C:/Users/zxxuh/AppData/Local/UnrealEngine/Common/DerivedDataCache/TestData/1/TestData_256kb.dat" 1753
"../../../Engine/Plugins/FX/Niagara/Shaders/Private/NiagaraSpriteVertexFactory.ush" 1754
"../../../Engine/Shaders/Private/VertexFactoryCommon.ush" 1755
"../../../Engine/Shaders/Private/Common.ush" 1756
"../../../Engine/Shaders/Public/Platform.ush" 1757
"../../../Engine/Shaders/Public/FP16Math.ush" 1758
"../../../Engine/Shaders/Public/Platform/D3D/D3DCommon.ush" 1759
"../../../Engine/Shaders/Public/BindlessResources.ush" 1760
"../../../Engine/Shaders/Public/OverloadMacros.ush" 1761
"../../../Engine/Shaders/Public/ShaderVersion.ush" 1762
"../../../Engine/Shaders/Private/PackUnpack.ush" 1763
"../../../Engine/Shaders/Private/GeneratedUniformBufferTypes.ush" 1764
"../../../Engine/Shaders/Private/Nanite/NanitePackedNaniteView.ush" 1765
"../../../Engine/Shaders/Private/HairStrands/HairStrandsVisibilityCommonStruct.ush" 1766
"../../../Engine/Shaders/Private/HairStrands/HairStrandsVoxelPageCommonStruct.ush" 1767
"../../../Engine/Shaders/Private/HairStrands/HairStrandsDeepShadowCommonStruct.ush" 1768
"../../../Engine/Shaders/Shared/LightSceneData.h" 1769
"../../../Engine/Shaders/Shared/HLSLTypeAliases.h" 1770
"../../../Engine/Shaders/Private/LargeWorldCoordinates.ush" 1771
"../../../Engine/Shaders/Private/LWCOperations.ush" 1772
"../../../Engine/Shaders/Private/CommonViewUniformBuffer.ush" 1773
"../../../Engine/Shaders/Private/InstancedStereo.ush" 1774
"../../../Engine/Shaders/Private/Definitions.usf" 1775
"../../../Engine/Shaders/Private/AssertionMacros.ush" 1776
"../../../Engine/Shaders/Private/FastMath.ush" 1777
"../../../Engine/Shaders/Private/FastMathThirdParty.ush" 1778
"../../../Engine/Shaders/Private/Random.ush" 1779
"../../../Engine/Shaders/Private/SceneData.ush" 1780
"../../../Engine/Shaders/Private/OctahedralCommon.ush" 1781
"../../../Engine/Shaders/Shared/SceneDefinitions.h" 1782
"../../../Engine/Shaders/Private/ParticleVertexFactoryCommon.ush" 1783
"../../../Engine/Plugins/FX/Niagara/Shaders/Private/NiagaraVFCommon.usf" 1784
"../../../Engine/Plugins/FX/Niagara/Shaders/Private/NiagaraVFParticleAccess.usf" 1785
"../../../Engine/Plugins/FX/Niagara/Shaders/Private/NiagaraParticleAccess.ush" 1786
"../../../Engine/Shaders/Private/VertexFactoryDefaultInterface.ush" 1787
"../../../Engine/Plugins/FX/Niagara/Shaders/Private/NiagaraRibbonVertexFactory.ush" 1788
"../../../Engine/Plugins/FX/Niagara/Shaders/Private/NiagaraMeshVertexFactory.ush" 1789
"../../../Engine/Plugins/FX/Niagara/Shaders/Private/NiagaraCommon.ush" 1790
"../../../Engine/Plugins/FX/Niagara/Shaders/Private/NiagaraMeshParticleUtils.ush" 1791
"../../../Engine/Shaders/Private/RayTracing/RayTracingCommon.ush" 1792
"../../../Engine/Shaders/Private/ShadingCommon.ush" 1793
"../../../Engine/Shaders/Shared/RayTracingDefinitions.h" 1794
"../../../Engine/Shaders/Shared/RayTracingPayloadType.h" 1795
"../../../Engine/Shaders/Shared/HLSLStaticAssert.h" 1796
"../../../Engine/Shaders/Private/RayTracing/RayTracingRayCone.ush" 1797
"../../../Engine/Shaders/Private/Strata/Strata.ush" 1798
"../../../Engine/Shaders/Private/ShadingEnergyConservation.ush" 1799
"../../../Engine/Shaders/Private/ShadingEnergyConservationTemplate.ush" 1800
"../../../Engine/Shaders/Private/BRDF.ush" 1801
"../../../Engine/Shaders/Private/ColorSpace.ush" 1802
"../../../Engine/Shaders/Private/DeferredShadingCommon.ush" 1803
"../../../Engine/Shaders/Private/LightAccumulator.ush" 1804
"../../../Engine/Shaders/Private/SceneTexturesCommon.ush" 1805
"../../../Engine/Shaders/Private/MonteCarlo.ush" 1806
"../../../Engine/Shaders/Private/GBufferHelpers.ush" 1807
"../../../Engine/Shaders/Private/SceneTextureParameters.ush" 1808
"D:/demo/Minecraft_RTS/Minecraft_RTS/Intermediate/ShaderAutogen/PCD3D_SM5/AutogenShaderHeaders.ush" 1809
"../../../Engine/Shaders/Private/ParticipatingMediaCommon.ush" 1810
"../../../Engine/Shaders/Private/ThinFilmBSDF.ush" 1811
"../../../Engine/Shaders/Private/MortonCode.ush" 1812
"../../../Engine/Shaders/Private/SubsurfaceProfileCommon.ush" 1813
"../../../Engine/Shaders/Private/BurleyNormalizedSSSCommon.ush" 1814
"../../../Engine/Shaders/Private/GammaCorrectionCommon.ush" 1815
"../../../Engine/Shaders/Shared/StrataDefinitions.h" 1816
"../../../Engine/Shaders/Private/Strata/StrataStatisticalOperators.ush" 1817
"../../../Engine/Shaders/Private/Strata/StrataSubsurface.ush" 1818
"../../../Engine/Shaders/Private/TransmissionCommon.ush" 1819
"../../../Engine/Shaders/Private/RayTracing/RayTracingCommonMetal.ush" 1820
"../../../Engine/Shaders/Private/PositionReconstructionCommon.ush" 1821
"../../../Engine/Shaders/Private/RayTracing/TraceRayInline.ush" 1822
"../../../Engine/Shaders/Private/RayTracing/TraceRayInlineCommon.ush" 1823
"../../../Engine/Shaders/Private/RayTracing/TraceRayInlineVulkan.ush" 1824
"../../../Engine/Shaders/Private/RayTracing/TraceRayInlineMetal.ush" 1825
"../../../Engine/Shaders/Private/RayTracing/RayTracingHitGroupCommon.ush" 1826
"../../../Engine/Shaders/Shared/RayTracingBuiltInResources.h" 1827
"../../../Engine/Shaders/Private/Nanite/NaniteDataDecode.ush" 1828
"../../../Engine/Shaders/Private/BitPacking.ush" 1829
"../../../Engine/Shaders/Private/BitStreamReaderImplementation.ush" 1830
"../../../Engine/Shaders/Shared/NaniteDefinitions.h" 1831
"../../../Engine/Shaders/Private/Nanite/NaniteAttributeDecode.ush" 1832
"../../../Engine/Shaders/Private/VectorFieldVisualizationVertexFactory.ush" 1833
"../../../Engine/Shaders/Private/Nanite/NaniteVertexFactory.ush" 1834
"../../../Engine/Shaders/Private/LightmapData.ush" 1835
"../../../Engine/Shaders/Private/SplineMeshCommon.ush" 1836
"../../../Engine/Shaders/Shared/SplineMeshShaderParams.h" 1837
"../../../Engine/Shaders/Private/Quaternion.ush" 1838
"../../../Engine/Shaders/Private/ShaderPrint.ush" 1839
"../../../Engine/Shaders/Private/ShaderPrintCommon.ush" 1840
"../../../Engine/Shaders/Private/MiniFontCommon.ush" 1841
"../../../Engine/Shaders/Private/ParticleSpriteVertexFactory.ush" 1842
"../../../Engine/Shaders/Private/ParticleGPUSpriteVertexFactory.ush" 1843
"../../../Engine/Shaders/Private/ParticleBeamTrailVertexFactory.ush" 1844
"../../../Engine/Shaders/Private/MeshParticleVertexFactory.ush" 1845
"../../../Engine/Shaders/Private/LocalVertexFactory.ush" 1846
"../../../Engine/Shaders/Private/LocalVertexFactoryCommon.ush" 1847
"../../../Engine/Shaders/Private/GpuSkinCommon.ush" 1848
"../../../Engine/Shaders/Private/GpuSkinVertexFactory.ush" 1849
"../../../Engine/Shaders/Private/GeometryCollectionVertexFactory.ush" 1850
"../../../Engine/Shaders/Private/GeometryCacheVertexFactory.ush" 1851
"../../../Engine/Shaders/Private/LandscapeVertexFactory.ush" 1852
"../../../Engine/Plugins/Media/WmfMedia/Shaders/Private/MediaHardwareVideoDecoding.usf" 1853
"../../../Engine/Shaders/Private/ColorUtils.ush" 1854
"../../../Engine/Plugins/Media/ImgMedia/Shaders/Private/ExrSwizzler.usf" 1855
"../../../Engine/Plugins/FX/Niagara/Shaders/Private/NiagaraSVTToDenseBuffer.usf" 1856
"../../../Engine/Shaders/Private/SparseVolumeTexture/SparseVolumeTextureCommon.ush" 1857
"../../../Engine/Plugins/FX/Niagara/Shaders/Private/NiagaraFillIntBuffer.usf" 1858
"../../../Engine/Plugins/FX/Niagara/Shaders/Private/NiagaraComputeFreeIDs.usf" 1859
"../../../Engine/Plugins/FX/Niagara/Shaders/Private/NiagaraInitFreeIDBuffer.usf" 1860
"../../../Engine/Plugins/FX/Niagara/Shaders/Private/NiagaraEmitterInstanceShader.usf" 1861
"../../../Engine/Plugins/FX/Niagara/Shaders/Private/NiagaraShaderVersion.ush" 1862
"../../../Engine/Shaders/Private/DistanceField/GlobalDistanceFieldShared.ush" 1863
"../../../Engine/Plugins/FX/Niagara/Shaders/Private/NiagaraPhysicsCommon.ush" 1864
"../../../Engine/Plugins/FX/Niagara/Shaders/Private/Ribbons/NiagaraRibbonGenerateIndices.usf" 1865
"../../../Engine/Plugins/FX/Niagara/Shaders/Private/Ribbons/NiagaraRibbonCommon.ush" 1866
"../../../Engine/Plugins/FX/Niagara/Shaders/Private/Ribbons/NiagaraRibbonInitializeIndices.usf" 1867
"../../../Engine/Plugins/FX/Niagara/Shaders/Private/Ribbons/NiagaraRibbonRibbonUVParamCalculation.usf" 1868
"../../../Engine/Plugins/FX/Niagara/Shaders/Private/Ribbons/NiagaraRibbonVertexReductionFinalization.usf" 1869
"../../../Engine/Plugins/FX/Niagara/Shaders/Private/Ribbons/NiagaraRibbonVertexReductionPropagation.usf" 1870
"../../../Engine/Plugins/FX/Niagara/Shaders/Private/Ribbons/NiagaraRibbonVertexReductionInitialization.usf" 1871
"../../../Engine/Plugins/FX/Niagara/Shaders/Private/Ribbons/NiagaraRibbonSortParticles.usf" 1872
"../../../Engine/Plugins/FX/Niagara/Shaders/Private/NiagaraUpdateMeshGPUSceneInstances.usf" 1873
"../../../Engine/Shaders/Private/ComputeShaderUtils.ush" 1874
"../../../Engine/Shaders/Private/GPUScene/GPUSceneWriter.ush" 1875
"../../../Engine/Plugins/FX/Niagara/Shaders/Private/NiagaraGenerateMips.usf" 1876
"../../../Engine/Plugins/FX/Niagara/Shaders/Private/NiagaraDebugDraw.usf" 1877
"../../../Engine/Plugins/FX/Niagara/Shaders/Private/NiagaraDebugDraw.ush" 1878
"../../../Engine/Plugins/FX/Niagara/Shaders/Private/NiagaraVisualizeTexture.usf" 1879
"../../../Engine/Plugins/FX/Niagara/Shaders/Private/NiagaraClearCounts.usf" 1880
"../../../Engine/Plugins/FX/Niagara/Shaders/Private/NiagaraBatchedElements.usf" 1881
"../../../Engine/Plugins/FX/Niagara/Shaders/Private/NiagaraRayTracingShaders.usf" 1882
"../../../Engine/Plugins/FX/Niagara/Shaders/Private/NiagaraAsyncGpuTraceCommon.ush" 1883
"../../../Engine/Shaders/Private/HashTable.ush" 1884
"../../../Engine/Shaders/Private/Hash.ush" 1885
"../../../Engine/Shaders/Private/RayTracing/VFXTraceRay.ush" 1886
"../../../Engine/Plugins/FX/Niagara/Shaders/Private/NiagaraRayMarchingShaders.usf" 1887
"../../../Engine/Plugins/FX/Niagara/Shaders/Private/NiagaraRayTraceCollisionGroupShaders.usf" 1888
"../../../Engine/Plugins/FX/Niagara/Shaders/Private/NiagaraAsyncGpuTraceUtils.usf" 1889
"../../../Engine/Plugins/FX/Niagara/Shaders/Private/NiagaraSortKeyGen.usf" 1890
"../../../Engine/Plugins/FX/Niagara/Shaders/Private/NiagaraGPURayTracingTransforms.usf" 1891
"../../../Engine/Plugins/FX/Niagara/Shaders/Private/NiagaraDrawIndirectArgsGen.usf" 1892
"../../../Engine/Plugins/FX/Niagara/Shaders/Private/NiagaraDispatchIndirectArgsGen.usf" 1893
"../../../Engine/Plugins/Enterprise/GLTFExporter/Shaders/Private/SimpleTexture2DPS.usf" 1894
"../../../Engine/Shaders/Private/SimpleElementNormalMapPixelShader.usf" 1895
"../../../Engine/Shaders/Private/SlateElementPixelShader.usf" 1896
"../../../Engine/Shaders/Private/SlateShaderCommon.ush" 1897
"../../../Engine/Shaders/Private/MaterialTemplate.ush" 1898
"../../../Engine/Shaders/Private/EyeAdaptationCommon.ush" 1899
"../../../Engine/Shaders/Private/SobolRandom.ush" 1900
"../../../Engine/Shaders/Private/DepthOfFieldCommon.ush" 1901
"../../../Engine/Shaders/Private/CircleDOFCommon.ush" 1902
"../../../Engine/Shaders/Private/PhysicsFieldSampler.ush" 1903
"../../../Engine/Shaders/Private/PhysicsFieldShared.ush" 1904
"../../../Engine/Shaders/Private/HairShadingCommon.ush" 1905
"../../../Engine/Shaders/Private/HairStrands/HairCardsAttributeCommon.ush" 1906
"../../../Engine/Shaders/Private/HairStrands/HairStrandsVertexFactoryCommon.ush" 1907
"../../../Engine/Shaders/Shared/HairStrandsDefinitions.h" 1908
"../../../Engine/Shaders/Private/HairStrands/HairStrandsPack.ush" 1909
"../../../Engine/Shaders/Private/HairStrands/HairStrandsAttributeCommon.ush" 1910
"../../../Engine/Shaders/Private/HairStrands/HairStrandsAttributeTemplate.ush" 1911
"../../../Engine/Shaders/Private/SpeedTreeCommon.ush" 1912
"../../../Engine/Shaders/Private/VirtualTextureCommon.ush" 1913
"../../../Engine/Shaders/Private/MaterialTexture.ush" 1914
"../../../Engine/Shaders/Private/MinMaterialTexCoords.ush" 1915
"../../../Engine/Shaders/Private/SkyAtmosphereCommon.ush" 1916
"../../../Engine/Shaders/Private/SingleLayerWaterCommon.ush" 1917
"../../../Engine/Shaders/Private/TextureSampling.ush" 1918
"../../../Engine/Shaders/Private/PaniniProjection.ush" 1919
"../../../Engine/Shaders/Private/DBufferNormalReprojection.ush" 1920
"../../../Engine/Shaders/Private/Strata/StrataTree.ush" 1921
"../../../Engine/Shaders/Private/Strata/StrataEvaluation.ush" 1922
"../../../Engine/Shaders/Private/Strata/Glint/GlintThirdParty.ush" 1923
"../../../Engine/Shaders/Private/BlueNoise.ush" 1924
"../../../Engine/Shaders/Private/SHCommon.ush" 1925
"../../../Engine/Shaders/Private/ShadingModels.ush" 1926
"../../../Engine/Shaders/Private/CapsuleLight.ush" 1927
"../../../Engine/Shaders/Private/RectLight.ush" 1928
"../../../Engine/Shaders/Private/LightData.ush" 1929
"../../../Engine/Shaders/Private/AreaLightCommon.ush" 1930
"../../../Engine/Shaders/Private/HairBsdf.ush" 1931
"../../../Engine/Shaders/Private/MobileGGX.ush" 1932
"../../../Engine/Shaders/Private/ShadingModelsSampling.ush" 1933
"../../../Engine/Shaders/Private/HairStrands/HairBsdfSample.ush" 1934
"../../../Engine/Shaders/Private/HairStrands/HairStrandsCommon.ush" 1935
"../../../Engine/Shaders/Private/HairStrands/HairStrandsDeepTransmittanceCommon.ush" 1936
"../../../Engine/Shaders/Private/HairStrands/HairStrandsDeepTransmittanceDualScattering.ush" 1937
"../../../Engine/Shaders/Private/HairStrands/HairStrandsEnvironmentLightingCommon.ush" 1938
"../../../Engine/Shaders/Private/Strata/StrataLegacyConversion.ush" 1939
"../../../Engine/Shaders/Private/DBufferDecalShared.ush" 1940
"../../../Engine/Shaders/Private/CompositeUIPixelShader.usf" 1941
"../../../Engine/Shaders/Private/TonemapCommon.ush" 1942
"../../../Engine/Shaders/Private/ACES.ush" 1943
"../../../Engine/Shaders/Private/ColorDeficiency.ush" 1944
"../../../Engine/Shaders/Private/SlateMaskingShader.usf" 1945
"../../../Engine/Shaders/Private/SlatePostProcessColorDeficiencyPixelShader.usf" 1946
"../../../Engine/Shaders/Private/SlatePostProcessPixelShader.usf" 1947
"../../../Engine/Shaders/Private/SlateVertexShader.usf" 1948
"../../../Engine/Shaders/Private/TranslucentLightingShaders.usf" 1949
"../../../Engine/Shaders/Private/ShadowProjectionCommon.ush" 1950
"../../../Engine/Shaders/Private/CubemapCommon.ush" 1951
"../../../Engine/Shaders/Private/VectorFieldCompositeShaders.usf" 1952
"../../../Engine/Shaders/Private/UpdateTextureShaders.usf" 1953
"../../../Engine/Shaders/Private/StereoLayerShader.usf" 1954
"../../../Engine/Shaders/Private/SparseVolumeTexture/UpdateSparseVolumeTexture.usf" 1955
"../../../Engine/Shaders/Private/MorphTargets.usf" 1956
"../../../Engine/Shaders/Private/SimpleElementColorChannelMaskPixelShader.usf" 1957
"../../../Engine/Shaders/Private/SimpleElementHitProxyPixelShader.usf" 1958
"../../../Engine/Shaders/Private/SimpleElementPixelShader.usf" 1959
"../../../Engine/Shaders/Private/IESLightProfilesCommon.ush" 1960
"../../../Engine/Shaders/Private/SimpleElementVertexShader.usf" 1961
"../../../Engine/Shaders/Private/ScreenPixelShaderOES.usf" 1962
"../../../Engine/Shaders/Private/ScreenVertexShader.usf" 1963
"../../../Engine/Shaders/Private/ScreenPixelShader.usf" 1964
"../../../Engine/Shaders/Private/SSProfilePreIntegratedMobile.usf" 1965
"../../../Engine/Shaders/Private/SpecularProfile.usf" 1966
"../../../Engine/Shaders/Private/Nanite/NaniteStreaming.usf" 1967
"../../../Engine/Shaders/Private/Nanite/NaniteStreaming.ush" 1968
"../../../Engine/Shaders/Private/WaveOpUtil.ush" 1969
"../../../Engine/Shaders/Private/Nanite/NaniteTranscode.usf" 1970
"../../../Engine/Shaders/Private/VolumetricLightmapStreaming.usf" 1971
"../../../Engine/Shaders/Private/PhysicsFieldReset.usf" 1972
"../../../Engine/Shaders/Private/PhysicsFieldBuilder.usf" 1973
"../../../Engine/Shaders/Private/PhysicsFieldEval.ush" 1974
"../../../Engine/Shaders/Private/ParticleSortKeyGen.usf" 1975
"../../../Engine/Shaders/Private/ParticleBoundsShader.usf" 1976
"../../../Engine/Shaders/Private/ParticleSimVisualizeShader.usf" 1977
"../../../Engine/Shaders/Private/ParticleInjectionShader.usf" 1978
"../../../Engine/Shaders/Private/ParticleSimulationShader.usf" 1979
"../../../Engine/Shaders/Private/ParticleCurveInjectionShader.usf" 1980
"../../../Engine/Shaders/Private/CopyUIntBuffer.usf" 1981
"../../../Engine/Shaders/Private/RadixSortShaders.usf" 1982
"../../../Engine/Shaders/Private/RecomputeTangentsPerVertexPass.usf" 1983
"../../../Engine/Shaders/Private/RecomputeTangentsCommon.ush" 1984
"../../../Engine/Shaders/Private/RecomputeTangentsPerTrianglePass.usf" 1985
"../../../Engine/Shaders/Private/GpuSkinCacheComputeShader.usf" 1986
"../../../Engine/Shaders/Private/HeightFieldAtlasManagement.usf" 1987
"../../../Engine/Shaders/Private/LandscapePhysicalMaterial.usf" 1988
"../../../Engine/Shaders/Private/LandscapeGrassWeight.usf" 1989
"../../../Engine/Shaders/Private/Landscape/LandscapeLayersWeightmapsPS.usf" 1990
"../../../Engine/Shaders/Private/Landscape/LandscapeLayersHeightmapsPS.usf" 1991
"../../../Engine/Shaders/Private/Landscape/LandscapeCommon.ush" 1992
"../../../Engine/Shaders/Private/LandscapeLayersCS.usf" 1993
"../../../Engine/Shaders/Private/LandscapeLayersPS.usf" 1994
"../../../Engine/Shaders/Private/LandscapeLayersVS.usf" 1995
"../../../Engine/Shaders/Private/Landscape/LandscapeCulling.usf" 1996
"../../../Engine/Shaders/Private/Nanite/NaniteHZBCull.ush" 1997
"../../../Engine/Shaders/Private/Landscape/LandscapeMergeHeightmapsPS.usf" 1998
"../../../Engine/Shaders/Private/WideCustomResolveShaders.usf" 1999
"../../../Engine/Shaders/Private/WideCustomResolve_Wide.ush" 2000
"../../../Engine/Shaders/Private/WideCustomResolve_Wider.ush" 2001
"../../../Engine/Shaders/Private/WideCustomResolve_Widest.ush" 2002
"../../../Engine/Shaders/Private/PageTableUpdate.usf" 2003
"../../../Engine/Shaders/Private/VirtualTextureCompress.usf" 2004
"../../../Engine/Shaders/Private/BlockCompressionCommon.ush" 2005
"../../../Engine/Shaders/Private/BCCompressionCommon.ush" 2006
"../../../Engine/Shaders/Private/ETCCompressionCommon.ush" 2007
"../../../Engine/Shaders/Private/VirtualTextureMaterial.usf" 2008
"../../../Engine/Shaders/Private/PixelShaderOutputCommon.ush" 2009
"../../../Engine/Shaders/Private/ShaderOutputCommon.ush" 2010
"../../../Engine/Shaders/Private/VolumetricRenderTarget.usf" 2011
"../../../Engine/Shaders/Private/VolumetricFogVoxelization.usf" 2012
"../../../Engine/Shaders/Private/VolumetricCloudMaterialPixelCommon.ush" 2013
"../../../Engine/Shaders/Private/VolumetricFogLightFunction.usf" 2014
"../../../Engine/Shaders/Private/LightFunctionCommon.ush" 2015
"../../../Engine/Shaders/Private/VolumetricFog.usf" 2016
"../../../Engine/Shaders/Private/DeferredLightingCommon.ush" 2017
"../../../Engine/Shaders/Private/DynamicLightingCommon.ush" 2018
"../../../Engine/Shaders/Private/CapsuleLightIntegrate.ush" 2019
"../../../Engine/Shaders/Private/CapsuleLightSampling.ush" 2020
"../../../Engine/Shaders/Private/RectLightIntegrate.ush" 2021
"../../../Engine/Shaders/Private/LightGridCommon.ush" 2022
"../../../Engine/Shaders/Private/HeightFogCommon.ush" 2023
"../../../Engine/Shaders/Private/DistanceFieldAOShared.ush" 2024
"../../../Engine/Shaders/Private/VolumeLightingCommon.ush" 2025
"../../../Engine/Shaders/Private/ShadowFilteringCommon.ush" 2026
"../../../Engine/Shaders/Private/PixelQuadMessagePassing.ush" 2027
"../../../Engine/Shaders/Private/VolumeLightingCommonSampling.ush" 2028
"../../../Engine/Shaders/Private/VolumetricLightmapShared.ush" 2029
"../../../Engine/Shaders/Private/ForwardShadowingCommon.ush" 2030
"../../../Engine/Shaders/Private/LightDataUniforms.ush" 2031
"../../../Engine/Shaders/Private/Lumen/LumenTranslucencyVolumeShared.ush" 2032
"../../../Engine/Shaders/Private/Lumen/LumenRadianceCacheInterpolation.ush" 2033
"../../../Engine/Shaders/Private/VirtualShadowMaps/VirtualShadowMapProjectionCommon.ush" 2034
"../../../Engine/Shaders/Private/VirtualShadowMaps/VirtualShadowMapPageAccessCommon.ush" 2035
"../../../Engine/Shaders/Shared/VirtualShadowMapDefinitions.h" 2036
"../../../Engine/Shaders/Private/VirtualShadowMaps/VirtualShadowMapProjectionStructs.ush" 2037
"../../../Engine/Shaders/Private/VolumetricCloudCommon.ush" 2038
"../../../Engine/Shaders/Private/VolumetricCloud.usf" 2039
"../../../Engine/Shaders/Private/ColorMap.ush" 2040
"../../../Engine/Shaders/Private/ReflectionEnvironmentShared.ush" 2041
"../../../Engine/Shaders/Private/VisualizeVolumetricLightmap.usf" 2042
"../../../Engine/Shaders/Private/VirtualShadowMaps/VirtualShadowMapProjectionComposite.usf" 2043
"../../../Engine/Shaders/Private/LightShaderParameters.ush" 2044
"../../../Engine/Shaders/Private/VirtualShadowMaps/VirtualShadowMapMaskBitsCommon.ush" 2045
"../../../Engine/Shaders/Private/VirtualShadowMaps/VirtualShadowMapProjection.usf" 2046
"../../../Engine/Shaders/Private/HairStrands/HairStrandsVisibilityCommon.ush" 2047
"../../../Engine/Shaders/Private/Visualization.ush" 2048
"../../../Engine/Shaders/Private/VirtualShadowMaps/VirtualShadowMapProjectionFilter.ush" 2049
"../../../Engine/Shaders/Private/VirtualShadowMaps/VirtualShadowMapProjectionDirectional.ush" 2050
"../../../Engine/Shaders/Private/PathTracing/Utilities/PathTracingRandomSequence.ush" 2051
"../../../Engine/Shaders/Private/VirtualShadowMaps/VirtualShadowMapSMRTCommon.ush" 2052
"../../../Engine/Shaders/Private/VirtualShadowMaps/VirtualShadowMapSMRTTemplate.ush" 2053
"../../../Engine/Shaders/Private/VirtualShadowMaps/VirtualShadowMapProjectionSpot.ush" 2054
"../../../Engine/Shaders/Private/VirtualShadowMaps/VirtualShadowMapTransmissionCommon.ush" 2055
"../../../Engine/Shaders/Private/HairStrands/HairStrandsVoxelPageCommon.ush" 2056
"../../../Engine/Shaders/Private/HairStrands/HairStrandsVoxelPageTraversal.ush" 2057
"../../../Engine/Shaders/Private/VirtualShadowMaps/VirtualShadowMapCacheManagement.usf" 2058
"../../../Engine/Shaders/Private/VirtualShadowMaps/VirtualShadowMapPageOverlap.ush" 2059
"../../../Engine/Shaders/Private/VirtualShadowMaps/VirtualShadowMapStaticCaching.ush" 2060
"../../../Engine/Shaders/Private/VirtualShadowMaps/VirtualShadowMapPageCacheCommon.ush" 2061
"../../../Engine/Shaders/Private/ScreenSpaceDenoise/SSDDefinitions.ush" 2062
"../../../Engine/Shaders/Private/InstanceCulling/InstanceCullingLoadBalancer.ush" 2063
"../../../Engine/Shaders/Private/VirtualShadowMaps/VirtualShadowMapCopyStats.usf" 2064
"../../../Engine/Shaders/Private/VirtualShadowMaps/VirtualShadowMapPhysicalPageManagement.usf" 2065
"../../../Engine/Shaders/Private/ReductionCommon.ush" 2066
"../../../Engine/Shaders/Private/GPUMessaging.ush" 2067
"../../../Engine/Shaders/Private/VirtualShadowMaps/VirtualShadowMapStats.ush" 2068
"../../../Engine/Shaders/Private/ThreadGroupPrefixSum.ush" 2069
"../../../Engine/Shaders/Private/VirtualShadowMaps/VirtualShadowMapBuildPerPageDrawCommands.usf" 2070
"../../../Engine/Shaders/Private/Nanite/NaniteCullingCommon.ush" 2071
"../../../Engine/Shaders/Private/Nanite/NaniteCulling.ush" 2072
"../../../Engine/Shaders/Private/Nanite/NaniteHierarchyTraversalCommon.ush" 2073
"../../../Engine/Shaders/Private/InstanceCulling/InstanceCullingCommon.ush" 2074
"../../../Engine/Shaders/Private/VirtualShadowMaps/VirtualShadowMapPrintStats.usf" 2075
"../../../Engine/Shaders/Private/VirtualShadowMaps/VirtualShadowMapDebug.usf" 2076
"../../../Engine/Shaders/Private/VirtualShadowMaps/VirtualShadowMapPageManagement.usf" 2077
"../../../Engine/Shaders/Private/VirtualShadowMaps/VirtualShadowMapPageMarking.usf" 2078
"../../../Engine/Shaders/Shared/SingleLayerWaterDefinitions.h" 2079
"../../../Engine/Shaders/Private/HairStrands/HairStrandsTileCommon.ush" 2080
"../../../Engine/Shaders/Private/VariableRateShading/VRSShadingRatePreview.usf" 2081
"../../../Engine/Shaders/Private/VariableRateShading/VRSShadingRateCommon.ush" 2082
"../../../Engine/Shaders/Private/VariableRateShading/VRSShadingRateCombine.usf" 2083
"../../../Engine/Shaders/Private/VariableRateShading/VRSShadingRateFoveated.usf" 2084
"../../../Engine/Shaders/Private/VariableRateShading/VRSShadingRateReproject.usf" 2085
"../../../Engine/Shaders/Private/VariableRateShading/VRSShadingRateCalculate.usf" 2086
"../../../Engine/Shaders/Private/TranslucencyUpsampling.usf" 2087
"../../../Engine/Shaders/Private/ScreenPass.ush" 2088
"../../../Engine/Shaders/Private/ComposeSeparateTranslucency.usf" 2089
"../../../Engine/Shaders/Private/SeparateTranslucency.ush" 2090
"../../../Engine/Shaders/Private/TranslucentLightInjectionShaders.usf" 2091
"../../../Engine/Shaders/Private/TranslucentShadowDepthShaders.usf" 2092
"../../../Engine/Shaders/Private/ShadowDepthCommon.ush" 2093
"../../../Engine/Shaders/Private/RayTracing/RayTracingTest.usf" 2094
"../../../Engine/Shaders/Private/PostProcessSubsurfaceTile.usf" 2095
"../../../Engine/Shaders/Private/Strata/StrataVisualize.usf" 2096
"../../../Engine/Shaders/Private/Strata/StrataTile.ush" 2097
"../../../Engine/Shaders/Private/SkyLightingDiffuseShared.ush" 2098
"../../../Engine/Shaders/Private/SkyLightingShared.ush" 2099
"../../../Engine/Shaders/Private/ClearCoatCommon.ush" 2100
"../../../Engine/Shaders/Private/ReflectionEnvironmentComposite.ush" 2101
"../../../Engine/Shaders/Private/Strata/StrataLightingCommon.ush" 2102
"../../../Engine/Shaders/Private/Strata/StrataRoughRefraction.usf" 2103
"../../../Engine/Shaders/Private/PathTracing/Material/PathTracingFresnel.ush" 2104
"../../../Engine/Shaders/Private/PathTracing/Material/PathTracingGlossy.ush" 2105
"../../../Engine/Shaders/Private/Strata/StrataTile.usf" 2106
"../../../Engine/Shaders/Private/Strata/StrataMaterialClassification.usf" 2107
"../../../Engine/Shaders/Private/Strata/StrataDBuffer.usf" 2108
"../../../Engine/Shaders/Private/SparseVolumeTexture/VisualizeSparseVolumeTexture.usf" 2109
"../../../Engine/Shaders/Private/SkyAtmosphere.usf" 2110
"../../../Engine/Shaders/Private/CopyDepthTexture.usf" 2111
"../../../Engine/Shaders/Private/SingleLayerWaterComposite.usf" 2112
"../../../Engine/Shaders/Private/ShadowProjectionVertexShader.usf" 2113
"../../../Engine/Shaders/Private/ShadowProjectionPixelShader.usf" 2114
"../../../Engine/Shaders/Private/ShadowPercentageCloserFiltering.ush" 2115
"../../../Engine/Shaders/Private/TransmissionThickness.ush" 2116
"../../../Engine/Shaders/Private/CopyShadowMaps.usf" 2117
"../../../Engine/Shaders/Private/ShadowDepthPixelShader.usf" 2118
"../../../Engine/Shaders/Private/ShadowDepthVertexShader.usf" 2119
"../../../Engine/Shaders/Private/ShadingEnergyConservationTable.usf" 2120
"../../../Engine/Shaders/Shared/PathTracingDefinitions.h" 2121
"../../../Engine/Shaders/Private/ShadingFurnaceTest.usf" 2122
"../../../Engine/Shaders/Private/Strata/StrataDeferredLighting.ush" 2123
"../../../Engine/Shaders/Private/ShaderPrintDraw.usf" 2124
"../../../Engine/Shaders/Private/ShaderPrintDrawPrimitive.usf" 2125
"../../../Engine/Shaders/Private/SSRT/SSRTDiffuseIndirect.usf" 2126
"../../../Engine/Shaders/Private/SSRT/SSRTRayCast.ush" 2127
"../../../Engine/Shaders/Private/SSRT/SSRTTileClassificationBuffer.ush" 2128
"../../../Engine/Shaders/Private/SSRT/SSRTReflections.usf" 2129
"../../../Engine/Shaders/Private/ScreenSpaceDenoise/SSDPublic.ush" 2130
"../../../Engine/Shaders/Private/SSRT/SSRTTileClassification.usf" 2131
"../../../Engine/Shaders/Private/SSRT/SSRTPrevFrameReduction.usf" 2132
"../../../Engine/Shaders/Private/ScreenSpaceDenoise/SSDComposeHarmonics.usf" 2133
"../../../Engine/Shaders/Private/ScreenSpaceDenoise/SSDPublicHarmonics.ush" 2134
"../../../Engine/Shaders/Private/ScreenSpaceDenoise/SSDSignalFramework.ush" 2135
"../../../Engine/Shaders/Private/ScreenSpaceDenoise/SSDCommon.ush" 2136
"../../../Engine/Shaders/Private/SphericalGaussian.ush" 2137
"../../../Engine/Shaders/Public/WaveBroadcastIntrinsics.ush" 2138
"../../../Engine/Shaders/Private/ScreenSpaceDenoise/SSDMetadata.ush" 2139
"../../../Engine/Shaders/Private/ScreenSpaceDenoise/SSDSignalCore.ush" 2140
"../../../Engine/Shaders/Private/ScreenSpaceDenoise/DenoisingCommon.ush" 2141
"../../../Engine/Shaders/Private/ScreenSpaceDenoise/SSDSignalArray.ush" 2142
"../../../Engine/Shaders/Private/ScreenSpaceDenoise/SSDSignalBufferEncoding.ush" 2143
"../../../Engine/Shaders/Private/ScreenSpaceDenoise/SSDPublicBufferEncoding.ush" 2144
"../../../Engine/Shaders/Private/Lumen/LumenBufferEncoding.ush" 2145
"../../../Engine/Shaders/Private/ScreenSpaceDenoise/SSDTemporalAccumulation.usf" 2146
"../../../Engine/Shaders/Private/ScreenSpaceDenoise/SSDSpatialKernel.ush" 2147
"../../../Engine/Shaders/Private/ScreenSpaceDenoise/SSDSignalAccumulatorArray.ush" 2148
"../../../Engine/Shaders/Private/ScreenSpaceDenoise/SSDSignalAccumulator.ush" 2149
"../../../Engine/Shaders/Private/ScreenSpaceDenoise/SSDSignalCompression.ush" 2150
"../../../Engine/Shaders/Private/ScreenSpaceDenoise/SSDSpatialAccumulation.usf" 2151
"../../../Engine/Shaders/Private/ScreenSpaceDenoise/SSDInjest.usf" 2152
"../../../Engine/Shaders/Private/ScreenSpaceDenoise/SSDCompressMetadata.usf" 2153
"../../../Engine/Shaders/Private/DownsampleDepthPixelShader.usf" 2154
"../../../Engine/Shaders/Private/ScreenPass.usf" 2155
"../../../Engine/Shaders/Private/HZB.usf" 2156
"../../../Engine/Shaders/Private/OcclusionFeedbackShaders.usf" 2157
"../../../Engine/Shaders/Private/HZBOcclusion.usf" 2158
"../../../Engine/Shaders/Private/OcclusionQueryPixelShader.usf" 2159
"../../../Engine/Shaders/Private/OcclusionQueryVertexShader.usf" 2160
"../../../Engine/Shaders/Private/HitProxyPixelShader.usf" 2161
"../../../Engine/Shaders/Private/HitProxyVertexShader.usf" 2162
"../../../Engine/Shaders/Private/SceneCapturePixelShader.usf" 2163
"../../../Engine/Shaders/Private/RTWriteMaskDecode.usf" 2164
"../../../Engine/Shaders/Private/ReflectionEnvironmentShaders.usf" 2165
"../../../Engine/Shaders/Private/RectLightAtlas.usf" 2166
"../../../Engine/Shaders/Private/RayTracing/TraceRayInlineStatistics.usf" 2167
"../../../Engine/Shaders/Private/RayTracing/VisualizeSkyLightMipTreePS.usf" 2168
"../../../Engine/Shaders/Private/RayTracing/MipTreeCommon.ush" 2169
"../../../Engine/Shaders/Private/RayTracing/CompositeSkyLightPS.usf" 2170
"../../../Engine/Shaders/Private/RayTracing/GenerateSkyLightVisibilityRaysCS.usf" 2171
"../../../Engine/Shaders/Private/RayTracing/RayTracingSkyLightCommon.ush" 2172
"../../../Engine/Shaders/Private/RayTracing/SkyLightVisibilityRaysData.ush" 2173
"../../../Engine/Shaders/Private/Raytracing/RaytracingSkylightRGS.usf" 2174
"../../../Engine/Shaders/Private/HairStrands/HairStrandsRaytracing.ush" 2175
"../../../Engine/Shaders/Private/Raytracing/RayTracingSkyLightEvaluation.ush" 2176
"../../../Engine/Shaders/Private/Raytracing/RayTracingDeferredShadingCommon.ush" 2177
"../../../Engine/Shaders/Private/RayTracing/RayTracingOcclusionRGS.usf" 2178
"../../../Engine/Shaders/Private/RayTracing/RayTracingDirectionalLight.ush" 2179
"../../../Engine/Shaders/Private/RayTracing/RayTracingRectLight.ush" 2180
"../../../Engine/Shaders/Private/RayTracing/RayTracingSphereLight.ush" 2181
"../../../Engine/Shaders/Private/RayTracing/RayTracingCapsuleLight.ush" 2182
"../../../Engine/Shaders/Private/RayTracing/SplitImaginaryReflectionGBufferCS.usf" 2183
"../../../Engine/Shaders/Private/RayTracing/RayTracingReflectionsCommon.ush" 2184
"../../../Engine/Shaders/Private/RayTracing/RayTracingReflections.usf" 2185
"../../../Engine/Shaders/Private/RayTracing/RayTracingLightingCommon.ush" 2186
"../../../Engine/Shaders/Private/RayTracing/RayTracingLightCullingCommon.ush" 2187
"../../../Engine/Shaders/Private/RayTracing/RayTracingReflectionEnvironment.ush" 2188
"../../../Engine/Shaders/Private/RayTracing/RayTracingPrimaryRays.usf" 2189
"../../../Engine/Shaders/Private/RayTracing/RayTracingMaterialDefaultHitShaders.usf" 2190
"../../../Engine/Shaders/Private/RayTracing/RayTracingMaterialHitShaders.usf" 2191
"../../../Engine/Shaders/Private/RayTracing/RayTracingShaderUtils.ush" 2192
"../../../Engine/Shaders/Private/RayTracing/RayTracingCalcInterpolants.ush" 2193
"../../../Engine/Shaders/Private/LightmapCommon.ush" 2194
"../../../Engine/Shaders/Private/Lumen/LumenHardwareRayTracingPayloadCommon.ush" 2195
"../../../Engine/Shaders/Private/Strata/StrataExport.ush" 2196
"../../../Engine/Shaders/Private/RayTracing/RayTracingLightingMS.usf" 2197
"../../../Engine/Shaders/Private/RayTracing/RayTracingLightFunctionCommon.ush" 2198
"../../../Engine/Shaders/Private/RayTracing/GenerateCulledLightListCS.usf" 2199
"../../../Engine/Shaders/Private/Raytracing/RayTracingInstanceBufferUtil.usf" 2200
"../../../Engine/Shaders/Private/RayTracing/RayTracingFinalGatherRGS.usf" 2201
"../../../Engine/Shaders/Private/RayTracing/RayTracingGatherPoints.ush" 2202
"../../../Engine/Shaders/Private/PathTracing/Light/PathTracingLightSampling.ush" 2203
"../../../Engine/Shaders/Private/PathTracing/Light/PathTracingLightCommon.ush" 2204
"../../../Engine/Shaders/Shared/RayTracingTypes.h" 2205
"../../../Engine/Shaders/Private/PathTracing/Light/PathTracingDirectionalLight.ush" 2206
"../../../Engine/Shaders/Private/PathTracing/Light/PathTracingPointLight.ush" 2207
"../../../Engine/Shaders/Private/PathTracing/Light/PathTracingCapsuleLight.ush" 2208
"../../../Engine/Shaders/Private/PathTracing/Light/PathTracingRectLight.ush" 2209
"../../../Engine/Shaders/Private/PathTracing/Light/PathTracingSkyLight.ush" 2210
"../../../Engine/Shaders/Private/PathTracing/Light/PathTracingSpotLight.ush" 2211
"../../../Engine/Shaders/Private/RayTracing/RayTracingCreateGatherPointsRGS.usf" 2212
"../../../Engine/Shaders/Private/RayTracing/RayTracingGlobalIlluminationRGS.usf" 2213
"../../../Engine/Shaders/Private/RayTracing/RayTracingDynamicMesh.usf" 2214
"../../../Engine/Shaders/Private/RayTracing/RayTracingDeferredReflections.usf" 2215
"../../../Engine/Shaders/Private/RayTracing/RayTracingDeferredMaterials.ush" 2216
"../../../Engine/Shaders/Shared/ThirdParty/AMD/ags_shader_intrinsics_dx12.h" 2217
"../../../Engine/Shaders/Private/RayTracing/RayTracingDeferredReflections.ush" 2218
"../../../Engine/Shaders/Private/RayTracing/RayTracingReflectionResolve.usf" 2219
"../../../Engine/Shaders/Private/RayTracing/RayTracingReflectionsGenerateRaysCS.usf" 2220
"../../../Engine/Shaders/Private/RayTracing/MaterialSort.usf" 2221
"../../../Engine/Shaders/Private/RayTracing/RayTracingDeferredMaterials.usf" 2222
"../../../Engine/Shaders/Private/RayTracing/RayTracingDefaultDecalHitShader.usf" 2223
"../../../Engine/Shaders/Private/RayTracing/RayTracingDecalMaterialShader.usf" 2224
"../../../Engine/Shaders/Private/PathTracing/PathTracingShaderUtils.ush" 2225
"../../../Engine/Shaders/Private/PathTracing/PathTracingCommon.ush" 2226
"../../../Engine/Shaders/Private/PathTracing/Material/PathTracingMaterialCommon.ush" 2227
"../../../Engine/Shaders/Private/RayTracing/RayTracingBuildDecalGrid.usf" 2228
"../../../Engine/Shaders/Private/RayTracing/RayTracingDebugInstanceOverlap.usf" 2229
"../../../Engine/Shaders/Private/RayTracing/RayTracingDebugPicking.usf" 2230
"../../../Engine/Shaders/Private/RayTracing/RayTracingDebugUtils.ush" 2231
"../../../Engine/Shaders/Shared/RayTracingDebugTypes.h" 2232
"../../../Engine/Shaders/Private/RayTracing/RayTracingDebugTraversal.usf" 2233
"../../../Engine/Shaders/Private/Nanite/NaniteRayTrace.ush" 2234
"../../../Engine/Shaders/Shared/ThirdParty/RayTriangleIntersection.h" 2235
"../../../Engine/Shaders/Shared/RayTracingDebugDefinitions.h" 2236
"../../../Engine/Shaders/Private/RayTracing/RayTracingDebugMS.usf" 2237
"../../../Engine/Shaders/Private/RayTracing/RayTracingDebugCHS.usf" 2238
"../../../Engine/Shaders/Private/RayTracing/RayTracingDebug.usf" 2239
"../../../Engine/Shaders/Private/RayTracing/RayTracingBuiltInShaders.usf" 2240
"../../../Engine/Shaders/Private/RayTracing/RayTracingBarycentrics.usf" 2241
"../../../Engine/Shaders/Private/RayTracing/RayTracingAmbientOcclusionRGS.usf" 2242
"../../../Engine/Shaders/Private/VisualizeShadingModels.usf" 2243
"../../../Engine/Shaders/Private/PostProcessCommon.ush" 2244
"../../../Engine/Shaders/Private/MotionBlur/VisualizeMotionVectors.usf" 2245
"../../../Engine/Shaders/Private/TemporalSuperResolution/TSRResolveHistory.usf" 2246
"../../../Engine/Shaders/Private/TemporalSuperResolution/TSRCommon.ush" 2247
"../../../Engine/Shaders/Public/DualPixelVectorization.ush" 2248
"../../../Engine/Shaders/Private/TemporalSuperResolution/TSRConvolutionNetwork.ush" 2249
"../../../Engine/Shaders/Public/LaneVectorization.ush" 2250
"../../../Engine/Shaders/Private/TemporalSuperResolution/TSRUpdateHistory.usf" 2251
"../../../Engine/Shaders/Private/TemporalSuperResolution/TSRFilterAntiAliasing.usf" 2252
"../../../Engine/Shaders/Private/TemporalSuperResolution/TSRSpatialAntiAliasing.usf" 2253
"../../../Engine/Shaders/Private/TemporalSuperResolution/TSRRejectShading.usf" 2254
"../../../Engine/Shaders/Private/TemporalSuperResolution/TSRDecimateHistory.usf" 2255
"../../../Engine/Shaders/Private/TemporalSuperResolution/TSRDilateVelocity.usf" 2256
"../../../Engine/Shaders/Private/MotionBlur/MotionBlurVelocityFlatten.ush" 2257
"../../../Engine/Shaders/Private/MotionBlur/MotionBlurCommon.ush" 2258
"../../../Engine/Shaders/Private/TemporalSuperResolution/TSRForwardScatterDepth.usf" 2259
"../../../Engine/Shaders/Private/TemporalSuperResolution/TSRClearPrevTextures.usf" 2260
"../../../Engine/Shaders/Private/TemporalSuperResolution/TSRComputeMoireLuma.usf" 2261
"../../../Engine/Shaders/Private/TemporalAA.usf" 2262
"../../../Engine/Shaders/Private/FilterPixelShader.usf" 2263
"../../../Engine/Shaders/Private/FilterVertexShader.usf" 2264
"../../../Engine/Shaders/Private/PostProcessVisualizeBuffer.usf" 2265
"../../../Engine/Shaders/Private/PostProcessVisualizeLocalExposure.usf" 2266
"../../../Engine/Shaders/Private/PostProcessHistogramCommon.ush" 2267
"../../../Engine/Shaders/Private/PostProcessVisualizeLevelInstance.usf" 2268
"../../../Engine/Shaders/Private/PostProcessVisualizeHDR.usf" 2269
"../../../Engine/Shaders/Private/ShaderComplexityApplyPixelShader.usf" 2270
"../../../Engine/Shaders/Private/QuadOverdraw.ush" 2271
"../../../Engine/Shaders/Private/PostProcessUpscale.usf" 2272
"../../../Engine/Shaders/Private/PostProcessTonemap.usf" 2273
"../../../Engine/Shaders/Private/PostProcessing/FilmGrainPackConstants.usf" 2274
"../../../Engine/Shaders/Private/PostProcessing/FilmGrainReduce.usf" 2275
"../../../Engine/Shaders/Private/PostProcessTestImage.usf" 2276
"../../../Engine/Shaders/Private/PostProcessSubsurface.usf" 2277
"../../../Engine/Shaders/Private/SeparableSSS.ush" 2278
"../../../Engine/Shaders/Private/SubsurfaceBurleyNormalized.ush" 2279
"../../../Engine/Shaders/Private/PostProcessSelectionOutline.usf" 2280
"../../../Engine/Shaders/Private/PostProcessPixelProjectedReflectionMobile.usf" 2281
"../../../Engine/Shaders/Private/MotionBlur/MotionBlurVisualize.usf" 2282
"../../../Engine/Shaders/Private/MotionBlur/MotionBlurApply.usf" 2283
"../../../Engine/Shaders/Private/MotionBlur/MotionBlurFilterTileClassify.usf" 2284
"../../../Engine/Shaders/Private/MotionBlur/MotionBlurTileScatter.usf" 2285
"../../../Engine/Shaders/Private/MotionBlur/MotionBlurTileGather.usf" 2286
"../../../Engine/Shaders/Private/MotionBlur/MotionBlurVelocityFlatten.usf" 2287
"../../../Engine/Shaders/Private/PostProcessMobile.usf" 2288
"../../../Engine/Shaders/Private/PostProcessMitchellNetravali.usf" 2289
"../../../Engine/Shaders/Private/PostProcessMaterialShaders.usf" 2290
"../../../Engine/Shaders/Private/PostProcessLocalExposure.usf" 2291
"../../../Engine/Shaders/Private/PostProcessLensFlares.usf" 2292
"../../../Engine/Shaders/Private/PostProcessHMD.usf" 2293
"../../../Engine/Shaders/Private/Histogram.usf" 2294
"../../../Engine/Shaders/Private/PostProcessHistogramReduce.usf" 2295
"../../../Engine/Shaders/Private/PostProcessHistogram.usf" 2296
"../../../Engine/Shaders/Private/PostProcessGBufferHints.usf" 2297
"../../../Engine/Shaders/Private/Bloom/BloomFinalizeApplyConstants.usf" 2298
"../../../Engine/Shaders/Private/Bloom/BloomCommon.ush" 2299
"../../../Engine/Shaders/Private/Bloom/BloomResizeKernel.usf" 2300
"../../../Engine/Shaders/Private/Bloom/BloomDownsampleKernel.usf" 2301
"../../../Engine/Shaders/Private/Bloom/BloomClampKernel.usf" 2302
"../../../Engine/Shaders/Private/Bloom/BloomPackKernelConstants.usf" 2303
"../../../Engine/Shaders/Private/Bloom/BloomSumScatterDispersionEnergy.usf" 2304
"../../../Engine/Shaders/Private/Bloom/BloomReduceKernelSurvey.usf" 2305
"../../../Engine/Shaders/Private/Bloom/BloomSurveyKernelCenterEnergy.usf" 2306
"../../../Engine/Shaders/Private/Bloom/BloomSurveyMaxScatterDispersion.usf" 2307
"../../../Engine/Shaders/Private/Bloom/BloomFindKernelCenter.usf" 2308
"../../../Engine/Shaders/Private/PostProcessEyeAdaptation.usf" 2309
"../../../Engine/Shaders/Private/TranslucencyVolumeCommon.ush" 2310
"../../../Engine/Shaders/Private/PostProcessDownsample.usf" 2311
"../../../Engine/Shaders/Private/PostProcessDOF.usf" 2312
"../../../Engine/Shaders/Private/PostProcessDeviceEncodingOnly.usf" 2313
"../../../Engine/Shaders/Private/PostProcessCompositePrimitives.usf" 2314
"../../../Engine/Shaders/Private/PostProcessCombineLUTs.usf" 2315
"../../../Engine/Shaders/Private/PostProcessVisualizeDOF.usf" 2316
"../../../Engine/Shaders/Private/PostProcessBloom.usf" 2317
"../../../Engine/Shaders/Private/PostProcessAmbientOcclusionMobile.usf" 2318
"../../../Engine/Shaders/Private/PostProcessAmbientOcclusionCommon.ush" 2319
"../../../Engine/Shaders/Private/FXAAShader.usf" 2320
"../../../Engine/Shaders/Private/Fxaa3_11.ush" 2321
"../../../Engine/Shaders/Private/DiaphragmDOF/DOFRecombine.usf" 2322
"../../../Engine/Shaders/Private/DiaphragmDOF/DOFCommon.ush" 2323
"../../../Engine/Shaders/Private/DiaphragmDOF/DOFHybridScatterPixelShader.usf" 2324
"../../../Engine/Shaders/Private/DiaphragmDOF/DOFHybridScatterCommon.ush" 2325
"../../../Engine/Shaders/Private/DiaphragmDOF/DOFHybridScatterVertexShader.usf" 2326
"../../../Engine/Shaders/Private/DiaphragmDOF/DOFPostfiltering.usf" 2327
"../../../Engine/Shaders/Private/DiaphragmDOF/DOFGatherTileSuggest.ush" 2328
"../../../Engine/Shaders/Private/DiaphragmDOF/DOFCocTileCommon.ush" 2329
"../../../Engine/Shaders/Private/DiaphragmDOF/DOFGatherPass.usf" 2330
"../../../Engine/Shaders/Private/DiaphragmDOF/DOFGatherCommon.ush" 2331
"../../../Engine/Shaders/Private/DiaphragmDOF/DOFGatherAccumulator.ush" 2332
"../../../Engine/Shaders/Private/DiaphragmDOF/DOFGatherKernel.ush" 2333
"../../../Engine/Shaders/Private/DiaphragmDOF/DOFBokehLUT.usf" 2334
"../../../Engine/Shaders/Private/DiaphragmDOF/DOFHybridScatterCompilation.usf" 2335
"../../../Engine/Shaders/Private/DiaphragmDOF/DOFReduce.usf" 2336
"../../../Engine/Shaders/Private/DiaphragmDOF/DOFDownsample.ush" 2337
"../../../Engine/Shaders/Private/DiaphragmDOF/DOFHybridScatterCompilation.ush" 2338
"../../../Engine/Shaders/Private/DiaphragmDOF/DOFDownsample.usf" 2339
"../../../Engine/Shaders/Private/DiaphragmDOF/DOFCocTileDilate.usf" 2340
"../../../Engine/Shaders/Private/DiaphragmDOF/DOFCocTileFlatten.usf" 2341
"../../../Engine/Shaders/Private/DiaphragmDOF/DOFSetup.usf" 2342
"../../../Engine/Shaders/Private/PlanarReflectionShaders.usf" 2343
"../../../Engine/Shaders/Private/PlanarReflectionShared.ush" 2344
"../../../Engine/Shaders/Private/PhysicsFieldVisualizer.usf" 2345
"../../../Engine/Shaders/Private/PathTracing/PathTracingSpatialTemporalDenoising.usf" 2346
"../../../Engine/Shaders/Private/ColorDifference.ush" 2347
"../../../Engine/Shaders/Private/PathTracing/PathTracingCompositingPixelShader.usf" 2348
"../../../Engine/Shaders/Private/PathTracing/PathTracingDefaultHitShader.usf" 2349
"../../../Engine/Shaders/Private/PathTracing/PathTracingGPULightmassMaterialHitShader.usf" 2350
"../../../Engine/Shaders/Private/PathTracing/PathTracingMaterialHitShader.usf" 2351
"../../../Engine/Shaders/Private/PathTracing/PathTracingLightingMissShader.usf" 2352
"../../../Engine/Shaders/Private/PathTracing/PathTracingMissShader.usf" 2353
"../../../Engine/Shaders/Private/PathTracing/PathTracingBuildAtmosphereLUT.usf" 2354
"../../../Engine/Shaders/Private/PathTracing/Volume/PathTracingAtmosphereCommon.ush" 2355
"../../../Engine/Shaders/Private/PathTracing/PathTracingSwizzleScanlines.usf" 2356
"../../../Engine/Shaders/Private/PathTracing/PathTracingInitExtinctionCoefficient.usf" 2357
"../../../Engine/Shaders/Private/PathTracing/PathTracing.usf" 2358
"../../../Engine/Shaders/Private/PathTracing/PathTracingCore.ush" 2359
"../../../Engine/Shaders/Private/HeterogeneousVolumes/HeterogeneousVolumesVoxelGridTypes.ush" 2360
"../../../Engine/Shaders/Private/RayTracing/RayTracingDecalGrid.ush" 2361
"../../../Engine/Shaders/Private/PathTracing/Utilities/PathTracingRIS.ush" 2362
"../../../Engine/Shaders/Private/PathTracing/Light/PathTracingLightGrid.ush" 2363
"../../../Engine/Shaders/Private/PathTracing/Material/PathTracingMaterialSampling.ush" 2364
"../../../Engine/Shaders/Private/PathTracing/Material/PathTracingLambert.ush" 2365
"../../../Engine/Shaders/Private/PathTracing/Material/PathTracingSubstrate.ush" 2366
"../../../Engine/Shaders/Private/PathTracing/Material/PathTracingSubstrateCommon.ush" 2367
"../../../Engine/Shaders/Private/PathTracing/Material/PathTracingSubstrateSolidGlass.ush" 2368
"../../../Engine/Shaders/Private/PathTracing/Material/PathTracingSubstrateThinGlass.ush" 2369
"../../../Engine/Shaders/Private/PathTracing/Material/PathTracingSolidGlass.ush" 2370
"../../../Engine/Shaders/Private/PathTracing/Material/PathTracingEnergyConservation.ush" 2371
"../../../Engine/Shaders/Private/PathTracing/Material/PathTracingThinGlass.ush" 2372
"../../../Engine/Shaders/Private/PathTracing/Material/PathTracingDefaultLit.ush" 2373
"../../../Engine/Shaders/Private/PathTracing/Material/PathTracingClearCoat.ush" 2374
"../../../Engine/Shaders/Private/PathTracing/Material/PathTracingTwoSidedFoliage.ush" 2375
"../../../Engine/Shaders/Private/PathTracing/Material/PathTracingCloth.ush" 2376
"../../../Engine/Shaders/Private/PathTracing/Material/PathTracingSubsurfaceProfile.ush" 2377
"../../../Engine/Shaders/Private/PathTracing/Material/PathTracingEye.ush" 2378
"../../../Engine/Shaders/Private/PathTracing/Material/PathTracingHair.ush" 2379
"../../../Engine/Shaders/Private/PathTracing/Material/PathTracingMedium.ush" 2380
"../../../Engine/Shaders/Private/PathTracing/Volume/PathTracingVolume.ush" 2381
"../../../Engine/Shaders/Private/PathTracing/Volume/PathTracingVolumeCommon.ush" 2382
"../../../Engine/Shaders/Private/PathTracing/Volume/PathTracingAtmosphere.ush" 2383
"../../../Engine/Shaders/Private/DoubleWordMath.ush" 2384
"../../../Engine/Shaders/Private/PathTracing/Volume/PathTracingFog.ush" 2385
"../../../Engine/Shaders/Private/PathTracing/Volume/PathTracingHeterogeneousVolumes.ush" 2386
"../../../Engine/Shaders/Private/HeterogeneousVolumes/HeterogeneousVolumesTracingUtils.ush" 2387
"../../../Engine/Shaders/Private/HeterogeneousVolumes/HeterogeneousVolumesVoxelGridTraversal.ush" 2388
"../../../Engine/Shaders/Private/HeterogeneousVolumes/HeterogeneousVolumesVoxelGridUtils.ush" 2389
"../../../Engine/Shaders/Private/HeterogeneousVolumes/HeterogeneousVolumesFrustumVoxelGridUtils.ush" 2390
"../../../Engine/Shaders/Private/PathTracing/Volume/PathTracingVolumeSampling.ush" 2391
"../../../Engine/Shaders/Private/PathTracing/PathTracingBuildLightGrid.usf" 2392
"../../../Engine/Shaders/Private/PathTracing/PathTracingSkylightMISCompensation.usf" 2393
"../../../Engine/Shaders/Private/PathTracing/PathTracingSkylightPrepare.usf" 2394
"../../../Engine/Shaders/Private/OIT/OITSorting.usf" 2395
"../../../Engine/Shaders/Private/OITCombine.usf" 2396
"../../../Engine/Shaders/Private/OITCommon.ush" 2397
"../../../Engine/Shaders/Private/Nanite/Voxel/RasterizeBricks.usf" 2398
"../../../Engine/Shaders/Private/Nanite/Voxel/Brick.ush" 2399
"../../../Engine/Shaders/Private/Nanite/Voxel/Voxel.ush" 2400
"../../../Engine/Shaders/Private/Nanite/Voxel/ScatterBricks.usf" 2401
"../../../Engine/Shaders/Private/Nanite/Voxel/TileBricks.usf" 2402
"../../../Engine/Shaders/Private/Nanite/Voxel/AutoVoxel.usf" 2403
"../../../Engine/Shaders/Private/Nanite/NaniteDebugViews.usf" 2404
"../../../Engine/Shaders/Private/Nanite/NaniteDepthDecode.usf" 2405
"../../../Engine/Shaders/Private/HTileEncoding.ush" 2406
"../../../Engine/Shaders/Private/VelocityCommon.ush" 2407
"../../../Engine/Shaders/Private/Nanite/NaniteVisualize.usf" 2408
"../../../Engine/Shaders/Private/Nanite/NaniteStreamOut.usf" 2409
"../../../Engine/Shaders/Private/Nanite/NaniteHierarchyTraversal.ush" 2410
"../../../Engine/Shaders/Private/Nanite/NaniteShadeBinning.usf" 2411
"../../../Engine/Shaders/Private/Nanite/NaniteShadeCommon.ush" 2412
"../../../Engine/Shaders/Private/Nanite/NaniteMaterialCulling.usf" 2413
"../../../Engine/Shaders/Private/Nanite/NaniteFastClear.usf" 2414
"../../../Engine/Shaders/Private/Nanite/NaniteDepthExport.usf" 2415
"../../../Engine/Shaders/Private/Nanite/NaniteExportGBuffer.usf" 2416
"../../../Engine/Shaders/Private/Nanite/NaniteClusterCulling.usf" 2417
"../../../Engine/Shaders/Private/Nanite/NanitePrintStats.usf" 2418
"../../../Engine/Shaders/Private/Nanite/NaniteRasterizer.usf" 2419
"../../../Engine/Shaders/Private/Nanite/NaniteRasterizationCommon.ush" 2420
"../../../Engine/Shaders/Private/Nanite/NaniteRasterizer.ush" 2421
"../../../Engine/Shaders/Private/Nanite/NaniteWritePixel.ush" 2422
"../../../Engine/Shaders/Private/Nanite/NaniteTessellation.ush" 2423
"../../../Engine/Shaders/Private/WorkDistribution.ush" 2424
"../../../Engine/Shaders/Private/Nanite/NaniteDice.ush" 2425
"../../../Engine/Shaders/Private/Nanite/NaniteSplit.usf" 2426
"../../../Engine/Shaders/Private/Nanite/NaniteRasterBinning.usf" 2427
"../../../Engine/Shaders/Private/Nanite/NaniteInstanceCulling.usf" 2428
"../../../Engine/Shaders/Private/Nanite/NaniteImposter.ush" 2429
"../../../Engine/Shaders/Shared/SceneCullingDefinitions.h" 2430
"../../../Engine/Shaders/Private/Nanite/NaniteInstanceHierarchyCulling.usf" 2431
"../../../Engine/Shaders/Private/Nanite/NanitePrimitiveFilter.usf" 2432
"../../../Engine/Shaders/Private/Nanite/NaniteRasterClear.usf" 2433
"../../../Engine/Shaders/Private/Nanite/NaniteEmitShadow.usf" 2434
"../../../Engine/Shaders/Private/MobileDeferredUtils.usf" 2435
"../../../Engine/Shaders/Private/MobileLocalLightPrepass.usf" 2436
"../../../Engine/Shaders/Private/MobileFog.usf" 2437
"../../../Engine/Shaders/Private/DistortApplyScreenPS.usf" 2438
"../../../Engine/Shaders/Private/MobileDeferredShading.usf" 2439
"../../../Engine/Shaders/Private/MobileLightingCommon.ush" 2440
"../../../Engine/Shaders/Private/MobileBasePassPixelShader.usf" 2441
"../../../Engine/Shaders/Private/MobileBasePassCommon.ush" 2442
"../../../Engine/Shaders/Private/BasePassCommon.ush" 2443
"../../../Engine/Shaders/Private/ShadingModelsMaterial.ush" 2444
"../../../Engine/Shaders/Private/ThinTranslucentCommon.ush" 2445
"../../../Engine/Shaders/Private/SingleLayerWaterShading.ush" 2446
"../../../Engine/Shaders/Private/DistortionCommon.ush" 2447
"../../../Engine/Shaders/Private/Strata/StrataMobileForwardLighting.ush" 2448
"../../../Engine/Shaders/Private/MobileBasePassVertexShader.usf" 2449
"../../../Engine/Shaders/Private/Lumen/LumenVisualizeRadianceCache.usf" 2450
"../../../Engine/Shaders/Private/Lumen/LumenRadianceCacheCommon.ush" 2451
"../../../Engine/Shaders/Private/Lumen/LumenVisualizeHardwareRayTracing.usf" 2452
"../../../Engine/Shaders/Private/Lumen/LumenCardCommon.ush" 2453
"../../../Engine/Shaders/Private/Lumen/LumenTracingCommon.ush" 2454
"../../../Engine/Shaders/Private/Lumen/SurfaceCache/LumenSurfaceCacheSampling.ush" 2455
"../../../Engine/Shaders/Private/Lumen/SurfaceCache/LumenSurfaceCache.ush" 2456
"../../../Engine/Shaders/Private/Lumen/LumenVisualize.ush" 2457
"../../../Engine/Shaders/Private/Lumen/LumenHardwareRayTracingCommon.ush" 2458
"../../../Engine/Shaders/Private/Lumen/LumenHardwareRayTracingPlatformCommon.ush" 2459
"../../../Engine/Shaders/Private/Lumen/LumenReflectionsCombine.ush" 2460
"../../../Engine/Shaders/Private/Lumen/LumenHairTracing.ush" 2461
"../../../Engine/Shaders/Private/Lumen/LumenVisualize.usf" 2462
"../../../Engine/Shaders/Private/Lumen/LumenSoftwareRayTracing.ush" 2463
"../../../Engine/Shaders/Private/DistanceField/GlobalDistanceFieldUtils.ush" 2464
"../../../Engine/Shaders/Private/DistanceField/GlobalDistanceFieldObjectGrid.ush" 2465
"../../../Engine/Shaders/Private/DistanceFieldLightingShared.ush" 2466
"../../../Engine/Shaders/Private/Lumen/LumenVisualizeTraces.ush" 2467
"../../../Engine/Shaders/Private/Lumen/LumenTranslucencyVolumeLighting.usf" 2468
"../../../Engine/Shaders/Private/Lumen/LumenRadianceCacheMarkCommon.ush" 2469
"../../../Engine/Shaders/Private/Lumen/LumenTranslucencyVolumeLightingShared.ush" 2470
"../../../Engine/Shaders/Private/Lumen/LumenScreenProbeCommon.ush" 2471
"../../../Engine/Shaders/Private/Lumen/LumenTranslucencyVolumeHardwareRayTracing.usf" 2472
"../../../Engine/Shaders/Private/Lumen/LumenTranslucencyRadianceCacheMarkShaders.usf" 2473
"../../../Engine/Shaders/Private/Lumen/SurfaceCache/LumenSurfaceCacheFeedback.usf" 2474
"../../../Engine/Shaders/Private/Lumen/SurfaceCache/LumenSurfaceCache.usf" 2475
"../../../Engine/Shaders/Private/Lumen/LumenShortRangeAOHardwareRayTracing.usf" 2476
"../../../Engine/Shaders/Private/Lumen/LumenMaterial.ush" 2477
"../../../Engine/Shaders/Private/Lumen/LumenScreenSpaceBentNormal.usf" 2478
"../../../Engine/Shaders/Private/Lumen/LumenScreenTracing.ush" 2479
"../../../Engine/Shaders/Private/Lumen/LumenScreenProbeTracing.usf" 2480
"../../../Engine/Shaders/Private/Lumen/LumenScreenProbeTracingCommon.ush" 2481
"../../../Engine/Shaders/Private/Lumen/LumenScreenProbeImportanceSampling.usf" 2482
"../../../Engine/Shaders/Private/Lumen/LumenScreenProbeImportanceSamplingShared.ush" 2483
"../../../Engine/Shaders/Private/Lumen/LumenScreenProbeHardwareRayTracing.usf" 2484
"../../../Engine/Shaders/Private/Lumen/LumenScreenProbeGather.usf" 2485
"../../../Engine/Shaders/Private/Lumen/LumenScreenSpaceBentNormal.ush" 2486
"../../../Engine/Shaders/Private/Lumen/LumenScreenProbeLightSampling.usf" 2487
"../../../Engine/Shaders/Private/Lumen/LumenScreenProbeFiltering.usf" 2488
"../../../Engine/Shaders/Private/Lumen/LumenSceneLighting.usf" 2489
"../../../Engine/Shaders/Private/Lumen/LumenCardTile.ush" 2490
"../../../Engine/Shaders/Private/Lumen/LumenSceneLighting.ush" 2491
"../../../Engine/Shaders/Private/Lumen/Radiosity/LumenRadiosity.ush" 2492
"../../../Engine/Shaders/Private/Lumen/LumenSceneLightingDebug.usf" 2493
"../../../Engine/Shaders/Private/Lumen/LumenScene.usf" 2494
"../../../Engine/Shaders/Private/Lumen/LumenSceneDirectLightingHardwareRayTracing.usf" 2495
"../../../Engine/Shaders/Private/Lumen/LumenReflectionCommon.ush" 2496
"../../../Engine/Shaders/Private/Lumen/LumenSceneDirectLighting.ush" 2497
"../../../Engine/Shaders/Private/Lumen/LumenSceneDirectLightingSoftwareRayTracing.usf" 2498
"../../../Engine/Shaders/Private/DistanceFieldShadowingShared.ush" 2499
"../../../Engine/Shaders/Private/Lumen/LumenSceneDirectLightingPerLightShadowCommon.ush" 2500
"../../../Engine/Shaders/Private/Lumen/LumenSceneDirectLightingShadowMask.usf" 2501
"../../../Engine/Shaders/Private/Lumen/LumenSceneDirectLighting.usf" 2502
"../../../Engine/Shaders/Private/Lumen/LumenSceneDirectLightingCulling.usf" 2503
"../../../Engine/Shaders/Private/Lumen/LumenCardPixelShader.usf" 2504
"../../../Engine/Shaders/Private/Lumen/LumenCardVertexShader.usf" 2505
"../../../Engine/Shaders/Private/Lumen/LumenReflectionTracing.usf" 2506
"../../../Engine/Shaders/Private/Lumen/LumenReflections.usf" 2507
"../../../Engine/Shaders/Private/Lumen/LumenReflectionHardwareRayTracing.usf" 2508
"../../../Engine/Shaders/Private/Lumen/Radiosity/LumenVisualizeRadiosityProbes.usf" 2509
"../../../Engine/Shaders/Private/Lumen/Radiosity/LumenRadiosity.usf" 2510
"../../../Engine/Shaders/Private/RayTracing/RayGenUtils.ush" 2511
"../../../Engine/Shaders/Private/Lumen/Radiosity/LumenRadiosityHardwareRayTracing.usf" 2512
"../../../Engine/Shaders/Private/Lumen/Radiosity/LumenRadiosityCulling.usf" 2513
"../../../Engine/Shaders/Private/Lumen/LumenRadianceCacheHardwareRayTracing.usf" 2514
"../../../Engine/Shaders/Private/Lumen/LumenRadianceCacheTracingCommon.ush" 2515
"../../../Engine/Shaders/Private/Lumen/LumenRadianceCache.usf" 2516
"../../../Engine/Shaders/Private/Lumen/LumenRadianceCacheUpdate.ush" 2517
"../../../Engine/Shaders/Private/Lumen/LumenRadianceCacheDebug.usf" 2518
"../../../Engine/Shaders/Private/Lumen/LumenRadianceCacheUpdate.usf" 2519
"../../../Engine/Shaders/Private/Lumen/LumenMeshSDFCulling.usf" 2520
"../../../Engine/Shaders/Private/HybridIndirectLighting.ush" 2521
"../../../Engine/Shaders/Private/MeshDistanceFieldCommon.ush" 2522
"../../../Engine/Shaders/Private/Lumen/LumenIrradianceFieldGather.usf" 2523
"../../../Engine/Shaders/Private/Lumen/LumenHardwareRayTracingMaterials.usf" 2524
"../../../Engine/Shaders/Private/Lumen/LumenFrontLayerTranslucency.usf" 2525
"../../../Engine/Shaders/Private/LocalHeightFog.usf" 2526
"../../../Engine/Shaders/Private/LightShaftShader.usf" 2527
"../../../Engine/Shaders/Private/StationaryLightOverlapShaders.usf" 2528
"../../../Engine/Shaders/Private/DeferredLightPixelShaders.usf" 2529
"../../../Engine/Shaders/Private/HairStrands/HairStrandsVisibilityUtils.ush" 2530
"../../../Engine/Shaders/Private/DeferredLightVertexShaders.usf" 2531
"../../../Engine/Shaders/Private/LightMapDensityShader.usf" 2532
"../../../Engine/Shaders/Private/LightGridInjection.usf" 2533
"../../../Engine/Shaders/Private/LightFunctionPixelShader.usf" 2534
"../../../Engine/Shaders/Private/LightFunctionVertexShader.usf" 2535
"../../../Engine/Shaders/Private/InstanceCulling/BuildInstanceDrawCommands.usf" 2536
"../../../Engine/Shaders/Private/InstanceCulling/InstanceCompactionCommon.ush" 2537
"../../../Engine/Shaders/Private/InstanceCulling/CompactVisibleInstances.usf" 2538
"../../../Engine/Shaders/Private/ReflectionEnvironmentPixelShader.usf" 2539
"../../../Engine/Shaders/Private/Strata/StrataEnvironmentLighting.ush" 2540
"../../../Engine/Shaders/Private/AmbientCubemapComposite.usf" 2541
"../../../Engine/Shaders/Private/DiffuseIndirectComposite.usf" 2542
"../../../Engine/Shaders/Private/IESAtlas.usf" 2543
"../../../Engine/Shaders/Private/HeterogeneousVolumes/HeterogeneousVolumesVoxelGridRendering.usf" 2544
"../../../Engine/Shaders/Private/HeterogeneousVolumes/HeterogeneousVolumesVoxelGridPipeline.usf" 2545
"../../../Engine/Shaders/Private/HeterogeneousVolumes/HeterogeneousVolumesMaterialBakingPipeline.usf" 2546
"../../../Engine/Shaders/Private/HeterogeneousVolumes/HeterogeneousVolumesLiveShadingUtils.ush" 2547
"../../../Engine/Shaders/Private/HeterogeneousVolumes/HeterogeneousVolumesFrustumVoxelGrid.usf" 2548
"../../../Engine/Shaders/Private/HeterogeneousVolumes/HeterogeneousVolumesSparseVoxelPipeline.usf" 2549
"../../../Engine/Shaders/Private/HeterogeneousVolumes/HeterogeneousVolumesSparseVoxelUtils.ush" 2550
"../../../Engine/Shaders/Private/HeterogeneousVolumes/HeterogeneousVolumesSparseVoxelUniformBufferUtils.ush" 2551
"../../../Engine/Shaders/Private/HeterogeneousVolumes/HeterogeneousVolumesPreshadingPipeline.usf" 2552
"../../../Engine/Shaders/Private/HeterogeneousVolumes/HeterogeneousVolumesLightingUtils.ush" 2553
"../../../Engine/Shaders/Private/HeterogeneousVolumes/HeterogeneousVolumesRayMarchingUtils.ush" 2554
"../../../Engine/Shaders/Private/HeterogeneousVolumes/HeterogeneousVolumesTransmittanceVolumeUtils.ush" 2555
"../../../Engine/Shaders/Private/HeterogeneousVolumes/HeterogeneousVolumesLiveShadingPipeline.usf" 2556
"../../../Engine/Shaders/Private/HeterogeneousVolumes/HeterogeneousVolumesHardwareRayTracing.usf" 2557
"../../../Engine/Shaders/Private/HeterogeneousVolumes/HeterogeneousVolumesComposite.usf" 2558
"../../../Engine/Shaders/Private/HdrCustomResolveShaders.usf" 2559
"../../../Engine/Shaders/Private/HairStrands/HairStrandsVoxelRasterCompute.usf" 2560
"../../../Engine/Shaders/Private/Matrices.ush" 2561
"../../../Engine/Shaders/Private/HairStrands/HairStrandsAABBCommon.ush" 2562
"../../../Engine/Shaders/Private/HairStrands/HairStrandsClusterCommon.ush" 2563
"../../../Engine/Shaders/Private/HairStrands/HairStrandsRaytracingGeometry.usf" 2564
"../../../Engine/Shaders/Private/HairStrands/HairStrandsHitProxy.usf" 2565
"../../../Engine/Shaders/Private/HairStrands/HairStrandsVisibilityRasterComputeNaive.usf" 2566
"../../../Engine/Shaders/Private/HairStrands/HairStrandsVisibilityRasterHW.usf" 2567
"../../../Engine/Shaders/Private/HairStrands/HairStrandsVisibilityRasterCompute.usf" 2568
"../../../Engine/Shaders/Private/HairStrands/HairStrandsVisibilityRasterClassification.usf" 2569
"../../../Engine/Shaders/Private/HairStrands/HairStrandsCoverage.usf" 2570
"../../../Engine/Shaders/Private/HairStrands/HairStrandsVisibilityDepthPS.usf" 2571
"../../../Engine/Shaders/Private/HairStrands/HairStrandsVisibilityTransmittanceDepthPS.usf" 2572
"../../../Engine/Shaders/Private/HairStrands/HairStrandsVisibilityFillOpaqueDepthPS.usf" 2573
"../../../Engine/Shaders/Private/HairStrands/HairStrandsVisibilityCompactionComputeRaster.usf" 2574
"../../../Engine/Shaders/Private/HairStrands/HairStrandsVisibilityCompaction.usf" 2575
"../../../Engine/Shaders/Private/HairStrands/HairStrandsVisibilityCopyIndirectArg.usf" 2576
"../../../Engine/Shaders/Private/HairStrands/HairStrandsVisibilityClearPS.usf" 2577
"../../../Engine/Shaders/Private/HairStrands/HairStrandsVisibilityPS.usf" 2578
"../../../Engine/Shaders/Private/HairStrands/HairStrandsVisibilityVS.usf" 2579
"../../../Engine/Shaders/Private/HairStrands/HairStrandsVelocity.usf" 2580
"../../../Engine/Shaders/Private/HairStrands/HairStrandsDebug.usf" 2581
"../../../Engine/Shaders/Private/HairStrands/HairStrandsBindingCommon.ush" 2582
"../../../Engine/Shaders/Private/HairStrands/HairStrandsDeepShadowCommon.ush" 2583
"../../../Engine/Shaders/Private/HairStrands/HairStrandsDebugCommonStruct.ush" 2584
"../../../Engine/Shaders/Private/HairStrands/HairStrandsVisibilityComputeSampleCoverage.usf" 2585
"../../../Engine/Shaders/Private/HairStrands/HairStrandsMaterialPS.usf" 2586
"../../../Engine/Shaders/Private/HairStrands/HairStrandsMaterialCommon.ush" 2587
"../../../Engine/Shaders/Private/HairStrands/HairStrandsMaterialVS.usf" 2588
"../../../Engine/Shaders/Private/HairStrands/HairStrandsLightSample.usf" 2589
"../../../Engine/Shaders/Private/HairStrands/HairStrandsDeepShadowMask.usf" 2590
"../../../Engine/Shaders/Private/HairStrands/HairStrandsDeepTransmittanceMask.usf" 2591
"../../../Engine/Shaders/Private/HairStrands/HairStrandsVisibilityTile.usf" 2592
"../../../Engine/Shaders/Private/HairStrands/HairStrandsDeepShadowPS.usf" 2593
"../../../Engine/Shaders/Private/HairStrands/HairStrandsDeepShadowVS.usf" 2594
"../../../Engine/Shaders/Private/HairStrands/HairStrandsLUT.usf" 2595
"../../../Engine/Shaders/Private/HairStrands/HairStrandsForwardRaster.usf" 2596
"../../../Engine/Shaders/Private/HairStrands/HairStrandsForwardCulling.usf" 2597
"../../../Engine/Shaders/Private/HairStrands/HairStrandsEnvironmentLighting.usf" 2598
"../../../Engine/Shaders/Private/HairStrands/HairStrandsEnvironmentAO.usf" 2599
"../../../Engine/Shaders/Private/HairStrands/HairStrandsDeepShadowAllocation.usf" 2600
"../../../Engine/Shaders/Private/HairStrands/HairStrandsVoxelDebug.usf" 2601
"../../../Engine/Shaders/Private/HairStrands/HairStrandsGBufferWrite.usf" 2602
"../../../Engine/Shaders/Private/HairStrands/HairStrandsGBufferCommon.ush" 2603
"../../../Engine/Shaders/Private/HairStrands/HairStrandsVisibilityComposeSubPixelPS.usf" 2604
"../../../Engine/Shaders/Private/HairStrands/HairStrandsAABB.usf" 2605
"../../../Engine/Shaders/Private/GPUScene/GPUSceneDataManagement.usf" 2606
"../../../Engine/Shaders/Private/GPUSceneDebugRender.usf" 2607
"../../../Engine/Shaders/Private/GPUFastFourierTransform.usf" 2608
"../../../Engine/Shaders/Private/GPUFastFourierTransform2DCore.ush" 2609
"../../../Engine/Shaders/Private/GPUFastFourierTransformCore.ush" 2610
"../../../Engine/Shaders/Private/GPUBenchmark.usf" 2611
"../../../Engine/Shaders/Private/DistanceField/GlobalDistanceFieldDebug.usf" 2612
"../../../Engine/Shaders/Private/DistanceField/GlobalDistanceFieldMip.usf" 2613
"../../../Engine/Shaders/Private/DistanceField/GlobalDistanceField.usf" 2614
"../../../Engine/Shaders/Private/DistanceField/GlobalDistanceFieldUpdate.ush" 2615
"../../../Engine/Shaders/Private/DistanceField/GlobalDistanceFieldCompositeObjects.usf" 2616
"../../../Engine/Shaders/Private/DistanceField/GlobalDistanceFieldHeightfields.usf" 2617
"../../../Engine/Shaders/Private/HeightfieldLightingShared.ush" 2618
"../../../Engine/Shaders/Private/GenerateConservativeDepth.usf" 2619
"../../../Engine/Shaders/Private/HeightFogPixelShader.usf" 2620
"../../../Engine/Shaders/Private/HeightFogVertexShader.usf" 2621
"../../../Engine/Shaders/Private/DistortFiltering.usf" 2622
"../../../Engine/Shaders/Private/DistortAccumulatePS.usf" 2623
"../../../Engine/Shaders/Private/DistortAccumulateVS.usf" 2624
"../../../Engine/Shaders/Private/DistanceFieldVisualization.usf" 2625
"../../../Engine/Shaders/Private/DistanceFieldStreaming.usf" 2626
"../../../Engine/Shaders/Private/DistanceFieldShadowing.usf" 2627
"../../../Engine/Shaders/Private/DistanceFieldScreenGridLighting.usf" 2628
"../../../Engine/Shaders/Private/DistanceFieldObjectCulling.usf" 2629
"../../../Engine/Shaders/Private/DistanceFieldLightingPost.usf" 2630
"../../../Engine/Shaders/Private/DitheredTransitionStencil.usf" 2631
"../../../Engine/Shaders/Private/CopyDepthTextureCS.usf" 2632
"../../../Engine/Shaders/Private/DeferredDecal.usf" 2633
"../../../Engine/Shaders/Private/DecalCommon.ush" 2634
"../../../Engine/Shaders/Private/DebugViewModeVertexShader.usf" 2635
"../../../Engine/Shaders/Private/DebugViewModeCommon.ush" 2636
"../../../Engine/Shaders/Private/DebugViewModePixelShader.usf" 2637
"../../../Engine/Shaders/Private/DebugProbes.usf" 2638
"../../../Engine/Shaders/Private/MeshDecals.usf" 2639
"../../../Engine/Shaders/Private/PostProcessAmbientOcclusion.usf" 2640
"../../../Engine/Shaders/Private/ClusteredDeferredShadingPixelShader.usf" 2641
"../../../Engine/Shaders/Private/ClusteredDeferredShadingVertexShader.usf" 2642
"../../../Engine/Shaders/Private/CapsuleShadowShaders.usf" 2643
"../../../Engine/Shaders/Private/BasePassPixelShader.usf" 2644
"../../../Engine/Shaders/Private/ForwardLightingCommon.ush" 2645
"../../../Engine/Shaders/Private/Strata/StrataForwardLighting.ush" 2646
"../../../Engine/Shaders/Private/ComputeShaderOutputCommon.ush" 2647
"../../../Engine/Shaders/Private/BasePassVertexShader.usf" 2648
"../../../Engine/Shaders/Private/BasePassVertexCommon.ush" 2649
"../../../Engine/Shaders/Private/SimpleElementVolumeTexturePreviewPixelShader.usf" 2650
"../../../Engine/Shaders/Private/SimpleElementTexture2DPreviewPixelShader.usf" 2651
"../../../Engine/Shaders/Private/meshpaintdilatepixelshader.usf" 2652
"../../../Engine/Shaders/Private/meshpaintdilatevertexshader.usf" 2653
"../../../Engine/Shaders/Private/MeshPaintPixelShader.usf" 2654
"../../../Engine/Shaders/Private/MeshPaintVertexShader.usf" 2655
"../../../Engine/Shaders/Private/Tools/VisualizeTexture.usf" 2656
"../../../Engine/Shaders/Private/ByteBuffer.usf" 2657
"../../../Engine/Shaders/Private/ResolveVertexShader.usf" 2658
"../../../Engine/Shaders/Private/ResolvePixelShader.usf" 2659
"../../../Engine/Shaders/Private/Tools/SetupIndirectArgs.usf" 2660
"../../../Engine/Shaders/Private/Tools/ClearUAV.usf" 2661
"../../../Engine/Shaders/Private/ClearReplacementShaders.usf" 2662
"../../../Engine/Shaders/Private/Tools/DrawTexture.usf" 2663
"../../../Engine/Shaders/Private/RayTracing/RayTracingValidation.usf" 2664
"../../../Engine/Shaders/Private/RenderGraphUtilities.usf" 2665
"../../../Engine/Shaders/Private/OneColorShader.usf" 2666
"../../../Engine/Shaders/Private/OculusShaders.usf" 2667
"../../../Engine/Shaders/Private/MediaShaders.usf" 2668
"../../../Engine/Shaders/Private/GPUMessaging.usf" 2669
"../../../Engine/Shaders/Private/NullPixelShader.usf" 2670
"../../../Engine/Shaders/Private/ComputeGenerateMips.usf" 2671
"../../../Engine/Shaders/Private/Tools/DumpTexture.usf" 2672
"../../../Engine/Shaders/Private/CopyTextureShaders.usf" 2673
"../../../Engine/Shaders/Private/Tools/FullscreenVertexShader.usf" 2674
"../../../Engine/Shaders/Private/RayTracing/RayTracingDispatchDesc.usf" 2675
"../../../Engine/Shaders/Private/Bink.usf" 2676
"../../../Engine/Shaders/Private/VelocityShader.usf" 2677
"../../../Engine/Shaders/Private/DepthOnlyPixelShader.usf" 2678
"../../../Engine/Shaders/Private/PositionOnlyDepthVertexShader.usf" 2679
"../../../Engine/Shaders/Private/DepthOnlyVertexShader.usf" 2680
"../../../Engine/Shaders/Private/AnisotropyPassShader.usf" 2681
"../../../../../demo/Minecraft_RTS/Minecraft_RTS/Intermediate/ShaderAutogen/PCD3D_SM5/AutogenShaderHeaders.ush" 2682
"../../../Engine/Content/EditorResources/S_Actor.uasset" 2683
"C:/Users/zxxuh/AppData/Local/UnrealEngine/Common/DerivedDataCache/Buckets/BulkDataList/29/05/0302cc0cd9bcdfb99da8b16d096043a03e47.udd" 2684
"../../../../../demo/Minecraft_RTS/Minecraft_RTS/Intermediate/ShaderAutogen/PCD3D_SM6/AutogenShaderHeaders.ush" 2685
"../../../Engine/Content/EditorResources/S_BoxReflectionCapture.uasset" 2686
"C:/Users/zxxuh/AppData/Local/UnrealEngine/Common/DerivedDataCache/Buckets/BulkDataList/d9/79/5656b8e4283024e7a787276eb2309dd010f9.udd" 2687
"../../../Engine/Content/EngineResources/DefaultTexture.uasset" 2688
"C:/Users/zxxuh/AppData/Local/UnrealEngine/Common/DerivedDataCache/Buckets/BulkDataList/7e/fc/e8d0d3e0efeffe8ec67cf8afa1339fd10832.udd" 2689
"../../../Engine/Content/EngineResources/DefaultTextureCube.uasset" 2690
"C:/Users/zxxuh/AppData/Local/UnrealEngine/Common/DerivedDataCache/Buckets/BulkDataList/ec/10/cae9f75a663941eef8d8f8ede9f123238396.udd" 2691
"../../../Engine/Content/EngineResources/DefaultVolumeTexture.uasset" 2692
"../../../Engine/Content/EngineResources/DefaultVolumeTexture2D.uasset" 2693
"C:/Users/zxxuh/AppData/Local/UnrealEngine/Common/DerivedDataCache/Buckets/BulkDataList/4e/9f/fe0d0e510ffdf4be85cdd648e8d7ac7cdaea.udd" 2694
"C:/Users/zxxuh/AppData/Local/UnrealEngine/Common/DerivedDataCache/Buckets/BulkDataList/3d/2b/8d74e345014c3a02283ff8d5771dd048c90b.udd" 2695
"../../../Engine/Content/EngineFonts/RobotoDistanceField.uasset" 2696
"C:/Users/zxxuh/AppData/Local/UnrealEngine/Common/DerivedDataCache/Buckets/BulkDataList/57/28/d6086f00b140a273d774ac15b8cf66dc9fe3.udd" 2697
"../../../Engine/Content/EngineMaterials/DefaultTextMaterialOpaque.uasset" 2698
"../../../Engine/Content/Functions/Engine_MaterialFunctions01/Shading/PowerToRoughness.uasset" 2699
"../../../Engine/Content/Functions/Engine_MaterialFunctions01/Shading/ConvertFromDiffSpec.uasset" 2700
"../../../Engine/Content/EngineMaterials/WorldGridMaterial.uasset" 2701
"../../../Engine/Content/Functions/Engine_MaterialFunctions01/Opacity/CameraDepthFade.uasset" 2702
"../../../Engine/Content/EngineMaterials/T_Default_Material_Grid_M.uasset" 2703
"../../../Engine/Content/EngineMaterials/T_Default_Material_Grid_N.uasset" 2704
"../../../Engine/Content/EngineMaterials/DefaultDeferredDecalMaterial.uasset" 2705
"../../../Engine/Content/EngineMaterials/DefaultDiffuse.uasset" 2706
"../../../Engine/Content/EngineMaterials/DefaultLightFunctionMaterial.uasset" 2707
"../../../Engine/Content/EngineMaterials/DefaultPostProcessMaterial.uasset" 2708
"../../../Engine/Content/Functions/Engine_MaterialFunctions02/Utility/BreakOutFloat2Components.uasset" 2709
"C:/Users/zxxuh/AppData/Local/UnrealEngine/Common/DerivedDataCache/Buckets/BulkDataList/41/e1/70083e63a0e48f01c262709c9f13fb6da771.udd" 2710
"C:/Users/zxxuh/AppData/Local/UnrealEngine/Common/DerivedDataCache/Buckets/BulkDataList/b1/f7/d1d47408f9894cb3821e289ed047ab9506f2.udd" 2711
"C:/Users/zxxuh/AppData/Local/UnrealEngine/Common/DerivedDataCache/Buckets/BulkDataList/53/49/38bee0049689347505942a7b5cea21fb8019.udd" 2712
"../../../Engine/Content/EditorResources/S_Trigger.uasset" 2713
"C:/Users/zxxuh/AppData/Local/UnrealEngine/Common/DerivedDataCache/Buckets/BulkDataList/55/7a/2ae24585272d1b31cfe0526e9e680770e85f.udd" 2714
"../../../Engine/Content/EditorResources/S_TriggerBox.uasset" 2715
"C:/Users/zxxuh/AppData/Local/UnrealEngine/Common/DerivedDataCache/Buckets/BulkDataList/e9/06/de9a6b559ee629b66ec31bd7788ba7db11e0.udd" 2716
"../../../Engine/Content/EditorResources/S_TriggerCapsule.uasset" 2717
"C:/Users/zxxuh/AppData/Local/UnrealEngine/Common/DerivedDataCache/Buckets/BulkDataList/06/96/2d12d73557c8c80e158f523674996d2f6691.udd" 2718
"../../../Engine/Content/EditorResources/S_TriggerSphere.uasset" 2719
"C:/Users/zxxuh/AppData/Local/UnrealEngine/Common/DerivedDataCache/Buckets/BulkDataList/8a/0f/ddb352a67985ca74af8aca24f79fcf359b69.udd" 2720
"../../../Engine/Content/EngineDamageTypes/DmgTypeBP_Environmental.uasset" 2721
"../../../Engine/Content/EngineSky/VolumetricClouds/m_SimpleVolumetricCloud_Inst.uasset" 2722
"../../../Engine/Content/EngineMeshes/Sphere.uasset" 2723
"C:/Users/zxxuh/AppData/Local/UnrealEngine/Common/DerivedDataCache/Buckets/LegacyNavCollision/51/68/0fc6bc0e92f39af7f3950b9d76f142e2dfc8.udd" 2724
"../../../Engine/Content/EngineResources/WhiteSquareTexture.uasset" 2725
"C:/Users/zxxuh/AppData/Local/UnrealEngine/Common/DerivedDataCache/Buckets/BulkDataList/28/25/f7d3813259cd124784d991d44267c144aeda.udd" 2726
"../../../Engine/Content/EngineResources/GradientTexture0.uasset" 2727
"C:/Users/zxxuh/AppData/Local/UnrealEngine/Common/DerivedDataCache/Buckets/BulkDataList/ed/04/155fb7a8cba370858b7f8029e7d8378b7a74.udd" 2728
"../../../Engine/Content/EngineResources/Black.uasset" 2729
"C:/Users/zxxuh/AppData/Local/UnrealEngine/Common/DerivedDataCache/Buckets/BulkDataList/c9/a1/a83788cb621bcef0039d3617162bcae85cdc.udd" 2730
"../../../Engine/Content/EngineMaterials/Widget3DPassThrough_Translucent.uasset" 2731
"../../../Engine/Content/EngineMaterials/Widget3DPassThrough.uasset" 2732
"../../../Engine/Content/EngineMaterials/Widget3DPassThrough_Translucent_OneSided.uasset" 2733
"../../../Engine/Content/EngineMaterials/Widget3DPassThrough_Opaque.uasset" 2734
"../../../Engine/Content/EngineMaterials/Widget3DPassThrough_Opaque_OneSided.uasset" 2735
"../../../Engine/Content/EngineMaterials/Widget3DPassThrough_Masked.uasset" 2736
"../../../Engine/Content/EngineMaterials/Widget3DPassThrough_Masked_OneSided.uasset" 2737
"../../../Engine/Content/VREditor/ViewportInteractionAssetContainerData.uasset" 2738
"../../../Engine/Content/VREditor/SnapGrid/SnapGridMaterial.uasset" 2739
"../../../Engine/Content/Functions/Engine_MaterialFunctions02/Math/Transform3x3Matrix.uasset" 2740
"../../../Engine/Content/Functions/Engine_MaterialFunctions02/Utility/BreakOutFloat3Components.uasset" 2741
"../../../Engine/Content/Functions/Engine_MaterialFunctions02/SplitComponents.uasset" 2742
"../../../Engine/Content/Functions/Engine_MaterialFunctions02/Utility/MakeFloat3.uasset" 2743
"../../../Engine/Content/VREditor/TransformGizmo/TransformGizmoMaterial_Inst.uasset" 2744
"../../../Engine/Content/VREditor/TransformGizmo/TransformGizmoMaterial.uasset" 2745
"../../../Engine/Content/VREditor/LaserPointer/VR_LaserPower_01.uasset" 2746
"../../../Engine/Content/VREditor/TransformGizmo/TranslucentTransformGizmoMaterial_Inst.uasset" 2747
"../../../Engine/Content/VREditor/TransformGizmo/TranslucentTransformGizmoMaterial.uasset" 2748
"../../../Engine/Content/VREditor/SnapGrid/SnapGridPlaneMesh.uasset" 2749
"../../../Engine/Content/VREditor/Sounds/UI/Drop_Item_From_ContentBrowser.uasset" 2750
"../../../Engine/Content/VREditor/Sounds/UI/Gizmo_Handle_Clicked.uasset" 2751
"../../../Engine/Content/VREditor/Sounds/UI/Object_PickUp.uasset" 2752
"../../../Engine/Content/VREditor/Sounds/UI/Object_Snaps_To_Another_Actor.uasset" 2753
"../../../Engine/Content/VREditor/Sounds/UI/Object_Snaps_To_Grid.uasset" 2754
"../../../Engine/Content/VREditor/Sounds/UI/Scaling_Down.uasset" 2755
"../../../Engine/Content/VREditor/Sounds/UI/Scaling_Up.uasset" 2756
"../../../Engine/Content/VREditor/Sounds/UI/Selection_Changes.uasset" 2757
"../../../Engine/Content/VREditor/TransformGizmo/PlaneTranslationHandle.uasset" 2758
"../../../Engine/Content/VREditor/TransformGizmo/RotationHandleFull.uasset" 2759
"../../../Engine/Content/VREditor/TransformGizmo/RotationHandleIndicator.uasset" 2760
"../../../Engine/Content/VREditor/TransformGizmo/RotationHandleQuarter.uasset" 2761
"../../../Engine/Content/VREditor/TransformGizmo/StartRotationHandleIndicator.uasset" 2762
"../../../Engine/Content/VREditor/TransformGizmo/TransformGizmoFreeRotation.uasset" 2763
"../../../Engine/Content/VREditor/TransformGizmo/TranslateArrowHandle.uasset" 2764
"../../../Engine/Content/VREditor/TransformGizmo/UniformScaleHandle.uasset" 2765
"C:/Users/zxxuh/AppData/Local/UnrealEngine/Common/DerivedDataCache/Buckets/BulkDataList/9c/11/1b5883dbb557ff2b1814db3d43ad93672620.udd" 2766
"C:/Users/zxxuh/AppData/Local/UnrealEngine/Common/DerivedDataCache/Buckets/BulkDataList/86/ce/294179dff63e8c4a1ce2267f6daa9cb5fd57.udd" 2767
"C:/Users/zxxuh/AppData/Local/UnrealEngine/Common/DerivedDataCache/Buckets/BulkDataList/5b/53/da65bb197b8b153187455db762288a45a536.udd" 2768
"C:/Users/zxxuh/AppData/Local/UnrealEngine/Common/DerivedDataCache/Buckets/BulkDataList/4b/b6/f7312572002d14047fe80e4ee5c3c5393d60.udd" 2769
"C:/Users/zxxuh/AppData/Local/UnrealEngine/Common/DerivedDataCache/Buckets/BulkDataList/96/4e/1816b297604c05e7a0401b401081353709b3.udd" 2770
"C:/Users/zxxuh/AppData/Local/UnrealEngine/Common/DerivedDataCache/Buckets/BulkDataList/24/25/db99d144f3cd9b70a913f25922737b473ae1.udd" 2771
"C:/Users/zxxuh/AppData/Local/UnrealEngine/Common/DerivedDataCache/Buckets/BulkDataList/59/8a/491d0216a320d6dce85fb2a0bece51da955f.udd" 2772
"C:/Users/zxxuh/AppData/Local/UnrealEngine/Common/DerivedDataCache/Buckets/BulkDataList/56/4b/dce548fc2e70e5d0eb5a6fdbdaed90c974ec.udd" 2773
"C:/Users/zxxuh/AppData/Local/UnrealEngine/Common/DerivedDataCache/Buckets/BulkDataList/ff/04/9c1b32b5c5c5a907f6d324918d11fcd20895.udd" 2774
"../../../Engine/Content/VREditor/TransformGizmo/BoundingBoxCorner.uasset" 2775
"../../../Engine/Content/VREditor/TransformGizmo/BoundingBoxEdge.uasset" 2776
"../../../Engine/Content/VREditor/TransformGizmo/SM_Sequencer_Node.uasset" 2777
"../../../Engine/Content/VREditor/TransformGizmo/Main.uasset" 2778
"../../../Engine/Content/VREditor/TransformGizmo/Xray.uasset" 2779
"../../../Engine/Content/EditorResources/S_Solver.uasset" 2780
"C:/Users/zxxuh/AppData/Local/UnrealEngine/Common/DerivedDataCache/Buckets/BulkDataList/8f/06/e6cbd3e5417ca469af1385ce47daf0b51b89.udd" 2781
"../../../Engine/Content/EngineDebugMaterials/VolumeToRender.uasset" 2782
"C:/Users/zxxuh/AppData/Local/UnrealEngine/Common/DerivedDataCache/Buckets/BulkDataList/1e/6d/70404acc707439dcc75654adc5803f7881b6.udd" 2783
"../../../Engine/Content/EngineDebugMaterials/M_VolumeRenderSphereTracePP.uasset" 2784
"../../../Engine/Content/Functions/Engine_MaterialFunctions02/Utility/CameraDirectionVector.uasset" 2785
"../../../Engine/Content/EditorMeshes/Camera/SM_CraneRig_Base.uasset" 2786
"../../../Engine/Content/EditorMaterials/Camera/MI_CineMat_Rig.uasset" 2787
"../../../Engine/Content/EditorMaterials/Camera/CineMat.uasset" 2788
"../../../Engine/Content/EditorMeshes/Camera/SM_CraneRig_Arm.uasset" 2789
"../../../Engine/Content/EditorMeshes/Camera/SM_CraneRig_Mount.uasset" 2790
"../../../Engine/Content/EditorMeshes/Camera/SM_CraneRig_Body.uasset" 2791
"../../../Engine/Content/EditorMeshes/Camera/SM_RailRig_Track.uasset" 2792
"../../../Engine/Content/EditorMeshes/Camera/SM_RailRig_Mount.uasset" 2793
"../../../Engine/Content/ArtTools/RenderToTexture/Meshes/S_1_Unit_Plane.uasset" 2794
"../../../Engine/Content/EngineDebugMaterials/M_SimpleUnlitTranslucent.uasset" 2795
"../../../Engine/Content/EngineFonts/Roboto.uasset" 2796
"../../../Engine/Content/EngineFonts/Faces/DroidSansFallback.uasset" 2797
"../../../Engine/Content/EngineFonts/Faces/RobotoBold.uasset" 2798
"../../../Engine/Content/EngineFonts/Faces/RobotoBoldItalic.uasset" 2799
"../../../Engine/Content/EngineFonts/Faces/RobotoItalic.uasset" 2800
"../../../Engine/Content/EngineFonts/Faces/RobotoLight.uasset" 2801
"../../../Engine/Content/EngineFonts/Faces/RobotoRegular.uasset" 2802
"../../../Engine/Content/EditorMaterials/ParticleSystems/PSysThumbnail_NoImage.uasset" 2803
"C:/Users/zxxuh/AppData/Local/UnrealEngine/Common/DerivedDataCache/Buckets/BulkDataList/17/e3/cd04433a82c13e924f0667a09274bb9401df.udd" 2804
"../../../Engine/Content/EditorMaterials/ParticleSystems/PSysThumbnail_OOD.uasset" 2805
"C:/Users/zxxuh/AppData/Local/UnrealEngine/Common/DerivedDataCache/Buckets/BulkDataList/7e/ae/7d8b54e16e7506e1760a09e8bb0c3cd3e7bf.udd" 2806
"../../../Engine/Content/EditorLandscapeResources/SplineEditorMesh.uasset" 2807
"../../../Engine/Content/EditorLandscapeResources/SplineEditorMeshMat.uasset" 2808
"../../../Engine/Content/EditorLandscapeResources/DataLayer.uasset" 2809
"../../../Engine/Content/Internationalization/icudt64l/coll/ucadata.icu" 2810
"../../../Engine/Content/Internationalization/icudt64l/coll/zh_Hans.res" 2811
"../../../Engine/Content/Internationalization/icudt64l/coll/zh.res" 2812
"../../../Engine/Content/Internationalization/icudt64l/coll/root.res" 2813
"../../Plugins/Animation/ACLPlugin/Content/ACLAnimBoneCompressionSettings.uasset" 2814
"../../../Engine/Content/Animation/DefaultRecorderBoneCompression.uasset" 2815
"../../../Engine/Content/Animation/DefaultAnimCurveCompressionSettings.uasset" 2816
"../../../Engine/Content/Animation/DefaultVariableFrameStrippingSettings.uasset" 2817
"../../Plugins/Interchange/Runtime/Content/gltf/MaterialBodies/MF_Default_Body.uasset" 2818
"../../Plugins/Interchange/Runtime/Content/gltf/MaterialFunctions/MF_BaseColor.uasset" 2819
"../../Plugins/Interchange/Runtime/Content/gltf/MaterialFunctions/MF_TransformUVs.uasset" 2820
"../../Plugins/Interchange/Runtime/Content/gltf/MaterialFunctions/MF_RotateV2.uasset" 2821
"../../Plugins/Interchange/Runtime/Content/gltf/Textures/T_White_srgb.uasset" 2822
"../../Plugins/Interchange/Runtime/Content/gltf/MaterialFunctions/MF_Emissive.uasset" 2823
"../../Plugins/Interchange/Runtime/Content/gltf/MaterialFunctions/MF_IOR.uasset" 2824
"../../Plugins/Interchange/Runtime/Content/gltf/MaterialFunctions/MF_MetallicRoughness.uasset" 2825
"../../Plugins/Interchange/Runtime/Content/gltf/Textures/T_White_Linear.uasset" 2826
"../../Plugins/Interchange/Runtime/Content/gltf/MaterialFunctions/MF_Normals.uasset" 2827
"../../Plugins/Interchange/Runtime/Content/gltf/MaterialFunctions/MF_RotateNormals_TS.uasset" 2828
"../../Plugins/Interchange/Runtime/Content/gltf/Textures/T_Generic_N.uasset" 2829
"../../Plugins/Interchange/Runtime/Content/gltf/MaterialFunctions/MF_Occlusion.uasset" 2830
"../../Plugins/Interchange/Runtime/Content/gltf/MaterialFunctions/MF_Specular.uasset" 2831
"C:/Users/zxxuh/AppData/Local/UnrealEngine/Common/DerivedDataCache/Buckets/BulkDataList/64/2a/03ade442c2369f5da084b370b43481f347e2.udd" 2832
"C:/Users/zxxuh/AppData/Local/UnrealEngine/Common/DerivedDataCache/Buckets/BulkDataList/a7/a4/9f71e887b421b8166a31e293d3ac1174f399.udd" 2833
"C:/Users/zxxuh/AppData/Local/UnrealEngine/Common/DerivedDataCache/Buckets/BulkDataList/74/75/a6ddd010673051851323e0a9e70fec23bb69.udd" 2834
"../../Plugins/Interchange/Runtime/Content/gltf/MaterialBodies/MF_Unlit_Body.uasset" 2835
"../../Plugins/Interchange/Runtime/Content/gltf/MaterialBodies/MF_ClearCoat_Body.uasset" 2836
"../../Plugins/Interchange/Runtime/Content/gltf/MaterialFunctions/MF_Clearcoat.uasset" 2837
"../../../Engine/Content/Functions/Engine_MaterialFunctions01/Texturing/FlattenNormal.uasset" 2838
"../../Plugins/Interchange/Runtime/Content/gltf/MaterialBodies/MF_Sheen_Body.uasset" 2839
"../../Plugins/Interchange/Runtime/Content/gltf/MaterialFunctions/MF_Sheen.uasset" 2840
"../../Plugins/Interchange/Runtime/Content/gltf/MaterialBodies/MF_Transmission_Body.uasset" 2841
"../../Plugins/Interchange/Runtime/Content/gltf/MaterialFunctions/MF_Fresnel_DS.uasset" 2842
"../../Plugins/Interchange/Runtime/Content/gltf/MaterialFunctions/MF_Temporal_Blur.uasset" 2843
"../../Plugins/Interchange/Runtime/Content/gltf/MaterialFunctions/MF_Transmission.uasset" 2844
"../../Plugins/Interchange/Runtime/Content/gltf/MaterialBodies/MF_SpecularGlossiness_Body.uasset" 2845
"../../Plugins/Interchange/Runtime/Content/gltf/MaterialFunctions/MF_DiffuseSpecGloss.uasset" 2846
"../../Plugins/Interchange/Runtime/Content/gltf/MaterialFunctions/MF_SpecGlossToMetalRoughness.uasset" 2847
"../../Plugins/Interchange/Runtime/Content/gltf/MaterialFunctions/MF_PerceivedBrightness.uasset" 2848
"../../../Engine/Content/Functions/Engine_MaterialFunctions02/Math/AddComponents.uasset" 2849
"../../Plugins/2D/Paper2D/Content/MaskedUnlitSpriteMaterial.uasset" 2850
"../../Plugins/2D/Paper2D/Content/DefaultSpriteMaterial.uasset" 2851
"../../Plugins/2D/Paper2D/Content/PlaceholderTextures/DummySpriteTexture.uasset" 2852
"C:/Users/zxxuh/AppData/Local/UnrealEngine/Common/DerivedDataCache/Buckets/BulkDataList/e1/12/efe43138860b9f194aa8b47559f43e4fa3c3.udd" 2853
"../../Plugins/2D/Paper2D/Content/OpaqueUnlitSpriteMaterial.uasset" 2854
"../../Plugins/2D/Paper2D/Content/DefaultPaperTerrainMaterial.uasset" 2855
"../../Plugins/2D/Paper2D/Content/DummySprite.uasset" 2856
"../../Plugins/Animation/ControlRig/Content/Controls/ControlRigXRayMaterial.uasset" 2857
"../../Plugins/Animation/ControlRig/Content/Controls/DefaultGizmoLibraryNormalized.uasset" 2858
"../../Plugins/Animation/ControlRig/Content/M_Manip.uasset" 2859
"../../../Engine/Content/Functions/Engine_MaterialFunctions02/WorldPositionOffset/CameraOffset.uasset" 2860
"../../../Engine/Intermediate/ProjectFiles/PrimaryProjectPath.txt" 2861
"../../Plugins/Editor/SpeedTreeImporter/Content/SpeedTree9/SpeedTreeMaster.uasset" 2862
"../../../Engine/Content/Functions/Engine_MaterialFunctions02/ObjectLocalBounds.uasset" 2863
"../../../Engine/Content/Functions/Engine_MaterialFunctions02/SafeNormalize.uasset" 2864
"../../../Engine/Content/Functions/Engine_MaterialFunctions02/Utility/VectorLength.uasset" 2865
"../../../Engine/Content/Functions/Engine_MaterialFunctions02/UVs/BoundingBoxBased_0-1_UVW.uasset" 2866
"../../../Engine/Content/Functions/Engine_MaterialFunctions02/WorldPositionOffset/ObjectScale.uasset" 2867
"../../Plugins/Editor/SpeedTreeImporter/Content/SpeedTree9/SpeedTreeBranchMotion.uasset" 2868
"../../Plugins/Editor/SpeedTreeImporter/Content/SpeedTree9/SpeedTreeWindMotion.uasset" 2869
"../../Plugins/Editor/SpeedTreeImporter/Content/SpeedTree9/game_wind_noise.uasset" 2870
"../../Plugins/Editor/SpeedTreeImporter/Content/SpeedTree9/UnpackDirection.uasset" 2871
"../../Plugins/Editor/SpeedTreeImporter/Content/SpeedTree9/UnpackInteger3.uasset" 2872
"../../Plugins/Editor/SpeedTreeImporter/Content/SpeedTree9/SpeedTreeCameraFacing.uasset" 2873
"../../Plugins/Editor/SpeedTreeImporter/Content/SpeedTree9/SpeedTreeWind.uasset" 2874
"../../Plugins/Editor/SpeedTreeImporter/Content/SpeedTree9/Empty.uasset" 2875
"../../Plugins/Editor/SpeedTreeImporter/Content/SpeedTree9/EmptyNormal.uasset" 2876
"C:/Users/zxxuh/AppData/Local/UnrealEngine/Common/DerivedDataCache/Buckets/BulkDataList/08/56/3ef793e55134d222bf35c065faf52cd472fb.udd" 2877
"C:/Users/zxxuh/AppData/Local/UnrealEngine/Common/DerivedDataCache/Buckets/BulkDataList/f3/37/1cbf723f9a4827e05c0d7a110fa014826241.udd" 2878
"C:/Users/zxxuh/AppData/Local/UnrealEngine/Common/DerivedDataCache/Buckets/BulkDataList/35/4b/96592da15ce3065749a438bf069bc5f246b1.udd" 2879
"C:/Users/zxxuh/AppData/Local/UnrealEngine/Common/DerivedDataCache/Buckets/BulkDataPayloadId/93/1e/fa687e128aa134c7085da39d1269fafb1746.udd" 2880
"C:/Users/zxxuh/AppData/Local/UnrealEngine/Common/DerivedDataCache/Buckets/BulkDataPayloadId/ac/cc/a6aa9daa7cbf76c8953f7e3d2c201a8a54cb.udd" 2881
"../../Plugins/Editor/SpeedTreeImporter/Content/SpeedTree9/SpeedTreeBillboardMaster.uasset" 2882
"../../Plugins/Editor/SpeedTreeImporter/Content/SpeedTree9/SpeedTreeBillboard.uasset" 2883
"../../Plugins/Media/MediaPlate/Content/SM_MediaPlateScreen.uasset" 2884
"D:/demo/Minecraft_RTS/Minecraft_RTS/Saved/Config/WindowsEditor/ObjectMixerSerializedData.ini" 2885
"C:/Users/zxxuh/AppData/Local/UnrealEngine/Editor/UInteractiveToolsPresetCollectionAsset_DefaultCollection.json" 2886
"../../../Engine/Content/EngineMaterials/NaniteHiddenSectionMaterial.uasset" 2887
"../../../Engine/Content/EngineMaterials/RemoveSurfaceMaterial.uasset" 2888
"../../../Engine/Content/EngineDebugMaterials/DebugMeshMaterial.uasset" 2889
"../../../Engine/Content/EngineMaterials/EmissiveMeshMaterial.uasset" 2890
"../../../Engine/Content/EngineMaterials/DefaultWhiteGrid_Low.uasset" 2891
"C:/Users/zxxuh/AppData/Local/UnrealEngine/Common/DerivedDataCache/Buckets/BulkDataList/45/20/99fe0afdbd5f1696b0f90e6a0e774488847a.udd" 2892
"../../../Engine/Content/EngineMaterials/M_InvalidLightmapSettings.uasset" 2893
"../../../Engine/Content/EngineMaterials/InvalidLightmapSettings.uasset" 2894
"C:/Users/zxxuh/AppData/Local/UnrealEngine/Common/DerivedDataCache/Buckets/BulkDataList/98/7c/3216f81f1f2fb2b4d7ccb412f2d29dc6ace8.udd" 2895
"../../../Engine/Content/EngineMaterials/GizmoMaterial.uasset" 2896
"../../../Engine/Content/EngineMaterials/PhAT_JointLimitMaterial.uasset" 2897
"../../../Engine/Content/EngineMaterials/FlattenMaterial.uasset" 2898
"../../../Engine/Content/EngineMaterials/BaseFlattenDiffuseMap.uasset" 2899
"../../../Engine/Content/EngineMaterials/BaseFlattenEmissiveMap.uasset" 2900
"../../../Engine/Content/EngineMaterials/BaseFlattenGrayscaleMap.uasset" 2901
"../../../Engine/Content/EngineMaterials/BaseFlattenLinearColor.uasset" 2902
"../../../Engine/Content/EngineMaterials/BaseFlattenNormalMap.uasset" 2903
"../../../Engine/Content/Functions/Engine_MaterialFunctions02/PivotPainter2/Black_1x1_EXR_Texture.uasset" 2904
"C:/Users/zxxuh/AppData/Local/UnrealEngine/Common/DerivedDataCache/Buckets/BulkDataList/fd/eb/1d5909f41082a5a13f71f34ac187f628046c.udd" 2905
"C:/Users/zxxuh/AppData/Local/UnrealEngine/Common/DerivedDataCache/Buckets/BulkDataList/52/39/6d646eb8a27e83032bbb83a0d6f0e202410b.udd" 2906
"C:/Users/zxxuh/AppData/Local/UnrealEngine/Common/DerivedDataCache/Buckets/BulkDataList/d0/7e/a8914b8fbd3c1d588c97959edf930ec8aa1d.udd" 2907
"C:/Users/zxxuh/AppData/Local/UnrealEngine/Common/DerivedDataCache/Buckets/BulkDataList/8d/8d/68eaa6941d16bbccd663cbea8b6d5256571c.udd" 2908
"C:/Users/zxxuh/AppData/Local/UnrealEngine/Common/DerivedDataCache/Buckets/BulkDataList/1b/d5/5190c5a46bf1a50191034165926bfc2bfcca.udd" 2909
"C:/Users/zxxuh/AppData/Local/UnrealEngine/Common/DerivedDataCache/Buckets/BulkDataList/5c/7a/933f768605505ed8dfbed60a26871938036b.udd" 2910
"../../../Engine/Content/EngineMaterials/FlattenMaterial_VT.uasset" 2911
"../../../Engine/Content/EngineMaterials/BaseFlattenDiffuseMap_VT.uasset" 2912
"../../../Engine/Content/EngineMaterials/BaseFlattenEmissiveMap_VT.uasset" 2913
"../../../Engine/Content/EngineMaterials/BaseFlattenGrayscaleMap_VT.uasset" 2914
"../../../Engine/Content/EngineMaterials/BaseFlattenLinearColor_VT.uasset" 2915
"../../../Engine/Content/EngineMaterials/BaseFlattenNormalMap_VT.uasset" 2916
"../../../Engine/Content/EngineMaterials/Black_1x1_EXR_Texture_VT.uasset" 2917
"C:/Users/zxxuh/AppData/Local/UnrealEngine/Common/DerivedDataCache/Buckets/BulkDataList/53/4d/0978175f23ab8c9b15fed556fe7bd178aae1.udd" 2918
"C:/Users/zxxuh/AppData/Local/UnrealEngine/Common/DerivedDataCache/Buckets/BulkDataList/1b/ae/62fee6fed514a162465e922c98ef352cd5fa.udd" 2919
"C:/Users/zxxuh/AppData/Local/UnrealEngine/Common/DerivedDataCache/Buckets/BulkDataList/56/18/bd03faaef482ab8c8344f11ace4fe4c90ed0.udd" 2920
"C:/Users/zxxuh/AppData/Local/UnrealEngine/Common/DerivedDataCache/Buckets/BulkDataList/4d/00/be2329bdd8cda89a8088a1e1c29380ca1ac6.udd" 2921
"C:/Users/zxxuh/AppData/Local/UnrealEngine/Common/DerivedDataCache/Buckets/BulkDataList/8a/5a/e4dde9f677a558b509dda4007626b7f9b5c8.udd" 2922
"C:/Users/zxxuh/AppData/Local/UnrealEngine/Common/DerivedDataCache/Buckets/BulkDataList/01/12/29531f6535a5fbf06794d349d3892af6f723.udd" 2923
"../../../Engine/Content/EngineMaterials/FlattenMaterial_WS_Normal_VT.uasset" 2924
"../../../Engine/Content/EngineMaterials/Good64x64TilingNoiseHighFreq.uasset" 2925
"../../../Engine/Content/EngineMaterials/DefaultBokeh.uasset" 2926
"C:/Users/zxxuh/AppData/Local/UnrealEngine/Common/DerivedDataCache/Buckets/BulkDataList/d8/68/6862ca457e5e4d693a9ddbc5ab8ee2967ec9.udd" 2927
"../../../Engine/Content/EngineMaterials/MiniFont.uasset" 2928
"C:/Users/zxxuh/AppData/Local/UnrealEngine/Common/DerivedDataCache/Buckets/BulkDataList/07/64/c14534bd9103a1be4bf73c425a72de07b245.udd" 2929
"../../../Engine/Content/EngineMaterials/WeightMapPlaceholderTexture.uasset" 2930
"C:/Users/zxxuh/AppData/Local/UnrealEngine/Common/DerivedDataCache/Buckets/BulkDataList/fb/0f/3d3b95c0c797e4338631e67b1b76c5627740.udd" 2931
"../../../Engine/Content/EngineMaterials/DefaultWhiteGrid.uasset" 2932
"C:/Users/zxxuh/AppData/Local/UnrealEngine/Common/DerivedDataCache/Buckets/BulkDataList/ac/5b/13b3309dd99e621b2499d1bd2e8b085c1e8b.udd" 2933
"../../../Engine/Content/EngineMaterials/PreintegratedSkinBRDF.uasset" 2934
"C:/Users/zxxuh/AppData/Local/UnrealEngine/Common/DerivedDataCache/Buckets/BulkDataList/34/e8/ebb53cfd9e728e69c98a8d5eb70ee03d8fce.udd" 2935
"../../../Engine/Content/EngineMaterials/DefaultPhysicalMaterial.uasset" 2936
"../../../Engine/Content/EngineMaterials/DefaultDestructiblePhysicalMaterial.uasset" 2937
"../../../Engine/Content/EditorLandscapeResources/DefaultAlphaTexture.uasset" 2938
"C:/Users/zxxuh/AppData/Local/UnrealEngine/Common/DerivedDataCache/Buckets/BulkDataList/b0/99/00139f7703ec2be045b52461e8e2320f8467.udd" 2939
"../../../Engine/Content/EditorResources/S_Terrain.uasset" 2940
"C:/Users/zxxuh/AppData/Local/UnrealEngine/Common/DerivedDataCache/Buckets/BulkDataList/8d/63/9b164f6987617919c2901ffd8824bc87e9ce.udd" 2941
"../../../Engine/Content/BasicShapes/Cube.uasset" 2942
"../../../Engine/Content/BasicShapes/Sphere.uasset" 2943
"../../../Engine/Content/EngineMaterials/DefaultMaterial.uasset" 2944
"../../../Engine/Content/BasicShapes/Cylinder.uasset" 2945
"../../../Engine/Content/BasicShapes/Cone.uasset" 2946
"../../../Engine/Content/BasicShapes/Plane.uasset" 2947
"../../Plugins/Runtime/MeshModelingToolset/Content/Materials/M_DynamicMeshComponentVtxColor.uasset" 2948
"../../Plugins/FX/Niagara/Content/ParameterDefinitions/SpriteRenderer.uasset" 2949
"../../Plugins/FX/Niagara/Content/ParameterDefinitions/RibbonRenderer.uasset" 2950
"../../Plugins/FX/Niagara/Content/ParameterDefinitions/MeshRenderer.uasset" 2951
"../../Plugins/FX/Niagara/Content/ParameterDefinitions/LightRenderer.uasset" 2952
"../../Plugins/FX/Niagara/Content/ParameterDefinitions/DecalRenderer.uasset" 2953
"../../Plugins/FX/Niagara/Content/ParameterDefinitions/CoreParameters.uasset" 2954
"../../../Engine/Content/EditorResources/SequenceRecorder/Countdown.uasset" 2955
"C:/Users/zxxuh/AppData/Local/UnrealEngine/Common/DerivedDataCache/Buckets/BulkDataList/c7/28/5a3095b8f9a5fc09dfa07308094542a306b2.udd" 2956
"../../../Engine/Content/EditorResources/SequenceRecorder/RecordingIndicator.uasset" 2957
"C:/Users/zxxuh/AppData/Local/UnrealEngine/Common/DerivedDataCache/Buckets/BulkDataList/25/78/3bf1498ac2cc5227e130a17fad6924ffbc25.udd" 2958
"../../../Engine/Content/EditorMaterials/PhAT_UnselectedMaterial.uasset" 2959
"../../../Engine/Content/EditorMaterials/PhAT_NoCollisionMaterial.uasset" 2960
"D:/demo/Minecraft_RTS/Minecraft_RTS/Intermediate/ShaderAutogen/PCD3D_SM6/AutogenShaderHeaders.ush" 2961
"../../../Engine/Plugins/Interchange/Runtime/Content/Functions/MX_SurfaceUnlit.uasset" 2962
"../../../Engine/Plugins/Animation/ControlRig/Content/Controls/ControlRigGizmoMaterial.uasset" 2963
"../../../Engine/Plugins/Interchange/Runtime/Content/Pipelines/DefaultGLTFSceneAssetsPipeline.uasset" 2964
"../../../Engine/Plugins/Interchange/Runtime/Content/Pipelines/DefaultAssetsPipeline.uasset" 2965
"../../../Engine/Plugins/Interchange/Runtime/Content/Pipelines/DefaultSceneAssetsPipeline.uasset" 2966
"../../../Engine/Plugins/Interchange/Runtime/Content/Functions/MX_UsdPreviewSurface.uasset" 2967
"../../../Engine/Content/EngineMaterials/STBlueNoise_vec2_128x128x64.uasset" 2968
"../../../Engine/Content/EngineResources/FilmGrains/Marcie_Grain_v3_128_M2_000.uasset" 2969
"../../../Engine/Content/EngineMaterials/STBlueNoise_scalar_128x128x64.uasset" 2970
"../../../Engine/Plugins/Interchange/Runtime/Content/Pipelines/DefaultGLTFPipeline.uasset" 2971
"../../../Engine/Content/EditorResources/BSPVertex.uasset" 2972
"../../../Engine/Plugins/Interchange/Runtime/Content/Pipelines/DefaultSceneLevelPipeline.uasset" 2973
"../../../Engine/Plugins/Interchange/Runtime/Content/Pipelines/DefaultMaterialPipeline.uasset" 2974
"../../../Engine/Plugins/Interchange/Runtime/Content/Pipelines/DefaultMaterialXPipeline.uasset" 2975
"../../../Engine/Content/EngineMaterials/DefaultBloomKernel.uasset" 2976
"../../../Engine/Content/EngineDebugMaterials/DebugEditorMaterial.uasset" 2977
"../../../Engine/Plugins/Interchange/Runtime/Content/Pipelines/DefaultTexturePipeline.uasset" 2978
"../../../Engine/Content/EngineSounds/Master.uasset" 2979
"../../../Engine/Plugins/Interchange/Runtime/Content/Pipelines/DefaultGLTFAssetsPipeline.uasset" 2980
"C:/Users/zxxuh/AppData/Local/UnrealEngine/Common/DerivedDataCache/Buckets/BulkDataList/08/fd/e2957f6037e05b8e034507a8bc7ff7c99c13.udd" 2981
"C:/Users/zxxuh/AppData/Local/UnrealEngine/Common/DerivedDataCache/Buckets/BulkDataList/71/bf/e0eb1d249df4e88efc62b2666bf399ff680e.udd" 2982
"C:/Users/zxxuh/AppData/Local/UnrealEngine/Common/DerivedDataCache/Buckets/BulkDataList/0f/b8/4b54df02c97d797c1a66520784560ff65a6e.udd" 2983
"C:/Users/zxxuh/AppData/Local/UnrealEngine/Common/DerivedDataCache/Buckets/BulkDataList/72/eb/5a3f1d9b4354603052010bddaf9ac27086a1.udd" 2984
"C:/Users/zxxuh/AppData/Local/UnrealEngine/Common/DerivedDataCache/Buckets/BulkDataList/4f/64/5b4a3bb6799bd5791df15eda83c10b8f531a.udd" 2985
"C:/Users/zxxuh/AppData/Local/UnrealEngine/Common/DerivedDataCache/Buckets/LegacyAudio/53/28/c9da6be198748fcc5ac0983e1b01b79bb802.udd" 2986
"C:/Users/zxxuh/AppData/Local/UnrealEngine/Common/DerivedDataCache/Buckets/LegacySTREAMEDAUDIO/33/c7/6e7440ca7f35d3d40bcc0c08e9ddff9af85e.udd" 2987
"C:/Users/zxxuh/AppData/Local/UnrealEngine/Common/DerivedDataCache/Buckets/LegacyAudio/31/3a/bb1fdc0d85a32113e693ef08127530dd1daa.udd" 2988
"C:/Users/zxxuh/AppData/Local/UnrealEngine/Common/DerivedDataCache/Buckets/LegacySTREAMEDAUDIO/33/00/35ab6fda29f44b148ca96fb3984396563cbc.udd" 2989
"C:/Users/zxxuh/AppData/Local/UnrealEngine/Common/DerivedDataCache/Buckets/LegacySTREAMEDAUDIO/c6/3c/02f1dcd1e7fe8692fe814c744a33b5cf672e.udd" 2990
"C:/Users/zxxuh/AppData/Local/UnrealEngine/Common/DerivedDataCache/Buckets/LegacyAudio/50/f3/53e1ea3da637d411cc735d3a3aa5eee4f28e.udd" 2991
"C:/Users/zxxuh/AppData/Local/UnrealEngine/Common/DerivedDataCache/Buckets/LegacyAudio/be/8c/8490e079c713eef8aa9b3128361fa3df3f41.udd" 2992
"C:/Users/zxxuh/AppData/Local/UnrealEngine/Common/DerivedDataCache/Buckets/LegacyAudio/cf/93/59f035e23748f3e9ddfadf28fa9cc93b1f7f.udd" 2993
"C:/Users/zxxuh/AppData/Local/UnrealEngine/Common/DerivedDataCache/Buckets/LegacyAudio/14/2a/41c9034834f38cc39eabbfba74caae3da8eb.udd" 2994
"C:/Users/zxxuh/AppData/Local/UnrealEngine/Common/DerivedDataCache/Buckets/LegacySTREAMEDAUDIO/38/ae/8d6319735789b91d94891d0542d348843dab.udd" 2995
"C:/Users/zxxuh/AppData/Local/UnrealEngine/Common/DerivedDataCache/Buckets/LegacyAudio/6a/eb/82c16a75e02bcd7b98861788168a571ee9de.udd" 2996
"C:/Users/zxxuh/AppData/Local/UnrealEngine/Common/DerivedDataCache/Buckets/LegacyAudio/fb/09/caf09bc9505fb1473291b24283cc83511acb.udd" 2997
"C:/Users/zxxuh/AppData/Local/UnrealEngine/Common/DerivedDataCache/Buckets/LegacySTREAMEDAUDIO/4c/35/ceaafcac107446cbde837903e6d6ebe19d8d.udd" 2998
"C:/Users/zxxuh/AppData/Local/UnrealEngine/Common/DerivedDataCache/Buckets/LegacySTREAMEDAUDIO/5b/a7/43a69cc060b25768c59afae2753e311dc5a4.udd" 2999
"C:/Users/zxxuh/AppData/Local/UnrealEngine/Common/DerivedDataCache/Buckets/LegacySTREAMEDAUDIO/0f/11/6dd964f03f4d8db974afa662aef18138723c.udd" 3000
"C:/Users/zxxuh/AppData/Local/UnrealEngine/Common/DerivedDataCache/Buckets/LegacySTREAMEDAUDIO/13/71/60a6360a06e4f17c2e92e6db7a722558d783.udd" 3001
"C:/Users/zxxuh/AppData/Local/UnrealEngine/Common/DerivedDataCache/Buckets/LegacySTREAMEDAUDIO/7f/30/9487bbe5eeefe9f30f3ebd9910a88294e0d5.udd" 3002
"C:/Users/zxxuh/AppData/Local/UnrealEngine/Common/DerivedDataCache/Buckets/LegacySTREAMEDAUDIO/6b/8c/6cf49b328afb81902c82248f554dc7891821.udd" 3003
"C:/Users/zxxuh/AppData/Local/UnrealEngine/Common/DerivedDataCache/Buckets/LegacySTREAMEDAUDIO/4f/a4/5634baa4da0a5581779c6ec96f6044200d12.udd" 3004
"C:/Users/zxxuh/AppData/Local/UnrealEngine/Common/DerivedDataCache/Buckets/LegacySTREAMEDAUDIO/82/5a/6394dfac08afc0430aee5ffffae156e0f3ce.udd" 3005
"C:/Users/zxxuh/AppData/Local/UnrealEngine/Common/DerivedDataCache/Buckets/LegacySTREAMEDAUDIO/24/98/dbe918de0d69a1241a8b59a07831f4d6e1a2.udd" 3006
"C:/Users/zxxuh/AppData/Local/UnrealEngine/Common/DerivedDataCache/Buckets/LegacySTREAMEDAUDIO/82/d5/895c303730cc5038707c7355883c4f5d369f.udd" 3007
"C:/Users/zxxuh/AppData/Local/UnrealEngine/Common/DerivedDataCache/Buckets/LegacySTREAMEDAUDIO/e7/52/50b8dd0bff98782aa509fb8493fa8127690a.udd" 3008
"C:/Users/zxxuh/AppData/Local/UnrealEngine/Common/DerivedDataCache/Buckets/LegacySTREAMEDAUDIO/09/10/511b940bffc2e9e75d7406f416a9f6238c04.udd" 3009
"C:/Users/zxxuh/AppData/Local/UnrealEngine/Common/DerivedDataCache/Buckets/LegacySTREAMEDAUDIO/63/fe/8b88b0abc84e769e14ae142cb020fb452741.udd" 3010
"C:/Users/zxxuh/AppData/Local/UnrealEngine/Common/DerivedDataCache/Buckets/LegacySTREAMEDAUDIO/dc/9c/9560bfff4b480192700b2ce2f9325eb6b7ba.udd" 3011
"C:/Users/zxxuh/AppData/Local/UnrealEngine/Common/DerivedDataCache/Buckets/LegacySTREAMEDAUDIO/09/83/67d6a5573470ba9137017191464441d3e7d9.udd" 3012
"C:/Users/zxxuh/AppData/Local/UnrealEngine/Common/DerivedDataCache/Buckets/LegacySTREAMEDAUDIO/16/1d/92c548f5e29948c5d488cff7c7d26c84014b.udd" 3013
"C:/Users/zxxuh/AppData/Local/UnrealEngine/Common/DerivedDataCache/Buckets/LegacySTREAMEDAUDIO/eb/cc/a8a0296201d7d1de9f168a5ce12e434af6bd.udd" 3014
"C:/Users/zxxuh/AppData/Local/UnrealEngine/Common/DerivedDataCache/Buckets/LegacySTREAMEDAUDIO/75/03/9f01be48bb671d4d1863ea704d4e3a04e5ae.udd" 3015
"C:/Users/zxxuh/AppData/Local/UnrealEngine/Common/DerivedDataCache/Buckets/LegacySTREAMEDAUDIO/0c/6b/7de39ef5c112946ec390ecf7cb2d2b5de646.udd" 3016
"C:/Users/zxxuh/AppData/Local/UnrealEngine/Common/DerivedDataCache/Buckets/LegacySTREAMEDAUDIO/22/ad/9cbc7de8d4c3664d00088b1239aace805c0c.udd" 3017
"../../../Engine/Plugins/Interchange/Runtime/Content/Functions/MF_SchlickApprox.uasset" 3018
"../../../Engine/Plugins/Interchange/Runtime/Content/Functions/MF_OrenNayerView.uasset" 3019
"../../../Engine/Content/EngineMaterials/DefaultCalibrationColor.uasset" 3020
"../../../Engine/Content/MobileResources/HUD/VirtualJoystick_Thumb.uasset" 3021
"../../../Engine/Content/EngineSounds/Submixes/MasterReverbEffectPreset.uasset" 3022
"../../../Engine/Content/EngineMaterials/Substrate/Volume/SubstrateSimpleVolumeEnvLUT2D.uasset" 3023
"../../../Engine/Content/EngineMaterials/Substrate/Volume/SubstrateSimpleVolumeLUT2D.uasset" 3024
"../../../Engine/Content/EngineMaterials/DefaultCalibrationGrayscale.uasset" 3025
"../../../Engine/Content/EngineMaterials/Substrate/Glints2/dict_0000_0185.uasset" 3026
"../../../Engine/Content/EngineMaterials/Substrate/Glints2/dict_0001_0022.uasset" 3027
"../../../Engine/Content/EngineSounds/Submixes/MasterEQEffectPreset.uasset" 3028
"../../../Engine/Content/MobileResources/HUD/VirtualJoystick_Background.uasset" 3029
"../../../Engine/Content/EngineMaterials/Substrate/Glints2/dict_0007_0226.uasset" 3030
"../../../Engine/Content/EngineMaterials/Substrate/Glints2/dict_0000_0031.uasset" 3031
"../../../Engine/Content/EngineMaterials/Substrate/Glints2/dict_0002_0188.uasset" 3032
"../../../Engine/Content/EngineMaterials/Substrate/Glints2/dict_0000_0154.uasset" 3033
"../../../Engine/Content/EngineMaterials/Substrate/Glints2/dict_0003_0156.uasset" 3034
"../../../Engine/Content/EngineMaterials/Substrate/Glints2/dict_0004_0036.uasset" 3035
"../../../Engine/Content/EngineMaterials/Substrate/Glints2/dict_0001_0186.uasset" 3036
"../../../Engine/Content/EngineMaterials/Substrate/Glints2/dict_0005_0120.uasset" 3037
"../../../Engine/Content/EngineMaterials/Substrate/Glints2/dict_0005_0149.uasset" 3038
"../../../Engine/Content/EngineMaterials/Substrate/Glints2/dict_0007_0066.uasset" 3039
"../../../Engine/Content/EngineMaterials/Substrate/Glints2/dict_0000_0213.uasset" 3040
"C:/Users/zxxuh/AppData/Local/UnrealEngine/Common/DerivedDataCache/Buckets/BulkDataList/d0/1e/d58a70e654861a20e057276a8cb056a93e39.udd" 3041
"C:/Users/zxxuh/AppData/Local/UnrealEngine/Common/DerivedDataCache/Buckets/BulkDataList/3d/80/95254d55f7b9b4200828af0b2da4c5f77cdc.udd" 3042
"C:/Users/zxxuh/AppData/Local/UnrealEngine/Common/DerivedDataCache/Buckets/BulkDataList/ce/ce/d147897dc380074cb97d890bd341d5de3b8c.udd" 3043
"C:/Users/zxxuh/AppData/Local/UnrealEngine/Common/DerivedDataCache/Buckets/BulkDataList/9b/e7/4080e7312349e338b3eed6d0dae7e1937193.udd" 3044
"C:/Users/zxxuh/AppData/Local/UnrealEngine/Common/DerivedDataCache/Buckets/BulkDataList/7b/74/39049b553807a5ae67fc73427cddd4b6d121.udd" 3045
"C:/Users/zxxuh/AppData/Local/UnrealEngine/Common/DerivedDataCache/Buckets/BulkDataList/92/18/0699b9656eeff16cd9bd771ec8db0c4e3059.udd" 3046
"C:/Users/zxxuh/AppData/Local/UnrealEngine/Common/DerivedDataCache/Buckets/BulkDataList/61/9e/d04d4f61b619f5b9cd81ece84345d93c35e4.udd" 3047
"C:/Users/zxxuh/AppData/Local/UnrealEngine/Common/DerivedDataCache/Buckets/BulkDataList/99/b0/1965152273bb8def64f7bbf1186f3d6e1a6d.udd" 3048
"C:/Users/zxxuh/AppData/Local/UnrealEngine/Common/DerivedDataCache/Buckets/BulkDataList/74/e6/d0b31528765970bfe9ff3396ba65f077ba2b.udd" 3049
"C:/Users/zxxuh/AppData/Local/UnrealEngine/Common/DerivedDataCache/Buckets/BulkDataList/a2/ca/1b0210766f7e40d47073aa02e2f3c557b21c.udd" 3050
"C:/Users/zxxuh/AppData/Local/UnrealEngine/Common/DerivedDataCache/Buckets/BulkDataList/b4/a8/5b9fbbde369478735e5f5d1e7ff70890ebf8.udd" 3051
"../../../Engine/Content/EngineMaterials/Substrate/Glints2/dict_0002_0212.uasset" 3052
"../../../Engine/Content/EngineMaterials/Substrate/Glints2/dict_0002_0024.uasset" 3053
"../../../Engine/Content/EngineMaterials/Substrate/Glints2/dict_0002_0219.uasset" 3054
"../../../Engine/Content/EngineMaterials/Substrate/Glints2/dict_0004_0069.uasset" 3055
"../../../Engine/Content/EngineMaterials/Substrate/Glints2/dict_0006_0099.uasset" 3056
"../../../Engine/Content/EngineMaterials/Substrate/Glints2/dict_0005_0044.uasset" 3057
"../../../Engine/Content/EngineMaterials/Substrate/Glints2/dict_0001_0041.uasset" 3058
"../../../Engine/Content/EngineMaterials/Substrate/Glints2/dict_0000_0003.uasset" 3059
"../../../Engine/Content/EngineMaterials/Substrate/Glints2/dict_0006_0046.uasset" 3060
"../../../Engine/Content/EngineMaterials/Substrate/Glints2/dict_0001_0247.uasset" 3061
"../../../Engine/Content/EngineMaterials/Substrate/Glints2/dict_0001_0107.uasset" 3062
"../../../Engine/Content/EngineMaterials/Substrate/Glints2/dict_0005_0078.uasset" 3063
"../../../Engine/Content/EngineMaterials/Substrate/Glints2/dict_0003_0067.uasset" 3064
"../../../Engine/Content/EngineMaterials/Substrate/Glints2/dict_0000_0178.uasset" 3065
"../../../Engine/Content/EngineMaterials/Substrate/Glints2/dict_0002_0119.uasset" 3066
"../../../Engine/Content/EngineMaterials/Substrate/Glints2/dict_0000_0205.uasset" 3067
"../../../Engine/Content/EngineMaterials/Substrate/Glints2/dict_0007_0116.uasset" 3068
"../../../Engine/Content/EngineMaterials/Substrate/Glints2/dict_0000_0088.uasset" 3069
"../../../Engine/Content/EngineMaterials/Substrate/Glints2/dict_0001_0068.uasset" 3070
"../../../Engine/Content/EngineMaterials/Substrate/Glints2/dict_0002_0076.uasset" 3071
"../../../Engine/Content/EngineMaterials/Substrate/Glints2/dict_0007_0100.uasset" 3072
"../../../Engine/Content/EngineMaterials/Substrate/Glints2/dict_0003_0055.uasset" 3073
"../../../Engine/Content/EngineMaterials/Substrate/Glints2/dict_0006_0247.uasset" 3074
"../../../Engine/Content/EngineMaterials/Substrate/Glints2/dict_0006_0039.uasset" 3075
"C:/Users/zxxuh/AppData/Local/UnrealEngine/Common/DerivedDataCache/Buckets/BulkDataList/98/fb/f08ec3636df920750b0849d7f29ef711e234.udd" 3076
"../../../Engine/Content/EngineMaterials/Substrate/Glints2/dict_0000_0174.uasset" 3077
"C:/Users/zxxuh/AppData/Local/UnrealEngine/Common/DerivedDataCache/Buckets/BulkDataList/43/e6/a26b160955ed9b8f7ba5c5b53958e2d61220.udd" 3078
"../../../Engine/Content/EngineMaterials/Substrate/Glints2/dict_0005_0179.uasset" 3079
"C:/Users/zxxuh/AppData/Local/UnrealEngine/Common/DerivedDataCache/Buckets/BulkDataList/ce/b4/5a2e89e12e9c5930299f137d80b3d88a4197.udd" 3080
"../../../Engine/Content/EngineMaterials/Substrate/Glints2/dict_0005_0072.uasset" 3081
"C:/Users/zxxuh/AppData/Local/UnrealEngine/Common/DerivedDataCache/Buckets/BulkDataList/e6/ba/dacdb148936b061c5969ed8e7763706d851a.udd" 3082
"../../../Engine/Content/EngineMaterials/Substrate/Glints2/dict_0005_0054.uasset" 3083
"C:/Users/zxxuh/AppData/Local/UnrealEngine/Common/DerivedDataCache/Buckets/BulkDataList/60/37/3788d559bb092662da47936802a00d3fc3f8.udd" 3084
"../../../Engine/Content/EngineMaterials/Substrate/Glints2/dict_0000_0164.uasset" 3085
"C:/Users/zxxuh/AppData/Local/UnrealEngine/Common/DerivedDataCache/Buckets/BulkDataList/a7/7e/b8fc95f1cf4dc068f079fc68757c5373caf5.udd" 3086
"../../../Engine/Content/EngineMaterials/Substrate/Glints2/dict_0004_0138.uasset" 3087
"C:/Users/zxxuh/AppData/Local/UnrealEngine/Common/DerivedDataCache/Buckets/BulkDataList/16/8f/a256dc8e83a4e44d4ee01119611c58dceb79.udd" 3088
"../../../Engine/Content/EngineMaterials/Substrate/Glints2/dict_0007_0213.uasset" 3089
"C:/Users/zxxuh/AppData/Local/UnrealEngine/Common/DerivedDataCache/Buckets/BulkDataList/3a/2e/c754409cb9b58579cea806bdd68d5cc62234.udd" 3090
"../../../Engine/Content/EngineMaterials/Substrate/Glints2/dict_0007_0091.uasset" 3091
"C:/Users/zxxuh/AppData/Local/UnrealEngine/Common/DerivedDataCache/Buckets/BulkDataList/eb/3b/26d4f981615c9fe0fecda303de938a86686d.udd" 3092
"C:/Users/zxxuh/AppData/Local/UnrealEngine/Common/DerivedDataCache/Buckets/BulkDataList/e8/56/8c83695b989519424a03f6cabf52d6e3d594.udd" 3093
"C:/Users/zxxuh/AppData/Local/UnrealEngine/Common/DerivedDataCache/Buckets/BulkDataList/49/75/381375106b9ba1d08c429534851cd2537fec.udd" 3094
"C:/Users/zxxuh/AppData/Local/UnrealEngine/Common/DerivedDataCache/Buckets/BulkDataList/29/c1/b1a9c62dcea8b834a5b9acb1fbce9b3532bb.udd" 3095
"C:/Users/zxxuh/AppData/Local/UnrealEngine/Common/DerivedDataCache/Buckets/BulkDataList/91/7d/8b1f90dc60430b8010e58dce05d5c7ccc27c.udd" 3096
"C:/Users/zxxuh/AppData/Local/UnrealEngine/Common/DerivedDataCache/Buckets/BulkDataList/cf/02/40d9c48e3cb9a30efadf5d64752ae7ce9ad0.udd" 3097
"C:/Users/zxxuh/AppData/Local/UnrealEngine/Common/DerivedDataCache/Buckets/BulkDataList/ae/cc/b11f17867fc0e0e542452d2d702141056bac.udd" 3098
"C:/Users/zxxuh/AppData/Local/UnrealEngine/Common/DerivedDataCache/Buckets/BulkDataList/e0/f2/f387bd95108f8f15d6cab0d5db3d7bc478c1.udd" 3099
"C:/Users/zxxuh/AppData/Local/UnrealEngine/Common/DerivedDataCache/Buckets/BulkDataList/f7/d7/0f7db037758f2765c0554de2752dfab57cb1.udd" 3100
"C:/Users/zxxuh/AppData/Local/UnrealEngine/Common/DerivedDataCache/Buckets/BulkDataList/83/d8/a9d14f08c7fc0fd2be9c020933e061fbe2e8.udd" 3101
"C:/Users/zxxuh/AppData/Local/UnrealEngine/Common/DerivedDataCache/Buckets/BulkDataList/a1/25/511cabcc549e1f97565cfb5320a9d1e3cdda.udd" 3102
"C:/Users/zxxuh/AppData/Local/UnrealEngine/Common/DerivedDataCache/Buckets/BulkDataList/a4/41/12fc5898cf9d1225dc29b8195619f05ae199.udd" 3103
"C:/Users/zxxuh/AppData/Local/UnrealEngine/Common/DerivedDataCache/Buckets/BulkDataList/5f/79/a9afe602124a7f3c156db08bcb47542caee5.udd" 3104
"C:/Users/zxxuh/AppData/Local/UnrealEngine/Common/DerivedDataCache/Buckets/BulkDataList/60/b0/5f90c163f432d7df8d83070c58e58ddbc732.udd" 3105
"C:/Users/zxxuh/AppData/Local/UnrealEngine/Common/DerivedDataCache/Buckets/BulkDataList/3b/c4/cd647bd0a7f7a8e6187d92792cfad2095528.udd" 3106
"C:/Users/zxxuh/AppData/Local/UnrealEngine/Common/DerivedDataCache/Buckets/BulkDataList/9a/a9/29415d153954b265f89d10af12e34a0b288b.udd" 3107
"C:/Users/zxxuh/AppData/Local/UnrealEngine/Common/DerivedDataCache/Buckets/BulkDataList/53/54/f3e60d5c4457c94bf12d81f9b80ae0b9322b.udd" 3108
"C:/Users/zxxuh/AppData/Local/UnrealEngine/Common/DerivedDataCache/Buckets/BulkDataList/5d/31/f91ab087d633922fda1c02276b7acd6335ea.udd" 3109
"C:/Users/zxxuh/AppData/Local/UnrealEngine/Common/DerivedDataCache/Buckets/BulkDataList/7f/46/5cf4adfdc14546830806aa93fde8a0413cb6.udd" 3110
"C:/Users/zxxuh/AppData/Local/UnrealEngine/Common/DerivedDataCache/Buckets/BulkDataList/7c/31/1a1cb91fa04de00be56982f646aa2be196c2.udd" 3111
"C:/Users/zxxuh/AppData/Local/UnrealEngine/Common/DerivedDataCache/Buckets/BulkDataList/57/fe/7ef079884f111e48e508c39c6ace17ef4bc8.udd" 3112
"C:/Users/zxxuh/AppData/Local/UnrealEngine/Common/DerivedDataCache/Buckets/BulkDataList/3c/98/2f2ebcc2594f099b5103af2beacb9114316d.udd" 3113
"C:/Users/zxxuh/AppData/Local/UnrealEngine/Common/DerivedDataCache/Buckets/BulkDataList/1f/cd/8ccdfb62ff368dfbc4ce540bd1b230bcd29d.udd" 3114
"C:/Users/zxxuh/AppData/Local/UnrealEngine/Common/DerivedDataCache/Buckets/BulkDataList/a7/7b/66ac105527c05115e6870953cd6eac02c7ec.udd" 3115
"../../../Engine/Content/EngineMaterials/Substrate/Glints2/dict_0006_0164.uasset" 3116
"../../../Engine/Content/EngineMaterials/Substrate/Glints2/dict_0006_0006.uasset" 3117
"../../../Engine/Content/EngineMaterials/Substrate/Glints2/dict_0005_0064.uasset" 3118
"../../../Engine/Content/EngineMaterials/Substrate/Glints2/dict_0004_0132.uasset" 3119
"../../../Engine/Content/EngineMaterials/Substrate/Glints2/dict_0001_0230.uasset" 3120
"../../../Engine/Content/EngineMaterials/Substrate/Glints2/dict_0004_0171.uasset" 3121
"../../../Engine/Content/EngineMaterials/Substrate/Glints2/dict_0004_0135.uasset" 3122
"../../../Engine/Content/EngineMaterials/Substrate/Glints2/dict_0006_0253.uasset" 3123
"../../../Engine/Content/EngineMaterials/Substrate/Glints2/dict_0004_0086.uasset" 3124
"../../../Engine/Content/EngineMaterials/Substrate/Glints2/dict_0003_0095.uasset" 3125
"../../../Engine/Content/EngineMaterials/Substrate/Glints2/dict_0001_0115.uasset" 3126
"../../../Engine/Content/EngineMaterials/Substrate/Glints2/dict_0002_0178.uasset" 3127
"../../../Engine/Content/EngineMaterials/Substrate/Glints2/dict_0001_0007.uasset" 3128
"../../../Engine/Content/EngineMaterials/Substrate/Glints2/dict_0005_0164.uasset" 3129
"../../../Engine/Content/EngineMaterials/Substrate/Glints2/dict_0007_0252.uasset" 3130
"../../../Engine/Content/EngineMaterials/Substrate/Glints2/dict_0000_0053.uasset" 3131
"../../../Engine/Content/EngineMaterials/Substrate/Glints2/dict_0001_0052.uasset" 3132
"../../../Engine/Content/EngineMaterials/Substrate/Glints2/dict_0003_0177.uasset" 3133
"../../../Engine/Content/EngineMaterials/Substrate/Glints2/dict_0000_0076.uasset" 3134
"../../../Engine/Content/EngineMaterials/Substrate/Glints2/dict_0000_0225.uasset" 3135
"../../../Engine/Content/EngineMaterials/Substrate/Glints2/dict_0000_0059.uasset" 3136
"../../../Engine/Content/EngineMaterials/Substrate/Glints2/dict_0007_0099.uasset" 3137
"../../../Engine/Content/EngineMaterials/Substrate/Glints2/dict_0007_0175.uasset" 3138
"../../../Engine/Content/EngineMaterials/Substrate/Glints2/dict_0002_0116.uasset" 3139
"C:/Users/zxxuh/AppData/Local/UnrealEngine/Common/DerivedDataCache/Buckets/BulkDataList/d9/0e/0b87d11cc3122627dd988a10f484ed42596c.udd" 3140
"../../../Engine/Content/EngineMaterials/Substrate/Glints2/dict_0002_0128.uasset" 3141
"C:/Users/zxxuh/AppData/Local/UnrealEngine/Common/DerivedDataCache/Buckets/BulkDataList/86/0a/b144f89a98443b00626af314c3dccea9087e.udd" 3142
"../../../Engine/Content/EngineMaterials/Substrate/Glints2/dict_0004_0238.uasset" 3143
"C:/Users/zxxuh/AppData/Local/UnrealEngine/Common/DerivedDataCache/Buckets/BulkDataList/a2/53/74031c22edb0b7ccf7b5d8b6a9ed6b1435d8.udd" 3144
"../../../Engine/Content/EngineMaterials/Substrate/Glints2/dict_0002_0061.uasset" 3145
"C:/Users/zxxuh/AppData/Local/UnrealEngine/Common/DerivedDataCache/Buckets/BulkDataList/84/52/89a498676a108c437cb1e290650a023baa4d.udd" 3146
"../../../Engine/Content/EngineMaterials/Substrate/Glints2/dict_0006_0130.uasset" 3147
"C:/Users/zxxuh/AppData/Local/UnrealEngine/Common/DerivedDataCache/Buckets/BulkDataList/80/23/0bb32e8b0ac544e27db1c873da9dd6ed4dce.udd" 3148
"../../../Engine/Content/EngineMaterials/Substrate/Glints2/dict_0003_0229.uasset" 3149
"C:/Users/zxxuh/AppData/Local/UnrealEngine/Common/DerivedDataCache/Buckets/BulkDataList/6b/b3/175f6aaf478ebb68e1d211612675be031b4e.udd" 3150
"../../../Engine/Content/EngineMaterials/Substrate/Glints2/dict_0007_0077.uasset" 3151
"C:/Users/zxxuh/AppData/Local/UnrealEngine/Common/DerivedDataCache/Buckets/BulkDataList/9d/e3/3907cfe58cf379f30d74806d2f58b4546603.udd" 3152
"../../../Engine/Content/EngineMaterials/Substrate/Glints2/dict_0005_0057.uasset" 3153
"C:/Users/zxxuh/AppData/Local/UnrealEngine/Common/DerivedDataCache/Buckets/BulkDataList/8d/18/3ae51c07c79a39669f5070298140b8c0cf36.udd" 3154
"../../../Engine/Content/EngineMaterials/Substrate/Glints2/dict_0004_0220.uasset" 3155
"C:/Users/zxxuh/AppData/Local/UnrealEngine/Common/DerivedDataCache/Buckets/BulkDataList/32/2c/a979ab1ebbd3ca0c11c81a7bfd44decea471.udd" 3156
"C:/Users/zxxuh/AppData/Local/UnrealEngine/Common/DerivedDataCache/Buckets/BulkDataList/d1/85/fb0388eaf0a42767effa395342c5466c44d3.udd" 3157
"C:/Users/zxxuh/AppData/Local/UnrealEngine/Common/DerivedDataCache/Buckets/BulkDataList/ed/a1/bce93e7cd08525eb8de1658950af3f399437.udd" 3158
"C:/Users/zxxuh/AppData/Local/UnrealEngine/Common/DerivedDataCache/Buckets/BulkDataList/0a/1d/0e33e57fc305d448fe5a55f2d7ca5e91f9e0.udd" 3159
"C:/Users/zxxuh/AppData/Local/UnrealEngine/Common/DerivedDataCache/Buckets/BulkDataList/1e/2d/a670e029a4ae58d474df45a57b759de6365e.udd" 3160
"C:/Users/zxxuh/AppData/Local/UnrealEngine/Common/DerivedDataCache/Buckets/BulkDataList/40/9d/11590b4d46daf2caad5a138c71edc6c40ea7.udd" 3161
"C:/Users/zxxuh/AppData/Local/UnrealEngine/Common/DerivedDataCache/Buckets/BulkDataList/d9/bb/e964faacf09ffd75c66a579f17dd41f35a2f.udd" 3162
"C:/Users/zxxuh/AppData/Local/UnrealEngine/Common/DerivedDataCache/Buckets/BulkDataList/a0/92/38ee944d599652d1ed2c28143068eb3f04e6.udd" 3163
"C:/Users/zxxuh/AppData/Local/UnrealEngine/Common/DerivedDataCache/Buckets/BulkDataList/ba/a1/4c55dea3cae91a665ed353132cddd93fee3a.udd" 3164
"C:/Users/zxxuh/AppData/Local/UnrealEngine/Common/DerivedDataCache/Buckets/BulkDataList/53/e7/5e988207a601068769c842fdaeb5d093305e.udd" 3165
"C:/Users/zxxuh/AppData/Local/UnrealEngine/Common/DerivedDataCache/Buckets/BulkDataList/94/5a/a6b9e506ac5364711abc58ddbb34b67a69d9.udd" 3166
"C:/Users/zxxuh/AppData/Local/UnrealEngine/Common/DerivedDataCache/Buckets/BulkDataList/eb/4b/4bd5f6a73e3d6065a60425acc56c70c65463.udd" 3167
"C:/Users/zxxuh/AppData/Local/UnrealEngine/Common/DerivedDataCache/Buckets/BulkDataList/7b/70/d2f6c90f040ba7659aaceee336ec9ec65299.udd" 3168
"C:/Users/zxxuh/AppData/Local/UnrealEngine/Common/DerivedDataCache/Buckets/BulkDataList/fa/17/61dc7f2de1b1d44d486b206ac40c038354c6.udd" 3169
"C:/Users/zxxuh/AppData/Local/UnrealEngine/Common/DerivedDataCache/Buckets/BulkDataList/e5/45/f49cc1f87851b8da65323d89f672a83c10b9.udd" 3170
"C:/Users/zxxuh/AppData/Local/UnrealEngine/Common/DerivedDataCache/Buckets/BulkDataList/f9/3a/e838a4a0edbcd8205ddccff63b0d42aa55b8.udd" 3171
"C:/Users/zxxuh/AppData/Local/UnrealEngine/Common/DerivedDataCache/Buckets/BulkDataList/1a/0c/06ab1418c669ea85a8e7f18aa46b306cf642.udd" 3172
"C:/Users/zxxuh/AppData/Local/UnrealEngine/Common/DerivedDataCache/Buckets/BulkDataList/e8/ca/3040e69dcb289768db87c2eb878d6ea91014.udd" 3173
"C:/Users/zxxuh/AppData/Local/UnrealEngine/Common/DerivedDataCache/Buckets/BulkDataList/d2/a9/55e9faa2e281a0a897ab2aab833a7ea1386e.udd" 3174
"C:/Users/zxxuh/AppData/Local/UnrealEngine/Common/DerivedDataCache/Buckets/BulkDataList/f6/17/cecbbdfc947a2e9fc068a3ceae2798bb9939.udd" 3175
"C:/Users/zxxuh/AppData/Local/UnrealEngine/Common/DerivedDataCache/Buckets/BulkDataList/7f/32/d45f4616d25a3326bd9edd82bf89e0473ff6.udd" 3176
"C:/Users/zxxuh/AppData/Local/UnrealEngine/Common/DerivedDataCache/Buckets/BulkDataList/c5/e3/084372898ee7cf990abb7bcce0367eea9e8e.udd" 3177
"C:/Users/zxxuh/AppData/Local/UnrealEngine/Common/DerivedDataCache/Buckets/BulkDataList/bb/e9/a55f2bb3b1365dc4ce1770e9ba585c6776b7.udd" 3178
"C:/Users/zxxuh/AppData/Local/UnrealEngine/Common/DerivedDataCache/Buckets/BulkDataList/9a/52/6738bf075d3ef4dd2a25bcd5077a90277a1f.udd" 3179
"../../../Engine/Content/EngineMaterials/Substrate/Glints2/dict_0003_0222.uasset" 3180
"../../../Engine/Content/EngineMaterials/Substrate/Glints2/dict_0003_0241.uasset" 3181
"../../../Engine/Content/EngineMaterials/Substrate/Glints2/dict_0000_0161.uasset" 3182
"../../../Engine/Content/EngineMaterials/Substrate/Glints2/dict_0006_0238.uasset" 3183
"../../../Engine/Content/EngineMaterials/Substrate/Glints2/dict_0000_0091.uasset" 3184
"../../../Engine/Content/EngineMaterials/Substrate/Glints2/dict_0000_0132.uasset" 3185
"../../../Engine/Content/EngineMaterials/Substrate/Glints2/dict_0004_0247.uasset" 3186
"../../../Engine/Content/EngineMaterials/Substrate/Glints2/dict_0007_0223.uasset" 3187
"../../../Engine/Content/EngineMaterials/Substrate/Glints2/dict_0005_0056.uasset" 3188
"../../../Engine/Content/EngineMaterials/Substrate/Glints2/dict_0005_0039.uasset" 3189
"../../../Engine/Content/EngineMaterials/Substrate/Glints2/dict_0006_0235.uasset" 3190
"../../../Engine/Content/EngineMaterials/Substrate/Glints2/dict_0002_0091.uasset" 3191
"../../../Engine/Content/EngineMaterials/Substrate/Glints2/dict_0004_0029.uasset" 3192
"../../../Engine/Content/EngineMaterials/Substrate/Glints2/dict_0003_0255.uasset" 3193
"../../../Engine/Content/EngineMaterials/Substrate/Glints2/dict_0005_0238.uasset" 3194
"../../../Engine/Content/EngineMaterials/Substrate/Glints2/dict_0006_0215.uasset" 3195
"../../../Engine/Content/EngineMaterials/Substrate/Glints2/dict_0003_0069.uasset" 3196
"../../../Engine/Content/EngineMaterials/Substrate/Glints2/dict_0003_0252.uasset" 3197
"../../../Engine/Content/EngineMaterials/Substrate/Glints2/dict_0003_0017.uasset" 3198
"../../../Engine/Content/EngineMaterials/Substrate/Glints2/dict_0003_0165.uasset" 3199
"../../../Engine/Content/EngineMaterials/Substrate/Glints2/dict_0004_0102.uasset" 3200
"../../../Engine/Content/EngineMaterials/Substrate/Glints2/dict_0003_0056.uasset" 3201
"../../../Engine/Content/EngineMaterials/Substrate/Glints2/dict_0004_0045.uasset" 3202
"../../../Engine/Content/EngineMaterials/Substrate/Glints2/dict_0004_0167.uasset" 3203
"C:/Users/zxxuh/AppData/Local/UnrealEngine/Common/DerivedDataCache/Buckets/BulkDataList/5d/71/6af1d206910d6316272775812fc4ca04c1b9.udd" 3204
"../../../Engine/Content/EngineMaterials/Substrate/Glints2/dict_0004_0064.uasset" 3205
"C:/Users/zxxuh/AppData/Local/UnrealEngine/Common/DerivedDataCache/Buckets/BulkDataList/1c/dd/fca6644d77f207dadcb9a2ae658157633253.udd" 3206
"../../../Engine/Content/EngineMaterials/Substrate/Glints2/dict_0001_0089.uasset" 3207
"C:/Users/zxxuh/AppData/Local/UnrealEngine/Common/DerivedDataCache/Buckets/BulkDataList/fd/2c/bdaaa833073a18e4206b2108f8e4f251870b.udd" 3208
"../../../Engine/Content/EngineMaterials/Substrate/Glints2/dict_0007_0230.uasset" 3209
"C:/Users/zxxuh/AppData/Local/UnrealEngine/Common/DerivedDataCache/Buckets/BulkDataList/49/dd/e752c34bdf28eb63d0bbdf002c2bab0fdc83.udd" 3210
"../../../Engine/Content/EngineMaterials/Substrate/Glints2/dict_0006_0053.uasset" 3211
"C:/Users/zxxuh/AppData/Local/UnrealEngine/Common/DerivedDataCache/Buckets/BulkDataList/21/c1/cf6946bc49ab5e09a24675c951edd3bc1a63.udd" 3212
"../../../Engine/Content/EngineMaterials/Substrate/Glints2/dict_0006_0051.uasset" 3213
"C:/Users/zxxuh/AppData/Local/UnrealEngine/Common/DerivedDataCache/Buckets/BulkDataList/0a/12/c78e1730353e1df378360f0bf7b40e25284b.udd" 3214
"../../../Engine/Content/EngineMaterials/Substrate/Glints2/dict_0006_0003.uasset" 3215
"C:/Users/zxxuh/AppData/Local/UnrealEngine/Common/DerivedDataCache/Buckets/BulkDataList/81/fe/1e9491cc70fbbf5608f5b8421e3f9a33a58b.udd" 3216
"../../../Engine/Content/EngineMaterials/Substrate/Glints2/dict_0005_0127.uasset" 3217
"C:/Users/zxxuh/AppData/Local/UnrealEngine/Common/DerivedDataCache/Buckets/BulkDataList/84/99/66c9a23b1f9a127e95103a68aaaea9cfc698.udd" 3218
"../../../Engine/Content/EngineMaterials/Substrate/Glints2/dict_0005_0005.uasset" 3219
"C:/Users/zxxuh/AppData/Local/UnrealEngine/Common/DerivedDataCache/Buckets/BulkDataList/d7/0e/a2138e345d03519a45c5a93a34e6e394b8b5.udd" 3220
"C:/Users/zxxuh/AppData/Local/UnrealEngine/Common/DerivedDataCache/Buckets/BulkDataList/be/75/84d861cf555051ad585b4e422da37353afb9.udd" 3221
"C:/Users/zxxuh/AppData/Local/UnrealEngine/Common/DerivedDataCache/Buckets/BulkDataList/83/c7/b25ff2f265143b2d6a5ef88e38a2b3de8338.udd" 3222
"C:/Users/zxxuh/AppData/Local/UnrealEngine/Common/DerivedDataCache/Buckets/BulkDataList/cf/2d/a1eb218b57d194bf32eeff56f6e8dfa01b64.udd" 3223
"C:/Users/zxxuh/AppData/Local/UnrealEngine/Common/DerivedDataCache/Buckets/BulkDataList/31/fb/075870818c45457e151b7134bdc520c5fb5c.udd" 3224
"C:/Users/zxxuh/AppData/Local/UnrealEngine/Common/DerivedDataCache/Buckets/BulkDataList/a2/86/75d37f39c61642b23566908f686deb721c51.udd" 3225
"C:/Users/zxxuh/AppData/Local/UnrealEngine/Common/DerivedDataCache/Buckets/BulkDataList/87/a4/a1dc0075e1803986a726d4c0d8639ca108ab.udd" 3226
"C:/Users/zxxuh/AppData/Local/UnrealEngine/Common/DerivedDataCache/Buckets/BulkDataList/5c/ef/366abc44adfc9146debbc5da5c59b5bb16fe.udd" 3227
"C:/Users/zxxuh/AppData/Local/UnrealEngine/Common/DerivedDataCache/Buckets/BulkDataList/08/dc/e6a4094b7e8b2861e0998ae936d3ff4f3b3b.udd" 3228
"C:/Users/zxxuh/AppData/Local/UnrealEngine/Common/DerivedDataCache/Buckets/BulkDataList/75/bf/294bfd053a539c7c9cdd4df076b3cee1845b.udd" 3229
"C:/Users/zxxuh/AppData/Local/UnrealEngine/Common/DerivedDataCache/Buckets/BulkDataList/4f/d1/7018cb51145a5fb65e042da5c478d3572b11.udd" 3230
"C:/Users/zxxuh/AppData/Local/UnrealEngine/Common/DerivedDataCache/Buckets/BulkDataList/3e/e3/643fc8f19a63acb163423bc1cef63c566723.udd" 3231
"C:/Users/zxxuh/AppData/Local/UnrealEngine/Common/DerivedDataCache/Buckets/BulkDataList/3c/08/25561b742ece16314596cb586eb459f6db06.udd" 3232
"C:/Users/zxxuh/AppData/Local/UnrealEngine/Common/DerivedDataCache/Buckets/BulkDataList/ff/bf/699c27b750df7da84a9a79c529eeae256fe6.udd" 3233
"C:/Users/zxxuh/AppData/Local/UnrealEngine/Common/DerivedDataCache/Buckets/BulkDataList/1e/fd/e03e5107f04f870389a335f21efbc78c2e29.udd" 3234
"C:/Users/zxxuh/AppData/Local/UnrealEngine/Common/DerivedDataCache/Buckets/BulkDataList/ad/d4/a51d0e258614d40f7f812d4265c201e66738.udd" 3235
"C:/Users/zxxuh/AppData/Local/UnrealEngine/Common/DerivedDataCache/Buckets/BulkDataList/f6/09/05592ec576c8ee73a41a3423f135e3ee7872.udd" 3236
"C:/Users/zxxuh/AppData/Local/UnrealEngine/Common/DerivedDataCache/Buckets/BulkDataList/da/7d/4216421994ce1bdc999c7ac1bff1541e803d.udd" 3237
"C:/Users/zxxuh/AppData/Local/UnrealEngine/Common/DerivedDataCache/Buckets/BulkDataList/d9/3c/e08a25d5e7f1cae777f1ced9a772132532ac.udd" 3238
"C:/Users/zxxuh/AppData/Local/UnrealEngine/Common/DerivedDataCache/Buckets/BulkDataList/4d/41/99480b1ee4fc18decf25a35d27e6428e70fd.udd" 3239
"C:/Users/zxxuh/AppData/Local/UnrealEngine/Common/DerivedDataCache/Buckets/BulkDataList/57/0f/b650aab3e1bf484cd3d8f49ecbf038a45c22.udd" 3240
"C:/Users/zxxuh/AppData/Local/UnrealEngine/Common/DerivedDataCache/Buckets/BulkDataList/f1/69/64a84dc2f09c1f0b2b9041787b32528b50ca.udd" 3241
"C:/Users/zxxuh/AppData/Local/UnrealEngine/Common/DerivedDataCache/Buckets/BulkDataList/69/c6/c839d1f34d1ae2acb9847a6f015894421331.udd" 3242
"C:/Users/zxxuh/AppData/Local/UnrealEngine/Common/DerivedDataCache/Buckets/BulkDataList/61/1c/b1103ba487bccf3105ab2ee26ff2972755df.udd" 3243
"../../../Engine/Content/EngineMaterials/Substrate/Glints2/dict_0004_0003.uasset" 3244
"../../../Engine/Content/EngineMaterials/Substrate/Glints2/dict_0000_0035.uasset" 3245
"../../../Engine/Content/EngineMaterials/Substrate/Glints2/dict_0001_0233.uasset" 3246
"../../../Engine/Content/EngineMaterials/Substrate/Glints2/dict_0006_0001.uasset" 3247
"../../../Engine/Content/EngineMaterials/Substrate/Glints2/dict_0001_0175.uasset" 3248
"../../../Engine/Content/EngineMaterials/Substrate/Glints2/dict_0006_0160.uasset" 3249
"../../../Engine/Content/EngineMaterials/Substrate/Glints2/dict_0002_0088.uasset" 3250
"../../../Engine/Content/EngineMaterials/Substrate/Glints2/dict_0001_0195.uasset" 3251
"../../../Engine/Content/EngineMaterials/Substrate/Glints2/dict_0003_0114.uasset" 3252
"../../../Engine/Content/EngineMaterials/Substrate/Glints2/dict_0001_0153.uasset" 3253
"../../../Engine/Content/EngineMaterials/Substrate/Glints2/dict_0006_0134.uasset" 3254
"../../../Engine/Content/EngineMaterials/Substrate/Glints2/dict_0001_0091.uasset" 3255
"../../../Engine/Content/EngineMaterials/Substrate/Glints2/dict_0002_0099.uasset" 3256
"../../../Engine/Content/EngineMaterials/Substrate/Glints2/dict_0005_0030.uasset" 3257
"../../../Engine/Content/EngineMaterials/Substrate/Glints2/dict_0006_0129.uasset" 3258
"../../../Engine/Content/EngineMaterials/Substrate/Glints2/dict_0002_0250.uasset" 3259
"../../../Engine/Content/EngineMaterials/Substrate/Glints2/dict_0003_0076.uasset" 3260
"../../../Engine/Content/EngineMaterials/Substrate/Glints2/dict_0007_0034.uasset" 3261
"../../../Engine/Content/EngineMaterials/Substrate/Glints2/dict_0002_0004.uasset" 3262
"../../../Engine/Content/EngineMaterials/Substrate/Glints2/dict_0000_0239.uasset" 3263
"../../../Engine/Content/EngineMaterials/Substrate/Glints2/dict_0005_0176.uasset" 3264
"../../../Engine/Content/EngineMaterials/Substrate/Glints2/dict_0001_0051.uasset" 3265
"../../../Engine/Content/EngineMaterials/Substrate/Glints2/dict_0003_0123.uasset" 3266
"../../../Engine/Content/EngineMaterials/Substrate/Glints2/dict_0005_0192.uasset" 3267
"C:/Users/zxxuh/AppData/Local/UnrealEngine/Common/DerivedDataCache/Buckets/BulkDataList/ca/45/a0bbe7f5fbca2d7407a5395ed91f8bc58068.udd" 3268
"../../../Engine/Content/EngineMaterials/Substrate/Glints2/dict_0007_0050.uasset" 3269
"C:/Users/zxxuh/AppData/Local/UnrealEngine/Common/DerivedDataCache/Buckets/BulkDataList/fd/c3/f9613075b205d60bf05e6feacb625a6f1be3.udd" 3270
"../../../Engine/Content/EngineMaterials/Substrate/Glints2/dict_0006_0075.uasset" 3271
"C:/Users/zxxuh/AppData/Local/UnrealEngine/Common/DerivedDataCache/Buckets/BulkDataList/8d/2d/73e4b4453d3780651e68e741ef3d5cf27828.udd" 3272
"../../../Engine/Content/EngineMaterials/Substrate/Glints2/dict_0004_0071.uasset" 3273
"C:/Users/zxxuh/AppData/Local/UnrealEngine/Common/DerivedDataCache/Buckets/BulkDataList/7c/bd/6aa39ef9a32eabf199bb475424a5e76d9362.udd" 3274
"../../../Engine/Content/EngineMaterials/Substrate/Glints2/dict_0002_0126.uasset" 3275
"C:/Users/zxxuh/AppData/Local/UnrealEngine/Common/DerivedDataCache/Buckets/BulkDataList/5b/7c/cd9ffa547d908394de930e0a45c95ec8d9f4.udd" 3276
"../../../Engine/Content/EngineMaterials/Substrate/Glints2/dict_0005_0062.uasset" 3277
"../../../Engine/Content/EngineMaterials/Substrate/Glints2/dict_0007_0217.uasset" 3278
"C:/Users/zxxuh/AppData/Local/UnrealEngine/Common/DerivedDataCache/Buckets/BulkDataList/74/eb/fc5254098d5542ab9b32a53f16723f89cc23.udd" 3279
"C:/Users/zxxuh/AppData/Local/UnrealEngine/Common/DerivedDataCache/Buckets/BulkDataList/2a/15/596b594fddcedf3c87108a6d33db00473211.udd" 3280
"../../../Engine/Content/EngineMaterials/Substrate/Glints2/dict_0007_0032.uasset" 3281
"C:/Users/zxxuh/AppData/Local/UnrealEngine/Common/DerivedDataCache/Buckets/BulkDataList/47/29/d6ab83f366b8da7dd83235b2687f0e7aa591.udd" 3282
"../../../Engine/Content/EngineMaterials/Substrate/Glints2/dict_0005_0050.uasset" 3283
"C:/Users/zxxuh/AppData/Local/UnrealEngine/Common/DerivedDataCache/Buckets/BulkDataList/af/97/15d42774341539f2531c5adc4f7261f9ef28.udd" 3284
"C:/Users/zxxuh/AppData/Local/UnrealEngine/Common/DerivedDataCache/Buckets/BulkDataList/50/1d/2b7fe9bee94cb20c55d929123762b947de0b.udd" 3285
"C:/Users/zxxuh/AppData/Local/UnrealEngine/Common/DerivedDataCache/Buckets/BulkDataList/dc/5f/b0202d8720117c3854b2339b4203e4d0d724.udd" 3286
"C:/Users/zxxuh/AppData/Local/UnrealEngine/Common/DerivedDataCache/Buckets/BulkDataList/ce/54/cbfeed70dc33f88c8326effb585cff9a90f2.udd" 3287
"C:/Users/zxxuh/AppData/Local/UnrealEngine/Common/DerivedDataCache/Buckets/BulkDataList/6d/1c/d8652688a9f656e6ab4a68dbccfd59b17a1d.udd" 3288
"C:/Users/zxxuh/AppData/Local/UnrealEngine/Common/DerivedDataCache/Buckets/BulkDataList/27/b3/c81689b4eea951bfb19e4aee65257907bb29.udd" 3289
"C:/Users/zxxuh/AppData/Local/UnrealEngine/Common/DerivedDataCache/Buckets/BulkDataList/6d/aa/5e964872ca03b9777fe723f8dc9c4f05616b.udd" 3290
"C:/Users/zxxuh/AppData/Local/UnrealEngine/Common/DerivedDataCache/Buckets/BulkDataList/81/6f/73d57054933c15889acb0b203566429697d5.udd" 3291
"C:/Users/zxxuh/AppData/Local/UnrealEngine/Common/DerivedDataCache/Buckets/BulkDataList/c7/fe/7ba914d08973cc8a969f2b97988d3ae9c5df.udd" 3292
"C:/Users/zxxuh/AppData/Local/UnrealEngine/Common/DerivedDataCache/Buckets/BulkDataList/d3/d1/c0b010f58467d7a4595c2e3bd0fa0710f622.udd" 3293
"C:/Users/zxxuh/AppData/Local/UnrealEngine/Common/DerivedDataCache/Buckets/BulkDataList/00/fc/60498b2a83d52fb45ca57d9570a201af0dec.udd" 3294
"C:/Users/zxxuh/AppData/Local/UnrealEngine/Common/DerivedDataCache/Buckets/BulkDataList/83/6b/5d22a2e384b64d5babd16e9847b94ad6ba87.udd" 3295
"C:/Users/zxxuh/AppData/Local/UnrealEngine/Common/DerivedDataCache/Buckets/BulkDataList/94/38/d3f71677dd26b4f5c5630f96fe96d3983282.udd" 3296
"C:/Users/zxxuh/AppData/Local/UnrealEngine/Common/DerivedDataCache/Buckets/BulkDataList/8e/90/3ed34d149fe64162b344f15a73d2e96e0bdd.udd" 3297
"C:/Users/zxxuh/AppData/Local/UnrealEngine/Common/DerivedDataCache/Buckets/BulkDataList/4a/79/5505f26fc67f80d96d7ca3ba9c9919323848.udd" 3298
"C:/Users/zxxuh/AppData/Local/UnrealEngine/Common/DerivedDataCache/Buckets/BulkDataList/19/fb/964ff05063701593704a3fcd60c5885edaf5.udd" 3299
"C:/Users/zxxuh/AppData/Local/UnrealEngine/Common/DerivedDataCache/Buckets/BulkDataList/55/68/1be10bef03e66bff954a3170191dfe713943.udd" 3300
"C:/Users/zxxuh/AppData/Local/UnrealEngine/Common/DerivedDataCache/Buckets/BulkDataList/ce/16/a90056b3be51eebb319eba2b66b0011f9126.udd" 3301
"C:/Users/zxxuh/AppData/Local/UnrealEngine/Common/DerivedDataCache/Buckets/BulkDataList/70/5b/b32c349b78c6f648d94520d9b2643f3130e4.udd" 3302
"C:/Users/zxxuh/AppData/Local/UnrealEngine/Common/DerivedDataCache/Buckets/BulkDataList/5c/d3/ce09a6232f450f50ca629be6785cbc7e9275.udd" 3303
"C:/Users/zxxuh/AppData/Local/UnrealEngine/Common/DerivedDataCache/Buckets/BulkDataList/27/d2/4cd84f360c89e7fa4ac0b401f5ff1849b625.udd" 3304
"C:/Users/zxxuh/AppData/Local/UnrealEngine/Common/DerivedDataCache/Buckets/BulkDataList/32/49/a6352a519721965aee47ee9783cf9fbbb9f9.udd" 3305
"C:/Users/zxxuh/AppData/Local/UnrealEngine/Common/DerivedDataCache/Buckets/BulkDataList/26/82/54d983e4ac22e8065de297cb472d65603271.udd" 3306
"C:/Users/zxxuh/AppData/Local/UnrealEngine/Common/DerivedDataCache/Buckets/BulkDataList/8b/90/034680344b116e2a20fb40f1e1bb3a61e7c2.udd" 3307
"../../../Engine/Content/EngineMaterials/Substrate/Glints2/dict_0006_0077.uasset" 3308
"../../../Engine/Content/EngineMaterials/Substrate/Glints2/dict_0002_0120.uasset" 3309
"../../../Engine/Content/EngineMaterials/Substrate/Glints2/dict_0002_0158.uasset" 3310
"../../../Engine/Content/EngineMaterials/Substrate/Glints2/dict_0004_0094.uasset" 3311
"../../../Engine/Content/EngineMaterials/Substrate/Glints2/dict_0000_0028.uasset" 3312
"../../../Engine/Content/EngineMaterials/Substrate/Glints2/dict_0007_0038.uasset" 3313
"../../../Engine/Content/EngineMaterials/Substrate/Glints2/dict_0002_0002.uasset" 3314
"../../../Engine/Content/EngineMaterials/Substrate/Glints2/dict_0003_0188.uasset" 3315
"../../../Engine/Content/EngineMaterials/Substrate/Glints2/dict_0007_0249.uasset" 3316
"../../../Engine/Content/EngineMaterials/Substrate/Glints2/dict_0006_0103.uasset" 3317
"../../../Engine/Content/EngineMaterials/Substrate/Glints2/dict_0005_0183.uasset" 3318
"../../../Engine/Content/EngineMaterials/Substrate/Glints2/dict_0001_0203.uasset" 3319
"../../../Engine/Content/EngineMaterials/Substrate/Glints2/dict_0005_0169.uasset" 3320
"../../../Engine/Content/EngineMaterials/Substrate/Glints2/dict_0006_0107.uasset" 3321
"../../../Engine/Content/EngineMaterials/Substrate/Glints2/dict_0007_0162.uasset" 3322
"../../../Engine/Content/EngineMaterials/Substrate/Glints2/dict_0004_0106.uasset" 3323
"../../../Engine/Content/EngineMaterials/Substrate/Glints2/dict_0003_0038.uasset" 3324
"../../../Engine/Content/EngineMaterials/Substrate/Glints2/dict_0003_0135.uasset" 3325
"../../../Engine/Content/EngineMaterials/Substrate/Glints2/dict_0003_0009.uasset" 3326
"../../../Engine/Content/EngineMaterials/Substrate/Glints2/dict_0007_0210.uasset" 3327
"../../../Engine/Content/EngineMaterials/Substrate/Glints2/dict_0007_0106.uasset" 3328
"../../../Engine/Content/EngineMaterials/Substrate/Glints2/dict_0001_0201.uasset" 3329
"../../../Engine/Content/EngineMaterials/Substrate/Glints2/dict_0001_0106.uasset" 3330
"../../../Engine/Content/EngineMaterials/Substrate/Glints2/dict_0001_0219.uasset" 3331
"C:/Users/zxxuh/AppData/Local/UnrealEngine/Common/DerivedDataCache/Buckets/BulkDataList/41/ed/82993a68ecf1d97c56634a4563ff32bdf1ed.udd" 3332
"../../../Engine/Content/EngineMaterials/Substrate/Glints2/dict_0003_0224.uasset" 3333
"C:/Users/zxxuh/AppData/Local/UnrealEngine/Common/DerivedDataCache/Buckets/BulkDataList/c4/c3/2a50b1e210ba1684f3ece71f9261b750ef8d.udd" 3334
"../../../Engine/Content/EngineMaterials/Substrate/Glints2/dict_0002_0199.uasset" 3335
"C:/Users/zxxuh/AppData/Local/UnrealEngine/Common/DerivedDataCache/Buckets/BulkDataList/9a/91/e659f28906f0ffa03775bd8999d8555a1eb1.udd" 3336
"../../../Engine/Content/EngineMaterials/Substrate/Glints2/dict_0003_0022.uasset" 3337
"C:/Users/zxxuh/AppData/Local/UnrealEngine/Common/DerivedDataCache/Buckets/BulkDataList/c4/2d/8a3e6c011baf30b4de424e3e37a23c294faf.udd" 3338
"../../../Engine/Content/EngineMaterials/Substrate/Glints2/dict_0000_0165.uasset" 3339
"C:/Users/zxxuh/AppData/Local/UnrealEngine/Common/DerivedDataCache/Buckets/BulkDataList/f8/aa/cace7a98b49aaf56b95449461c0ed2786d9e.udd" 3340
"../../../Engine/Content/EngineMaterials/Substrate/Glints2/dict_0005_0134.uasset" 3341
"C:/Users/zxxuh/AppData/Local/UnrealEngine/Common/DerivedDataCache/Buckets/BulkDataList/d4/66/e970c146a93e8958d3cca73ecbb53cd3b6dd.udd" 3342
"../../../Engine/Content/EngineMaterials/Substrate/Glints2/dict_0004_0241.uasset" 3343
"C:/Users/zxxuh/AppData/Local/UnrealEngine/Common/DerivedDataCache/Buckets/BulkDataList/9d/34/e6c7117a92880cdb394fd0f7ea5213a2674f.udd" 3344
"../../../Engine/Content/EngineMaterials/Substrate/Glints2/dict_0003_0109.uasset" 3345
"C:/Users/zxxuh/AppData/Local/UnrealEngine/Common/DerivedDataCache/Buckets/BulkDataList/6a/c1/25ba4ab497559c80d37ed819925ce9ba165b.udd" 3346
"../../../Engine/Content/EngineMaterials/Substrate/Glints2/dict_0007_0082.uasset" 3347
"C:/Users/zxxuh/AppData/Local/UnrealEngine/Common/DerivedDataCache/Buckets/BulkDataList/0b/2c/473cac10bd81e4b8a28c3d216f7154ab1c5f.udd" 3348
"C:/Users/zxxuh/AppData/Local/UnrealEngine/Common/DerivedDataCache/Buckets/BulkDataList/62/75/f8eea515c81213681f5714ce5d8c1308bd3e.udd" 3349
"C:/Users/zxxuh/AppData/Local/UnrealEngine/Common/DerivedDataCache/Buckets/BulkDataList/de/6e/af9f0848929a0ead989154a3de1493609386.udd" 3350
"C:/Users/zxxuh/AppData/Local/UnrealEngine/Common/DerivedDataCache/Buckets/BulkDataList/73/87/a5beac92ac3092b0e756e77d79d749e6e2f2.udd" 3351
"C:/Users/zxxuh/AppData/Local/UnrealEngine/Common/DerivedDataCache/Buckets/BulkDataList/12/b9/f5463695f2ed9a0cd37dd0b2ea6af1091fcd.udd" 3352
"C:/Users/zxxuh/AppData/Local/UnrealEngine/Common/DerivedDataCache/Buckets/BulkDataList/e3/cb/3ab9bc2a0eedfbd52558c428828627f6feab.udd" 3353
"C:/Users/zxxuh/AppData/Local/UnrealEngine/Common/DerivedDataCache/Buckets/BulkDataList/a9/d4/81e19aeac118f09cd14536279bdbabb12fc8.udd" 3354
"C:/Users/zxxuh/AppData/Local/UnrealEngine/Common/DerivedDataCache/Buckets/BulkDataList/31/f9/7855b5be92ee80b05f6d23c8110d925c400d.udd" 3355
"C:/Users/zxxuh/AppData/Local/UnrealEngine/Common/DerivedDataCache/Buckets/BulkDataList/32/5b/6c81273e8827aa87fcf0891881ab70edaa78.udd" 3356
"C:/Users/zxxuh/AppData/Local/UnrealEngine/Common/DerivedDataCache/Buckets/BulkDataList/83/b9/64a9b293efc6144c0d732e2194ea3b56fbc5.udd" 3357
"C:/Users/zxxuh/AppData/Local/UnrealEngine/Common/DerivedDataCache/Buckets/BulkDataList/48/33/3de4a8edddda274503989f72fdd18f1b358d.udd" 3358
"C:/Users/zxxuh/AppData/Local/UnrealEngine/Common/DerivedDataCache/Buckets/BulkDataList/b1/83/9d5b560860a74db2b62a40a69942b487d82f.udd" 3359
"C:/Users/zxxuh/AppData/Local/UnrealEngine/Common/DerivedDataCache/Buckets/BulkDataList/45/9f/df2c9b7c3da920c74c4529955c5d82774b92.udd" 3360
"C:/Users/zxxuh/AppData/Local/UnrealEngine/Common/DerivedDataCache/Buckets/BulkDataList/1f/1a/eb9049d13c6ed4b85666f0a95a60d3acdf7c.udd" 3361
"C:/Users/zxxuh/AppData/Local/UnrealEngine/Common/DerivedDataCache/Buckets/BulkDataList/12/13/479109de57cc7083bc9b5283b2945248ce77.udd" 3362
"C:/Users/zxxuh/AppData/Local/UnrealEngine/Common/DerivedDataCache/Buckets/BulkDataList/a2/91/b18a77b3244d46780baef9ff18801bea66aa.udd" 3363
"C:/Users/zxxuh/AppData/Local/UnrealEngine/Common/DerivedDataCache/Buckets/BulkDataList/d8/a2/506f943bbe053245e66510528588c41192d2.udd" 3364
"C:/Users/zxxuh/AppData/Local/UnrealEngine/Common/DerivedDataCache/Buckets/BulkDataList/25/7c/049fdccc462eb85e727c6f4bd21c04678d9d.udd" 3365
"C:/Users/zxxuh/AppData/Local/UnrealEngine/Common/DerivedDataCache/Buckets/BulkDataList/1b/51/91e01115a2231b59fa84956c21268462796c.udd" 3366
"C:/Users/zxxuh/AppData/Local/UnrealEngine/Common/DerivedDataCache/Buckets/BulkDataList/25/08/eff7117538fd216c131cf127c17b4cf897d1.udd" 3367
"C:/Users/zxxuh/AppData/Local/UnrealEngine/Common/DerivedDataCache/Buckets/BulkDataList/39/1b/05136499bd76282bf8e93e044e7ec95a6207.udd" 3368
"C:/Users/zxxuh/AppData/Local/UnrealEngine/Common/DerivedDataCache/Buckets/BulkDataList/f6/80/db0acd23b6eeb7852a07962c849f299eda8e.udd" 3369
"C:/Users/zxxuh/AppData/Local/UnrealEngine/Common/DerivedDataCache/Buckets/BulkDataList/8d/90/20568c889b3915162ade05ca672dc28e9a7d.udd" 3370
"C:/Users/zxxuh/AppData/Local/UnrealEngine/Common/DerivedDataCache/Buckets/BulkDataList/ee/df/c4bf7a8e0bcb5086f7af1100e90b4910ca10.udd" 3371
"../../../Engine/Content/EngineMaterials/Substrate/Glints2/dict_0004_0100.uasset" 3372
"../../../Engine/Content/EngineMaterials/Substrate/Glints2/dict_0007_0194.uasset" 3373
"../../../Engine/Content/EngineMaterials/Substrate/Glints2/dict_0002_0006.uasset" 3374
"../../../Engine/Content/EngineMaterials/Substrate/Glints2/dict_0001_0217.uasset" 3375
"../../../Engine/Content/EngineMaterials/Substrate/Glints2/dict_0000_0200.uasset" 3376
"../../../Engine/Content/EngineMaterials/Substrate/Glints2/dict_0005_0209.uasset" 3377
"../../../Engine/Content/EngineMaterials/Substrate/Glints2/dict_0006_0237.uasset" 3378
"../../../Engine/Content/EngineMaterials/Substrate/Glints2/dict_0005_0063.uasset" 3379
"../../../Engine/Content/EngineMaterials/Substrate/Glints2/dict_0002_0155.uasset" 3380
"../../../Engine/Content/EngineMaterials/Substrate/Glints2/dict_0003_0103.uasset" 3381
"../../../Engine/Content/EngineMaterials/Substrate/Glints2/dict_0006_0167.uasset" 3382
"../../../Engine/Content/EngineMaterials/Substrate/Glints2/dict_0001_0246.uasset" 3383
"../../../Engine/Content/EngineMaterials/Substrate/Glints2/dict_0003_0006.uasset" 3384
"../../../Engine/Content/EngineMaterials/Substrate/Glints2/dict_0006_0181.uasset" 3385
"../../../Engine/Content/EngineMaterials/Substrate/Glints2/dict_0005_0084.uasset" 3386
"../../../Engine/Content/EngineMaterials/Substrate/Glints2/dict_0005_0076.uasset" 3387
"../../../Engine/Content/EngineMaterials/Substrate/Glints2/dict_0002_0160.uasset" 3388
"../../../Engine/Content/EngineMaterials/Substrate/Glints2/dict_0003_0161.uasset" 3389
"../../../Engine/Content/EngineMaterials/Substrate/Glints2/dict_0006_0113.uasset" 3390
"../../../Engine/Content/EngineMaterials/Substrate/Glints2/dict_0007_0218.uasset" 3391
"../../../Engine/Content/EngineMaterials/Substrate/Glints2/dict_0007_0080.uasset" 3392
"../../../Engine/Content/EngineMaterials/Substrate/Glints2/dict_0006_0088.uasset" 3393
"../../../Engine/Content/EngineMaterials/Substrate/Glints2/dict_0005_0105.uasset" 3394
"../../../Engine/Content/EngineMaterials/Substrate/Glints2/dict_0004_0217.uasset" 3395
"C:/Users/zxxuh/AppData/Local/UnrealEngine/Common/DerivedDataCache/Buckets/BulkDataList/a1/9a/21f66ddc7e774f1a94a0052091d8717b05e3.udd" 3396
"../../../Engine/Content/EngineMaterials/Substrate/Glints2/dict_0000_0055.uasset" 3397
"C:/Users/zxxuh/AppData/Local/UnrealEngine/Common/DerivedDataCache/Buckets/BulkDataList/5d/23/25a561ec8ed2a641783f68fb3bc51d4146c5.udd" 3398
"../../../Engine/Content/EngineMaterials/Substrate/Glints2/dict_0006_0021.uasset" 3399
"C:/Users/zxxuh/AppData/Local/UnrealEngine/Common/DerivedDataCache/Buckets/BulkDataList/39/98/7f33df9abfb41e7bbfd807946cecab4e902d.udd" 3400
"../../../Engine/Content/EngineMaterials/Substrate/Glints2/dict_0001_0035.uasset" 3401
"C:/Users/zxxuh/AppData/Local/UnrealEngine/Common/DerivedDataCache/Buckets/BulkDataList/4a/90/5eb42864e144fd358327ed0b3c59120e0f2a.udd" 3402
"../../../Engine/Content/EngineMaterials/Substrate/Glints2/dict_0000_0126.uasset" 3403
"C:/Users/zxxuh/AppData/Local/UnrealEngine/Common/DerivedDataCache/Buckets/BulkDataList/67/af/bc9f51e9e2468de1f5df8fff3f19a61233aa.udd" 3404
"../../../Engine/Content/EngineMaterials/Substrate/Glints2/dict_0006_0040.uasset" 3405
"C:/Users/zxxuh/AppData/Local/UnrealEngine/Common/DerivedDataCache/Buckets/BulkDataList/98/7d/14785b77feabaaf32030852f42c69fe2e31c.udd" 3406
"../../../Engine/Content/EngineMaterials/Substrate/Glints2/dict_0003_0064.uasset" 3407
"C:/Users/zxxuh/AppData/Local/UnrealEngine/Common/DerivedDataCache/Buckets/BulkDataList/46/0f/4ad74581cd3074604d9822a02e9d806723f3.udd" 3408
"../../../Engine/Content/EngineMaterials/Substrate/Glints2/dict_0000_0114.uasset" 3409
"C:/Users/zxxuh/AppData/Local/UnrealEngine/Common/DerivedDataCache/Buckets/BulkDataList/a1/57/f0f59fdce419d440334e5a89c8d2a3b6b73d.udd" 3410
"../../../Engine/Content/EngineMaterials/Substrate/Glints2/dict_0004_0127.uasset" 3411
"C:/Users/zxxuh/AppData/Local/UnrealEngine/Common/DerivedDataCache/Buckets/BulkDataList/e6/95/02027edac310554ff1bf8aab9f2cc457f26a.udd" 3412
"C:/Users/zxxuh/AppData/Local/UnrealEngine/Common/DerivedDataCache/Buckets/BulkDataList/7c/38/e5d45d6bc4f52b2aa7101d93380bcbb471e7.udd" 3413
"C:/Users/zxxuh/AppData/Local/UnrealEngine/Common/DerivedDataCache/Buckets/BulkDataList/6e/b8/3a80ae6a2756dc0f411bc05a367292f20acb.udd" 3414
"C:/Users/zxxuh/AppData/Local/UnrealEngine/Common/DerivedDataCache/Buckets/BulkDataList/1b/28/c3841d5a68ca5f5a4adee4b30c5acdacb7d5.udd" 3415
"C:/Users/zxxuh/AppData/Local/UnrealEngine/Common/DerivedDataCache/Buckets/BulkDataList/4b/40/fa3dc615d8b5811931561b77f0d4b9837c4b.udd" 3416
"C:/Users/zxxuh/AppData/Local/UnrealEngine/Common/DerivedDataCache/Buckets/BulkDataList/7b/da/cef2f49200309eb2ecdc718f587d4fecfbe0.udd" 3417
"C:/Users/zxxuh/AppData/Local/UnrealEngine/Common/DerivedDataCache/Buckets/BulkDataList/f0/60/d5390c7729e620d0212d583ded9f35c0d082.udd" 3418
"C:/Users/zxxuh/AppData/Local/UnrealEngine/Common/DerivedDataCache/Buckets/BulkDataList/c8/8d/c8ff7fbe735847a72ab4a680b276e651f30a.udd" 3419
"C:/Users/zxxuh/AppData/Local/UnrealEngine/Common/DerivedDataCache/Buckets/BulkDataList/7d/e4/db1b1a0ba6ff8c1e5e3014f7d273e30dd130.udd" 3420
"C:/Users/zxxuh/AppData/Local/UnrealEngine/Common/DerivedDataCache/Buckets/BulkDataList/86/d6/c34163705634b62803033f3c14cc5beebb7d.udd" 3421
"C:/Users/zxxuh/AppData/Local/UnrealEngine/Common/DerivedDataCache/Buckets/BulkDataList/4b/46/393226ceeb42fdcc1d2a34a0259d1a93fb6e.udd" 3422
"C:/Users/zxxuh/AppData/Local/UnrealEngine/Common/DerivedDataCache/Buckets/BulkDataList/99/17/9c4e321daa1f9264d36d4b1b6a7e68144f47.udd" 3423
"C:/Users/zxxuh/AppData/Local/UnrealEngine/Common/DerivedDataCache/Buckets/BulkDataList/be/a5/c50b42b8d6b6408d8fcbed0dc960687dbdd7.udd" 3424
"C:/Users/zxxuh/AppData/Local/UnrealEngine/Common/DerivedDataCache/Buckets/BulkDataList/5f/f5/4f980fad0630a782895b01bf9aeb0c469089.udd" 3425
"C:/Users/zxxuh/AppData/Local/UnrealEngine/Common/DerivedDataCache/Buckets/BulkDataList/82/e1/48f427b567a398a915649718db299f53763d.udd" 3426
"C:/Users/zxxuh/AppData/Local/UnrealEngine/Common/DerivedDataCache/Buckets/BulkDataList/b4/6b/677e958094138e2f266e4f05913394757a91.udd" 3427
"C:/Users/zxxuh/AppData/Local/UnrealEngine/Common/DerivedDataCache/Buckets/BulkDataList/d4/b1/2ed104ed5f252fc88baf537d2dea56519c44.udd" 3428
"C:/Users/zxxuh/AppData/Local/UnrealEngine/Common/DerivedDataCache/Buckets/BulkDataList/2d/a2/938fd4f440fca94c95e420fbedbfa14b0720.udd" 3429
"C:/Users/zxxuh/AppData/Local/UnrealEngine/Common/DerivedDataCache/Buckets/BulkDataList/d3/e3/74c11cd68723f1769c75e103113bdea590cc.udd" 3430
"C:/Users/zxxuh/AppData/Local/UnrealEngine/Common/DerivedDataCache/Buckets/BulkDataList/9d/cf/07228e1126376e0ff84043fd0452e546042b.udd" 3431
"C:/Users/zxxuh/AppData/Local/UnrealEngine/Common/DerivedDataCache/Buckets/BulkDataList/df/f9/e40c91cfa25b22b38e2105aed08f927af646.udd" 3432
"C:/Users/zxxuh/AppData/Local/UnrealEngine/Common/DerivedDataCache/Buckets/BulkDataList/a6/57/e8c3cb200176edf1b5c00f8675f9317da607.udd" 3433
"C:/Users/zxxuh/AppData/Local/UnrealEngine/Common/DerivedDataCache/Buckets/BulkDataList/b5/81/8592b263c0a5c3a62e1a6663a07b51d1a979.udd" 3434
"C:/Users/zxxuh/AppData/Local/UnrealEngine/Common/DerivedDataCache/Buckets/BulkDataList/2a/df/163907269f5ef06dcc425660d13937882fb2.udd" 3435
"../../../Engine/Content/EngineMaterials/Substrate/Glints2/dict_0004_0126.uasset" 3436
"../../../Engine/Content/EngineMaterials/Substrate/Glints2/dict_0007_0089.uasset" 3437
"../../../Engine/Content/EngineMaterials/Substrate/Glints2/dict_0002_0063.uasset" 3438
"../../../Engine/Content/EngineMaterials/Substrate/Glints2/dict_0001_0167.uasset" 3439
"../../../Engine/Content/EngineMaterials/Substrate/Glints2/dict_0007_0111.uasset" 3440
"../../../Engine/Content/EngineMaterials/Substrate/Glints2/dict_0006_0047.uasset" 3441
"../../../Engine/Content/EngineMaterials/Substrate/Glints2/dict_0005_0130.uasset" 3442
"../../../Engine/Content/EngineMaterials/Substrate/Glints2/dict_0003_0186.uasset" 3443
"../../../Engine/Content/EngineMaterials/Substrate/Glints2/dict_0002_0118.uasset" 3444
"../../../Engine/Content/EngineMaterials/Substrate/Glints2/dict_0005_0219.uasset" 3445
"../../../Engine/Content/EngineMaterials/Substrate/Glints2/dict_0002_0238.uasset" 3446
"../../../Engine/Content/EngineMaterials/Substrate/Glints2/dict_0002_0191.uasset" 3447
"../../../Engine/Content/EngineMaterials/Substrate/Glints2/dict_0007_0122.uasset" 3448
"../../../Engine/Content/EngineMaterials/Substrate/Glints2/dict_0000_0061.uasset" 3449
"../../../Engine/Content/EngineMaterials/Substrate/Glints2/dict_0000_0106.uasset" 3450
"../../../Engine/Content/EngineMaterials/Substrate/Glints2/dict_0004_0196.uasset" 3451
"../../../Engine/Content/EngineMaterials/Substrate/Glints2/dict_0007_0073.uasset" 3452
"../../../Engine/Content/EngineMaterials/Substrate/Glints2/dict_0007_0203.uasset" 3453
"../../../Engine/Content/EngineMaterials/Substrate/Glints2/dict_0003_0115.uasset" 3454
"../../../Engine/Content/EngineMaterials/Substrate/Glints2/dict_0002_0009.uasset" 3455
"../../../Engine/Content/EngineMaterials/Substrate/Glints2/dict_0001_0218.uasset" 3456
"../../../Engine/Content/EngineMaterials/Substrate/Glints2/dict_0007_0169.uasset" 3457
"../../../Engine/Content/EngineMaterials/Substrate/Glints2/dict_0001_0009.uasset" 3458
"../../../Engine/Content/EngineMaterials/Substrate/Glints2/dict_0000_0139.uasset" 3459
"C:/Users/zxxuh/AppData/Local/UnrealEngine/Common/DerivedDataCache/Buckets/BulkDataList/34/4a/be429f807c25eef4528d826f1bd117a19cdf.udd" 3460
"../../../Engine/Content/EngineMaterials/Substrate/Glints2/dict_0007_0068.uasset" 3461
"C:/Users/zxxuh/AppData/Local/UnrealEngine/Common/DerivedDataCache/Buckets/BulkDataList/81/b8/d0d9717db1abdd73aabbac6c004a860c5e48.udd" 3462
"../../../Engine/Content/EngineMaterials/Substrate/Glints2/dict_0006_0138.uasset" 3463
"../../../Engine/Content/EngineMaterials/Substrate/Glints2/dict_0005_0203.uasset" 3464
"C:/Users/zxxuh/AppData/Local/UnrealEngine/Common/DerivedDataCache/Buckets/BulkDataList/9b/ac/a97011dd5abac95496d39525d90a9cb79ad8.udd" 3465
"C:/Users/zxxuh/AppData/Local/UnrealEngine/Common/DerivedDataCache/Buckets/BulkDataList/55/21/053386ee89a9c3e67b7eb9bd868e9a5d7e28.udd" 3466
"../../../Engine/Content/EngineMaterials/Substrate/Glints2/dict_0005_0038.uasset" 3467
"../../../Engine/Content/EngineMaterials/Substrate/Glints2/dict_0000_0167.uasset" 3468
"C:/Users/zxxuh/AppData/Local/UnrealEngine/Common/DerivedDataCache/Buckets/BulkDataList/21/8b/059e74249493d915447a3c21926f8c880264.udd" 3469
"../../../Engine/Content/EngineMaterials/Substrate/Glints2/dict_0000_0147.uasset" 3470
"C:/Users/zxxuh/AppData/Local/UnrealEngine/Common/DerivedDataCache/Buckets/BulkDataList/78/ec/afa39c634084e5aa9e40cb39c6bed91db73b.udd" 3471
"C:/Users/zxxuh/AppData/Local/UnrealEngine/Common/DerivedDataCache/Buckets/BulkDataList/b5/e8/10d7f91e7748906df7fa13b62afd2d7b4a63.udd" 3472
"../../../Engine/Content/EngineMaterials/Substrate/Glints2/dict_0003_0230.uasset" 3473
"C:/Users/zxxuh/AppData/Local/UnrealEngine/Common/DerivedDataCache/Buckets/BulkDataList/82/4c/03ae7b49be8ab54841a48f4d16e7303f62c3.udd" 3474
"../../../Engine/Content/EngineMaterials/Substrate/Glints2/dict_0001_0100.uasset" 3475
"C:/Users/zxxuh/AppData/Local/UnrealEngine/Common/DerivedDataCache/Buckets/BulkDataList/a2/ae/caa666f491df24f26d74bd56f2bf3b475516.udd" 3476
"C:/Users/zxxuh/AppData/Local/UnrealEngine/Common/DerivedDataCache/Buckets/BulkDataList/1a/39/cc57acf3e2cfd2bfeb27672245fd06f6644d.udd" 3477
"C:/Users/zxxuh/AppData/Local/UnrealEngine/Common/DerivedDataCache/Buckets/BulkDataList/c6/7d/00e263ad2340605cfd36cb0c61d7f3d528d8.udd" 3478
"C:/Users/zxxuh/AppData/Local/UnrealEngine/Common/DerivedDataCache/Buckets/BulkDataList/dd/70/43a785ce480929aa6864b50f9d677225a823.udd" 3479
"C:/Users/zxxuh/AppData/Local/UnrealEngine/Common/DerivedDataCache/Buckets/BulkDataList/2b/58/b5e9cdd9050b9c8a6499e30c2c6c7edc4c6f.udd" 3480
"C:/Users/zxxuh/AppData/Local/UnrealEngine/Common/DerivedDataCache/Buckets/BulkDataList/04/ea/bfe40ce32aa96f116c6406fb2d91559c0625.udd" 3481
"C:/Users/zxxuh/AppData/Local/UnrealEngine/Common/DerivedDataCache/Buckets/BulkDataList/0d/e9/1352cd089e190791518cc305a247373a79e5.udd" 3482
"C:/Users/zxxuh/AppData/Local/UnrealEngine/Common/DerivedDataCache/Buckets/BulkDataList/20/7b/69700a14c7b2e791170a83a453cb610f70aa.udd" 3483
"C:/Users/zxxuh/AppData/Local/UnrealEngine/Common/DerivedDataCache/Buckets/BulkDataList/15/eb/5938e04632ff3746967578cb70eb1b2ad2a7.udd" 3484
"C:/Users/zxxuh/AppData/Local/UnrealEngine/Common/DerivedDataCache/Buckets/BulkDataList/13/b1/da4a9135cdeb6deffa45597ca7907e5241c8.udd" 3485
"C:/Users/zxxuh/AppData/Local/UnrealEngine/Common/DerivedDataCache/Buckets/BulkDataList/05/81/13dd74965933ca81b4b025c72e62ebb2cc12.udd" 3486
"C:/Users/zxxuh/AppData/Local/UnrealEngine/Common/DerivedDataCache/Buckets/BulkDataList/25/b9/2f8ca8cc16526f24bd4202fa1136d153d56a.udd" 3487
"C:/Users/zxxuh/AppData/Local/UnrealEngine/Common/DerivedDataCache/Buckets/BulkDataList/74/75/f6dbf53a385b03277d97ff8d2781ee5273e4.udd" 3488
"C:/Users/zxxuh/AppData/Local/UnrealEngine/Common/DerivedDataCache/Buckets/BulkDataList/5b/7a/ea15484bf33bb957f21b2583e8247faeba23.udd" 3489
"C:/Users/zxxuh/AppData/Local/UnrealEngine/Common/DerivedDataCache/Buckets/BulkDataList/28/f6/3ee1c69fb6ca66c6a79442542e737f018e56.udd" 3490
"C:/Users/zxxuh/AppData/Local/UnrealEngine/Common/DerivedDataCache/Buckets/BulkDataList/6e/61/e99637df23198e8126b864de73babb95723e.udd" 3491
"C:/Users/zxxuh/AppData/Local/UnrealEngine/Common/DerivedDataCache/Buckets/BulkDataList/d4/ef/74d04514deeb86dd31004f6790e33c3138b8.udd" 3492
"C:/Users/zxxuh/AppData/Local/UnrealEngine/Common/DerivedDataCache/Buckets/BulkDataList/69/bb/f9aab4616cfe326311c05f198cad47b43df1.udd" 3493
"C:/Users/zxxuh/AppData/Local/UnrealEngine/Common/DerivedDataCache/Buckets/BulkDataList/96/70/79aed2bacc30611fc46b9862daabcb4a5bf2.udd" 3494
"C:/Users/zxxuh/AppData/Local/UnrealEngine/Common/DerivedDataCache/Buckets/BulkDataList/9b/3d/ba2176a3ad3163578194341646df2c0090c3.udd" 3495
"C:/Users/zxxuh/AppData/Local/UnrealEngine/Common/DerivedDataCache/Buckets/BulkDataList/c3/55/178a2c4c808b464230267a17a8d09d9cc814.udd" 3496
"C:/Users/zxxuh/AppData/Local/UnrealEngine/Common/DerivedDataCache/Buckets/BulkDataList/b7/aa/0da60f7bfbc83314c0435327eea1d13dddad.udd" 3497
"C:/Users/zxxuh/AppData/Local/UnrealEngine/Common/DerivedDataCache/Buckets/BulkDataList/22/13/102e01aa15676063fd66566124743900a3b9.udd" 3498
"C:/Users/zxxuh/AppData/Local/UnrealEngine/Common/DerivedDataCache/Buckets/BulkDataList/b7/3c/ec8b1fc35d442632749fdddc200d728e8e21.udd" 3499
"../../../Engine/Content/EngineMaterials/Substrate/Glints2/dict_0007_0198.uasset" 3500
"../../../Engine/Content/EngineMaterials/Substrate/Glints2/dict_0005_0185.uasset" 3501
"../../../Engine/Content/EngineMaterials/Substrate/Glints2/dict_0005_0004.uasset" 3502
"../../../Engine/Content/EngineMaterials/Substrate/Glints2/dict_0003_0180.uasset" 3503
"../../../Engine/Content/EngineMaterials/Substrate/Glints2/dict_0007_0009.uasset" 3504
"../../../Engine/Content/EngineMaterials/Substrate/Glints2/dict_0006_0116.uasset" 3505
"../../../Engine/Content/EngineMaterials/Substrate/Glints2/dict_0006_0249.uasset" 3506
"../../../Engine/Content/EngineMaterials/Substrate/Glints2/dict_0001_0207.uasset" 3507
"../../../Engine/Content/EngineMaterials/Substrate/Glints2/dict_0001_0146.uasset" 3508
"../../../Engine/Content/EngineMaterials/Substrate/Glints2/dict_0002_0048.uasset" 3509
"../../../Engine/Content/EngineMaterials/Substrate/Glints2/dict_0004_0011.uasset" 3510
"../../../Engine/Content/EngineMaterials/Substrate/Glints2/dict_0006_0019.uasset" 3511
"../../../Engine/Content/EngineMaterials/Substrate/Glints2/dict_0001_0206.uasset" 3512
"../../../Engine/Content/EngineMaterials/Substrate/Glints2/dict_0002_0248.uasset" 3513
"../../../Engine/Content/EngineMaterials/Substrate/Glints2/dict_0002_0001.uasset" 3514
"../../../Engine/Content/EngineMaterials/Substrate/Glints2/dict_0000_0252.uasset" 3515
"../../../Engine/Content/EngineMaterials/Substrate/Glints2/dict_0004_0172.uasset" 3516
"../../../Engine/Content/EngineMaterials/Substrate/Glints2/dict_0003_0238.uasset" 3517
"../../../Engine/Content/EngineMaterials/Substrate/Glints2/dict_0002_0090.uasset" 3518
"../../../Engine/Content/EngineMaterials/Substrate/Glints2/dict_0004_0218.uasset" 3519
"../../../Engine/Content/EngineMaterials/Substrate/Glints2/dict_0006_0184.uasset" 3520
"../../../Engine/Content/EngineMaterials/Substrate/Glints2/dict_0001_0002.uasset" 3521
"../../../Engine/Content/EngineMaterials/Substrate/Glints2/dict_0004_0243.uasset" 3522
"../../../Engine/Content/EngineMaterials/Substrate/Glints2/dict_0006_0050.uasset" 3523
"C:/Users/zxxuh/AppData/Local/UnrealEngine/Common/DerivedDataCache/Buckets/BulkDataList/7c/28/77f87a5ab59cde28a18760b9508b7bd7a279.udd" 3524
"../../../Engine/Content/EngineMaterials/Substrate/Glints2/dict_0004_0240.uasset" 3525
"C:/Users/zxxuh/AppData/Local/UnrealEngine/Common/DerivedDataCache/Buckets/BulkDataList/19/09/292c0c0fa335766913dfc03d8281f738ffbd.udd" 3526
"../../../Engine/Content/EngineMaterials/Substrate/Glints2/dict_0003_0105.uasset" 3527
"C:/Users/zxxuh/AppData/Local/UnrealEngine/Common/DerivedDataCache/Buckets/BulkDataList/c9/4d/8680d58c4bbdbdca142e321ea0a74926a25c.udd" 3528
"../../../Engine/Content/EngineMaterials/Substrate/Glints2/dict_0002_0142.uasset" 3529
"C:/Users/zxxuh/AppData/Local/UnrealEngine/Common/DerivedDataCache/Buckets/BulkDataList/e2/1d/0ab45ef954d3906ecdb309f16ed5d49905cd.udd" 3530
"../../../Engine/Content/EngineMaterials/Substrate/Glints2/dict_0001_0059.uasset" 3531
"C:/Users/zxxuh/AppData/Local/UnrealEngine/Common/DerivedDataCache/Buckets/BulkDataList/d7/d0/d245a0bda74b0539938601574f8cafad3de7.udd" 3532
"../../../Engine/Content/EngineMaterials/Substrate/Glints2/dict_0000_0101.uasset" 3533
"C:/Users/zxxuh/AppData/Local/UnrealEngine/Common/DerivedDataCache/Buckets/BulkDataList/22/78/2ddcde1d2bcaa2f05e58260c0a0eb5986e34.udd" 3534
"../../../Engine/Content/EngineMaterials/Substrate/Glints2/dict_0000_0081.uasset" 3535
"C:/Users/zxxuh/AppData/Local/UnrealEngine/Common/DerivedDataCache/Buckets/BulkDataList/17/0b/fff137c6e07e14e7f222a21d4dc4e6fc5d70.udd" 3536
"../../../Engine/Content/EngineMaterials/Substrate/Glints2/dict_0006_0143.uasset" 3537
"C:/Users/zxxuh/AppData/Local/UnrealEngine/Common/DerivedDataCache/Buckets/BulkDataList/67/7e/23d2c431c7915b9f0e6a4de680572c22dc96.udd" 3538
"../../../Engine/Content/EngineMaterials/Substrate/Glints2/dict_0003_0185.uasset" 3539
"C:/Users/zxxuh/AppData/Local/UnrealEngine/Common/DerivedDataCache/Buckets/BulkDataList/53/00/ac159891a475410c0172713036f57d0896f0.udd" 3540
"C:/Users/zxxuh/AppData/Local/UnrealEngine/Common/DerivedDataCache/Buckets/BulkDataList/19/a9/09b06ced370b380e6b5c7531f402986c26f0.udd" 3541
"C:/Users/zxxuh/AppData/Local/UnrealEngine/Common/DerivedDataCache/Buckets/BulkDataList/09/c7/e3ec2ba52331afc42a0be1d6ce1f8aa7bcd0.udd" 3542
"C:/Users/zxxuh/AppData/Local/UnrealEngine/Common/DerivedDataCache/Buckets/BulkDataList/ee/83/6fe4efead4c6a8d22160cd9d633879d37f3a.udd" 3543
"C:/Users/zxxuh/AppData/Local/UnrealEngine/Common/DerivedDataCache/Buckets/BulkDataList/21/59/69a006b2cdd2eb022c1a218903d7c3e2e6e1.udd" 3544
"C:/Users/zxxuh/AppData/Local/UnrealEngine/Common/DerivedDataCache/Buckets/BulkDataList/48/33/08dae5c6eede7b4ea4cccf30f202d4ccf3d6.udd" 3545
"C:/Users/zxxuh/AppData/Local/UnrealEngine/Common/DerivedDataCache/Buckets/BulkDataList/21/d3/f5fa5af88a3c044385bf36082a81640d6272.udd" 3546
"C:/Users/zxxuh/AppData/Local/UnrealEngine/Common/DerivedDataCache/Buckets/BulkDataList/3e/85/491c6bd131c2df6c40a51699c4ff9400b2d4.udd" 3547
"C:/Users/zxxuh/AppData/Local/UnrealEngine/Common/DerivedDataCache/Buckets/BulkDataList/75/32/0bea146867481f50a146430990dbcbf5eeb4.udd" 3548
"C:/Users/zxxuh/AppData/Local/UnrealEngine/Common/DerivedDataCache/Buckets/BulkDataList/a9/b0/9751134a8fad99d8efdf0c46ddb27f744091.udd" 3549
"C:/Users/zxxuh/AppData/Local/UnrealEngine/Common/DerivedDataCache/Buckets/BulkDataList/de/bf/cc605e139e8c65e48a917b7700064aba82a4.udd" 3550
"C:/Users/zxxuh/AppData/Local/UnrealEngine/Common/DerivedDataCache/Buckets/BulkDataList/9d/1d/6aa059a36d525c2155d0c94e44b9328a3b78.udd" 3551
"C:/Users/zxxuh/AppData/Local/UnrealEngine/Common/DerivedDataCache/Buckets/BulkDataList/2a/da/88f038a754f6f8046f53604bece6f6e89262.udd" 3552
"C:/Users/zxxuh/AppData/Local/UnrealEngine/Common/DerivedDataCache/Buckets/BulkDataList/f1/71/9dfaaf5e65b72d7be4cb042ada70f262f7a6.udd" 3553
"C:/Users/zxxuh/AppData/Local/UnrealEngine/Common/DerivedDataCache/Buckets/BulkDataList/4c/48/c0c61d901fe5d4bb9e4e932a5efd46045a47.udd" 3554
"C:/Users/zxxuh/AppData/Local/UnrealEngine/Common/DerivedDataCache/Buckets/BulkDataList/0f/5b/975e61461b865f4a72fd9ef2b6e6b1f9d71e.udd" 3555
"C:/Users/zxxuh/AppData/Local/UnrealEngine/Common/DerivedDataCache/Buckets/BulkDataList/93/f7/25bcd8da0ed75e675e012f78ff467baff27a.udd" 3556
"C:/Users/zxxuh/AppData/Local/UnrealEngine/Common/DerivedDataCache/Buckets/BulkDataList/c1/1d/dee3de478cf81e25e7571b2f55a325997dc6.udd" 3557
"C:/Users/zxxuh/AppData/Local/UnrealEngine/Common/DerivedDataCache/Buckets/BulkDataList/10/02/87a66db30c30ad05a599f6e6963bb7257b08.udd" 3558
"C:/Users/zxxuh/AppData/Local/UnrealEngine/Common/DerivedDataCache/Buckets/BulkDataList/0f/6f/2c178a4009788dcca400a155bd040704cb6e.udd" 3559
"C:/Users/zxxuh/AppData/Local/UnrealEngine/Common/DerivedDataCache/Buckets/BulkDataList/eb/83/af126cccc3b6ce7fd8e3dd12cda6d41fb868.udd" 3560
"C:/Users/zxxuh/AppData/Local/UnrealEngine/Common/DerivedDataCache/Buckets/BulkDataList/95/69/6fdd77af773820799eefa4b43a8bbedf90a3.udd" 3561
"C:/Users/zxxuh/AppData/Local/UnrealEngine/Common/DerivedDataCache/Buckets/BulkDataList/d3/c8/c67241a386f5f24701e4902b1bd999eef2ac.udd" 3562
"C:/Users/zxxuh/AppData/Local/UnrealEngine/Common/DerivedDataCache/Buckets/BulkDataList/28/2d/dba7f2523e1f36ee5e4cacc2152eee938fe3.udd" 3563
"../../../Engine/Content/EngineMaterials/Substrate/Glints2/dict_0000_0083.uasset" 3564
"../../../Engine/Content/EngineMaterials/Substrate/Glints2/dict_0001_0158.uasset" 3565
"../../../Engine/Content/EngineMaterials/Substrate/Glints2/dict_0007_0057.uasset" 3566
"../../../Engine/Content/EngineMaterials/Substrate/Glints2/dict_0002_0008.uasset" 3567
"../../../Engine/Content/EngineMaterials/Substrate/Glints2/dict_0006_0064.uasset" 3568
"../../../Engine/Content/EngineMaterials/Substrate/Glints2/dict_0007_0041.uasset" 3569
"../../../Engine/Content/EngineMaterials/Substrate/Glints2/dict_0001_0198.uasset" 3570
"../../../Engine/Content/EngineMaterials/Substrate/Glints2/dict_0002_0021.uasset" 3571
"../../../Engine/Content/EngineMaterials/Substrate/Glints2/dict_0000_0220.uasset" 3572
"../../../Engine/Content/EngineMaterials/Substrate/Glints2/dict_0000_0155.uasset" 3573
"../../../Engine/Content/EngineMaterials/Substrate/Glints2/dict_0000_0007.uasset" 3574
"../../../Engine/Content/EngineMaterials/Substrate/Glints2/dict_0007_0195.uasset" 3575
"../../../Engine/Content/EngineMaterials/Substrate/Glints2/dict_0007_0243.uasset" 3576
"../../../Engine/Content/EngineMaterials/Substrate/Glints2/dict_0007_0164.uasset" 3577
"../../../Engine/Content/EngineMaterials/Substrate/Glints2/dict_0003_0070.uasset" 3578
"../../../Engine/Content/EngineMaterials/Substrate/Glints2/dict_0001_0113.uasset" 3579
"../../../Engine/Content/EngineMaterials/Substrate/Glints2/dict_0002_0226.uasset" 3580
"../../../Engine/Content/EngineMaterials/Substrate/Glints2/dict_0001_0119.uasset" 3581
"../../../Engine/Content/EngineMaterials/Substrate/Glints2/dict_0000_0010.uasset" 3582
"../../../Engine/Content/EngineMaterials/Substrate/Glints2/dict_0005_0016.uasset" 3583
"../../../Engine/Content/EngineMaterials/Substrate/Glints2/dict_0000_0233.uasset" 3584
"../../../Engine/Content/EngineMaterials/Substrate/Glints2/dict_0001_0208.uasset" 3585
"../../../Engine/Content/EngineMaterials/Substrate/Glints2/dict_0004_0163.uasset" 3586
"../../../Engine/Content/EngineMaterials/Substrate/Glints2/dict_0001_0037.uasset" 3587
"../../../Engine/Content/EngineMaterials/Substrate/Glints2/dict_0007_0115.uasset" 3588
"C:/Users/zxxuh/AppData/Local/UnrealEngine/Common/DerivedDataCache/Buckets/BulkDataList/01/d9/b1377d29bc4963c4f883bab4f61e7c64da71.udd" 3589
"C:/Users/zxxuh/AppData/Local/UnrealEngine/Common/DerivedDataCache/Buckets/BulkDataList/53/5d/4e089c7fbaf65aad3c832e9d7bf204c6aaa1.udd" 3590
"../../../Engine/Content/EngineMaterials/Substrate/Glints2/dict_0005_0246.uasset" 3591
"C:/Users/zxxuh/AppData/Local/UnrealEngine/Common/DerivedDataCache/Buckets/BulkDataList/6a/ec/141c9f76fa5a83cade90e58746e7828d3e1a.udd" 3592
"../../../Engine/Content/EngineMaterials/Substrate/Glints2/dict_0002_0235.uasset" 3593
"C:/Users/zxxuh/AppData/Local/UnrealEngine/Common/DerivedDataCache/Buckets/BulkDataList/fa/8d/afa26410a9c2ad9672aba57a6bb6f12ae748.udd" 3594
"../../../Engine/Content/EngineMaterials/Substrate/Glints2/dict_0006_0168.uasset" 3595
"C:/Users/zxxuh/AppData/Local/UnrealEngine/Common/DerivedDataCache/Buckets/BulkDataList/e6/ba/0460cbc588cc07f8f82900c5630f54311640.udd" 3596
"../../../Engine/Content/EngineMaterials/Substrate/Glints2/dict_0005_0031.uasset" 3597
"C:/Users/zxxuh/AppData/Local/UnrealEngine/Common/DerivedDataCache/Buckets/BulkDataList/9b/21/53f5993a77b117a14d07fe809dab1d4ac82d.udd" 3598
"../../../Engine/Content/EngineMaterials/Substrate/Glints2/dict_0004_0008.uasset" 3599
"C:/Users/zxxuh/AppData/Local/UnrealEngine/Common/DerivedDataCache/Buckets/BulkDataList/13/8f/ab1b37a582717bb091d7ba4b75c2a7116704.udd" 3600
"../../../Engine/Content/EngineMaterials/Substrate/Glints2/dict_0006_0178.uasset" 3601
"C:/Users/zxxuh/AppData/Local/UnrealEngine/Common/DerivedDataCache/Buckets/BulkDataList/91/14/83e01b156d18ae506d9bf9a9a59037f79fc2.udd" 3602
"../../../Engine/Content/EngineMaterials/Substrate/Glints2/dict_0004_0181.uasset" 3603
"C:/Users/zxxuh/AppData/Local/UnrealEngine/Common/DerivedDataCache/Buckets/BulkDataList/82/c9/aca89cec8decb0f990b864341b9eed523cb2.udd" 3604
"C:/Users/zxxuh/AppData/Local/UnrealEngine/Common/DerivedDataCache/Buckets/BulkDataList/a7/39/a33df0ad97bbfff58e8364beb3ecba32b329.udd" 3605
"C:/Users/zxxuh/AppData/Local/UnrealEngine/Common/DerivedDataCache/Buckets/BulkDataList/5f/b8/d91e1378d17d27cc6ef8d342c95aec24c556.udd" 3606
"C:/Users/zxxuh/AppData/Local/UnrealEngine/Common/DerivedDataCache/Buckets/BulkDataList/7f/21/f0d348925c85969fcc1f42e01e6bf4fa481d.udd" 3607
"C:/Users/zxxuh/AppData/Local/UnrealEngine/Common/DerivedDataCache/Buckets/BulkDataList/63/c9/a393a85373d4238b6ab6d1c6bd074b9892af.udd" 3608
"C:/Users/zxxuh/AppData/Local/UnrealEngine/Common/DerivedDataCache/Buckets/BulkDataList/7b/df/d3b5ff195fc49387361304c69e3fae0376f5.udd" 3609
"C:/Users/zxxuh/AppData/Local/UnrealEngine/Common/DerivedDataCache/Buckets/BulkDataList/33/10/257fc9d3154335ecba7cebc1b2166fb48f52.udd" 3610
"C:/Users/zxxuh/AppData/Local/UnrealEngine/Common/DerivedDataCache/Buckets/BulkDataList/08/9c/ad2d4d038b6559eaf377ef20ec08b52c6f51.udd" 3611
"C:/Users/zxxuh/AppData/Local/UnrealEngine/Common/DerivedDataCache/Buckets/BulkDataList/c6/b7/af2e8f5bc576710c45b8ff2784e4162a1e32.udd" 3612
"C:/Users/zxxuh/AppData/Local/UnrealEngine/Common/DerivedDataCache/Buckets/BulkDataList/f9/d4/140578c1b3269ee6396820675783b29e3586.udd" 3613
"C:/Users/zxxuh/AppData/Local/UnrealEngine/Common/DerivedDataCache/Buckets/BulkDataList/fc/a3/0b93b7c2d5e5d5486a4eea5868387eb360dd.udd" 3614
"C:/Users/zxxuh/AppData/Local/UnrealEngine/Common/DerivedDataCache/Buckets/BulkDataList/0e/e7/5be26d4ce0736bb789648eede9ff83561aee.udd" 3615
"C:/Users/zxxuh/AppData/Local/UnrealEngine/Common/DerivedDataCache/Buckets/BulkDataList/7a/06/232a51b78cc586349f2b155d52347ee1d75f.udd" 3616
"C:/Users/zxxuh/AppData/Local/UnrealEngine/Common/DerivedDataCache/Buckets/BulkDataList/86/90/1c9f8c6ecda6cbc7f085bb5a3bcda46f4304.udd" 3617
"C:/Users/zxxuh/AppData/Local/UnrealEngine/Common/DerivedDataCache/Buckets/BulkDataList/b1/1c/bfdc2d30231ce04328d516d95bf0a2d29b5e.udd" 3618
"C:/Users/zxxuh/AppData/Local/UnrealEngine/Common/DerivedDataCache/Buckets/BulkDataList/3c/d3/0a6f1fbcc26865db3cf05f97193ad624f60a.udd" 3619
"C:/Users/zxxuh/AppData/Local/UnrealEngine/Common/DerivedDataCache/Buckets/BulkDataList/b2/61/d5dad5fca963825accfd3483927989c12e9a.udd" 3620
"C:/Users/zxxuh/AppData/Local/UnrealEngine/Common/DerivedDataCache/Buckets/BulkDataList/9a/60/3f80b1fe95e13e8f275a8c7fa721a6f61ba2.udd" 3621
"C:/Users/zxxuh/AppData/Local/UnrealEngine/Common/DerivedDataCache/Buckets/BulkDataList/40/1b/bf0d0e370ef37c69c58dde002a093be09c91.udd" 3622
"C:/Users/zxxuh/AppData/Local/UnrealEngine/Common/DerivedDataCache/Buckets/BulkDataList/cf/1c/6df87fa379a7eb4eaf6af35a222f1250762f.udd" 3623
"C:/Users/zxxuh/AppData/Local/UnrealEngine/Common/DerivedDataCache/Buckets/BulkDataList/99/40/be962ab002c41ddba61d7a209569994419c3.udd" 3624
"C:/Users/zxxuh/AppData/Local/UnrealEngine/Common/DerivedDataCache/Buckets/BulkDataList/0e/8c/d30ae7e1d31c7a00bc8776dbe8558b2a94c2.udd" 3625
"C:/Users/zxxuh/AppData/Local/UnrealEngine/Common/DerivedDataCache/Buckets/BulkDataList/c9/22/1d623bb0e25e4388b58d5bd3347614c66735.udd" 3626
"C:/Users/zxxuh/AppData/Local/UnrealEngine/Common/DerivedDataCache/Buckets/BulkDataList/75/8a/422d227d697e8dcdbe2b42e4abea1473af57.udd" 3627
"../../../Engine/Content/EngineMaterials/Substrate/Glints2/dict_0000_0089.uasset" 3628
"../../../Engine/Content/EngineMaterials/Substrate/Glints2/dict_0004_0060.uasset" 3629
"../../../Engine/Content/EngineMaterials/Substrate/Glints2/dict_0006_0137.uasset" 3630
"../../../Engine/Content/EngineMaterials/Substrate/Glints2/dict_0001_0225.uasset" 3631
"../../../Engine/Content/EngineMaterials/Substrate/Glints2/dict_0000_0158.uasset" 3632
"../../../Engine/Content/EngineMaterials/Substrate/Glints2/dict_0003_0128.uasset" 3633
"../../../Engine/Content/EngineMaterials/Substrate/Glints2/dict_0000_0024.uasset" 3634
"../../../Engine/Content/EngineMaterials/Substrate/Glints2/dict_0000_0109.uasset" 3635
"../../../Engine/Content/EngineMaterials/Substrate/Glints2/dict_0006_0141.uasset" 3636
"../../../Engine/Content/EngineMaterials/Substrate/Glints2/dict_0005_0102.uasset" 3637
"../../../Engine/Content/EngineMaterials/Substrate/Glints2/dict_0004_0020.uasset" 3638
"../../../Engine/Content/EngineMaterials/Substrate/Glints2/dict_0007_0017.uasset" 3639
"../../../Engine/Content/EngineMaterials/Substrate/Glints2/dict_0003_0016.uasset" 3640
"../../../Engine/Content/EngineMaterials/Substrate/Glints2/dict_0002_0149.uasset" 3641
"../../../Engine/Content/EngineMaterials/Substrate/Glints2/dict_0001_0194.uasset" 3642
"../../../Engine/Content/EngineMaterials/Substrate/Glints2/dict_0005_0250.uasset" 3643
"../../../Engine/Content/EngineMaterials/Substrate/Glints2/dict_0006_0244.uasset" 3644
"../../../Engine/Content/EngineMaterials/Substrate/Glints2/dict_0000_0026.uasset" 3645
"../../../Engine/Content/EngineMaterials/Substrate/Glints2/dict_0006_0139.uasset" 3646
"../../../Engine/Content/EngineMaterials/Substrate/Glints2/dict_0007_0085.uasset" 3647
"../../../Engine/Content/EngineMaterials/Substrate/Glints2/dict_0003_0140.uasset" 3648
"../../../Engine/Content/EngineMaterials/Substrate/Glints2/dict_0005_0058.uasset" 3649
"../../../Engine/Content/EngineMaterials/Substrate/Glints2/dict_0000_0211.uasset" 3650
"../../../Engine/Content/EngineMaterials/Substrate/Glints2/dict_0001_0244.uasset" 3651
"C:/Users/zxxuh/AppData/Local/UnrealEngine/Common/DerivedDataCache/Buckets/BulkDataList/42/85/be556826b2d8187aaa919b1dab41f7c5400d.udd" 3652
"../../../Engine/Content/EngineMaterials/Substrate/Glints2/dict_0006_0211.uasset" 3653
"C:/Users/zxxuh/AppData/Local/UnrealEngine/Common/DerivedDataCache/Buckets/BulkDataList/13/25/862e88f189c3f1a08313f3698ea6bb68079a.udd" 3654
"../../../Engine/Content/EngineMaterials/Substrate/Glints2/dict_0005_0153.uasset" 3655
"C:/Users/zxxuh/AppData/Local/UnrealEngine/Common/DerivedDataCache/Buckets/BulkDataList/df/58/a60bf0ab1f3504b930a0d9d610eb2887ea30.udd" 3656
"../../../Engine/Content/EngineMaterials/Substrate/Glints2/dict_0005_0245.uasset" 3657
"C:/Users/zxxuh/AppData/Local/UnrealEngine/Common/DerivedDataCache/Buckets/BulkDataList/76/92/2a9c5280bb7cc37d50cc768e9a6ed1c2bc31.udd" 3658
"../../../Engine/Content/EngineMaterials/Substrate/Glints2/dict_0005_0186.uasset" 3659
"C:/Users/zxxuh/AppData/Local/UnrealEngine/Common/DerivedDataCache/Buckets/BulkDataList/8b/8b/b5d5a9c34c89de1c5693db8d976b867c0598.udd" 3660
"../../../Engine/Content/EngineMaterials/Substrate/Glints2/dict_0000_0152.uasset" 3661
"C:/Users/zxxuh/AppData/Local/UnrealEngine/Common/DerivedDataCache/Buckets/BulkDataList/d2/7e/aa5bf52b80edb9609b119c4e932758a94e2e.udd" 3662
"../../../Engine/Content/EngineMaterials/Substrate/Glints2/dict_0000_0041.uasset" 3663
"C:/Users/zxxuh/AppData/Local/UnrealEngine/Common/DerivedDataCache/Buckets/BulkDataList/c7/9c/d69ce647003aa890909e14e64118c74ef7c4.udd" 3664
"../../../Engine/Content/EngineMaterials/Substrate/Glints2/dict_0007_0079.uasset" 3665
"C:/Users/zxxuh/AppData/Local/UnrealEngine/Common/DerivedDataCache/Buckets/BulkDataList/56/7f/fdbb5d273f6a6c4d31585f80dda1a1bb4cf3.udd" 3666
"../../../Engine/Content/EngineMaterials/Substrate/Glints2/dict_0005_0225.uasset" 3667
"C:/Users/zxxuh/AppData/Local/UnrealEngine/Common/DerivedDataCache/Buckets/BulkDataList/6c/ba/2befcb5389202ed719d2066cc95259a2c9d9.udd" 3668
"C:/Users/zxxuh/AppData/Local/UnrealEngine/Common/DerivedDataCache/Buckets/BulkDataList/a4/ee/0c5927dd9d994ed7bc154ac2d047187b2266.udd" 3669
"C:/Users/zxxuh/AppData/Local/UnrealEngine/Common/DerivedDataCache/Buckets/BulkDataList/33/a2/888e4baeaf84654361fba92d1306d245d995.udd" 3670
"C:/Users/zxxuh/AppData/Local/UnrealEngine/Common/DerivedDataCache/Buckets/BulkDataList/7f/e8/cd37d593b3eb89eecb36b45bd076cb3cef91.udd" 3671
"C:/Users/zxxuh/AppData/Local/UnrealEngine/Common/DerivedDataCache/Buckets/BulkDataList/2a/59/02d94931892cbee106c0ae2ab89c49c6965c.udd" 3672
"C:/Users/zxxuh/AppData/Local/UnrealEngine/Common/DerivedDataCache/Buckets/BulkDataList/8b/22/00aa5b2107e3954c81bd002ac515a80689f8.udd" 3673
"C:/Users/zxxuh/AppData/Local/UnrealEngine/Common/DerivedDataCache/Buckets/BulkDataList/fe/69/2790b2309c4170b05aed98be9374a5c6b0cd.udd" 3674
"C:/Users/zxxuh/AppData/Local/UnrealEngine/Common/DerivedDataCache/Buckets/BulkDataList/fb/f4/eb72b99ff7bedae33be07bd9e11c25dd1f0c.udd" 3675
"C:/Users/zxxuh/AppData/Local/UnrealEngine/Common/DerivedDataCache/Buckets/BulkDataList/82/76/e7f11a400f876ef666fc0812e8fc54291659.udd" 3676
"C:/Users/zxxuh/AppData/Local/UnrealEngine/Common/DerivedDataCache/Buckets/BulkDataList/b0/96/1f2e3118acf355c4422f10413b405cdc4bb2.udd" 3677
"C:/Users/zxxuh/AppData/Local/UnrealEngine/Common/DerivedDataCache/Buckets/BulkDataList/49/90/c9fe4a2bdd3a6a314f887405f3824d36176e.udd" 3678
"C:/Users/zxxuh/AppData/Local/UnrealEngine/Common/DerivedDataCache/Buckets/BulkDataList/cc/67/0a4f62342a57d027e16df84fd3d01900929f.udd" 3679
"C:/Users/zxxuh/AppData/Local/UnrealEngine/Common/DerivedDataCache/Buckets/BulkDataList/c3/54/6108cf6a0221f18a0b2a64be04939c6794dc.udd" 3680
"C:/Users/zxxuh/AppData/Local/UnrealEngine/Common/DerivedDataCache/Buckets/BulkDataList/06/d6/ee62d214f14211aa4f92a3eba808a5b35ba9.udd" 3681
"C:/Users/zxxuh/AppData/Local/UnrealEngine/Common/DerivedDataCache/Buckets/BulkDataList/2e/71/e35f34d1aef9f81beba077a5093c58c1cade.udd" 3682
"C:/Users/zxxuh/AppData/Local/UnrealEngine/Common/DerivedDataCache/Buckets/BulkDataList/58/57/1ba3d9c8b47ffbf211c644eca50f0ec401f5.udd" 3683
"C:/Users/zxxuh/AppData/Local/UnrealEngine/Common/DerivedDataCache/Buckets/BulkDataList/b9/a6/8540f834d1713c2495c3578b78e486d13666.udd" 3684
"C:/Users/zxxuh/AppData/Local/UnrealEngine/Common/DerivedDataCache/Buckets/BulkDataList/76/b7/2ea7fe210e9f5bc36d78e51caabd135f0a95.udd" 3685
"C:/Users/zxxuh/AppData/Local/UnrealEngine/Common/DerivedDataCache/Buckets/BulkDataList/1b/dd/ff3efd63de7e72f8d66ae9c9ed857c09091f.udd" 3686
"C:/Users/zxxuh/AppData/Local/UnrealEngine/Common/DerivedDataCache/Buckets/BulkDataList/df/90/a561e08b4cdcd0a096383fef8513b31bb2d6.udd" 3687
"C:/Users/zxxuh/AppData/Local/UnrealEngine/Common/DerivedDataCache/Buckets/BulkDataList/39/73/5036c2da534d92faccce1c167a592e3127fa.udd" 3688
"C:/Users/zxxuh/AppData/Local/UnrealEngine/Common/DerivedDataCache/Buckets/BulkDataList/15/27/628e77795710491eed13ff05663864241c7c.udd" 3689
"C:/Users/zxxuh/AppData/Local/UnrealEngine/Common/DerivedDataCache/Buckets/BulkDataList/64/c8/69d2c3e0dc1ff8843a2be737f8478ba00fc7.udd" 3690
"C:/Users/zxxuh/AppData/Local/UnrealEngine/Common/DerivedDataCache/Buckets/BulkDataList/d4/f2/3e3f34bbae871b365cf43cd39aa9863ef4dd.udd" 3691
"../../../Engine/Content/EngineMaterials/Substrate/Glints2/dict_0003_0110.uasset" 3692
"../../../Engine/Content/EngineMaterials/Substrate/Glints2/dict_0004_0098.uasset" 3693
"../../../Engine/Content/EngineMaterials/Substrate/Glints2/dict_0002_0190.uasset" 3694
"../../../Engine/Content/EngineMaterials/Substrate/Glints2/dict_0005_0201.uasset" 3695
"../../../Engine/Content/EngineMaterials/Substrate/Glints2/dict_0000_0103.uasset" 3696
"../../../Engine/Content/EngineMaterials/Substrate/Glints2/dict_0007_0022.uasset" 3697
"../../../Engine/Content/EngineMaterials/Substrate/Glints2/dict_0000_0144.uasset" 3698
"../../../Engine/Content/EngineMaterials/Substrate/Glints2/dict_0001_0074.uasset" 3699
"../../../Engine/Content/EngineMaterials/Substrate/Glints2/dict_0006_0026.uasset" 3700
"../../../Engine/Content/EngineMaterials/Substrate/Glints2/dict_0006_0200.uasset" 3701
"../../../Engine/Content/EngineMaterials/Substrate/Glints2/dict_0002_0007.uasset" 3702
"../../../Engine/Content/EngineMaterials/Substrate/Glints2/dict_0003_0085.uasset" 3703
"../../../Engine/Content/EngineMaterials/Substrate/Glints2/dict_0007_0067.uasset" 3704
"../../../Engine/Content/EngineMaterials/Substrate/Glints2/dict_0000_0216.uasset" 3705
"../../../Engine/Content/EngineMaterials/Substrate/Glints2/dict_0004_0048.uasset" 3706
"../../../Engine/Content/EngineMaterials/Substrate/Glints2/dict_0003_0181.uasset" 3707
"../../../Engine/Content/EngineMaterials/Substrate/Glints2/dict_0007_0096.uasset" 3708
"../../../Engine/Content/EngineMaterials/Substrate/Glints2/dict_0003_0189.uasset" 3709
"../../../Engine/Content/EngineMaterials/Substrate/Glints2/dict_0006_0166.uasset" 3710
"../../../Engine/Content/EngineMaterials/Substrate/Glints2/dict_0000_0240.uasset" 3711
"../../../Engine/Content/EngineMaterials/Substrate/Glints2/dict_0002_0200.uasset" 3712
"../../../Engine/Content/EngineMaterials/Substrate/Glints2/dict_0000_0005.uasset" 3713
"../../../Engine/Content/EngineMaterials/Substrate/Glints2/dict_0004_0090.uasset" 3714
"../../../Engine/Content/EngineMaterials/Substrate/Glints2/dict_0003_0231.uasset" 3715
"C:/Users/zxxuh/AppData/Local/UnrealEngine/Common/DerivedDataCache/Buckets/BulkDataList/ff/b9/db123a5a1c12a5f8d2be8fb1ef5ef8efd038.udd" 3716
"../../../Engine/Content/EngineMaterials/Substrate/Glints2/dict_0000_0196.uasset" 3717
"C:/Users/zxxuh/AppData/Local/UnrealEngine/Common/DerivedDataCache/Buckets/BulkDataList/f5/49/8dd1b5fae41b409dcf39b10eed5b1f803cde.udd" 3718
"../../../Engine/Content/EngineMaterials/Substrate/Glints2/dict_0000_0119.uasset" 3719
"C:/Users/zxxuh/AppData/Local/UnrealEngine/Common/DerivedDataCache/Buckets/BulkDataList/33/93/c22a2cc6af66c996a1f71809e2a6cebb2c11.udd" 3720
"../../../Engine/Content/EngineMaterials/Substrate/Glints2/dict_0006_0254.uasset" 3721
"C:/Users/zxxuh/AppData/Local/UnrealEngine/Common/DerivedDataCache/Buckets/BulkDataList/3b/02/5fa41eae47435ea93d84ea2668fa2346cb96.udd" 3722
"../../../Engine/Content/EngineMaterials/Substrate/Glints2/dict_0006_0066.uasset" 3723
"C:/Users/zxxuh/AppData/Local/UnrealEngine/Common/DerivedDataCache/Buckets/BulkDataList/94/b3/d86a7d59045ff67705247e925de20e28479d.udd" 3724
"../../../Engine/Content/EngineMaterials/Substrate/Glints2/dict_0001_0213.uasset" 3725
"C:/Users/zxxuh/AppData/Local/UnrealEngine/Common/DerivedDataCache/Buckets/BulkDataList/26/40/9240dbd084f2d319cab39dd69d067af84a6c.udd" 3726
"../../../Engine/Content/EngineMaterials/Substrate/Glints2/dict_0004_0250.uasset" 3727
"C:/Users/zxxuh/AppData/Local/UnrealEngine/Common/DerivedDataCache/Buckets/BulkDataList/bc/27/563bd0b941b494dcb1f9f3363745961b13ea.udd" 3728
"../../../Engine/Content/EngineMaterials/Substrate/Glints2/dict_0004_0143.uasset" 3729
"C:/Users/zxxuh/AppData/Local/UnrealEngine/Common/DerivedDataCache/Buckets/BulkDataList/2b/a6/27def3938e583fb4a95f79ab74a806ae28bf.udd" 3730
"../../../Engine/Content/EngineMaterials/Substrate/Glints2/dict_0003_0111.uasset" 3731
"C:/Users/zxxuh/AppData/Local/UnrealEngine/Common/DerivedDataCache/Buckets/BulkDataList/5b/d5/daffa5137f15e14808d6394d7c6d4d4c101e.udd" 3732
"C:/Users/zxxuh/AppData/Local/UnrealEngine/Common/DerivedDataCache/Buckets/BulkDataList/fa/e7/a01dd633a52be880ec046dde3436de9d5874.udd" 3733
"C:/Users/zxxuh/AppData/Local/UnrealEngine/Common/DerivedDataCache/Buckets/BulkDataList/f6/d7/95c2a5360fcbc7ddb0cf113d219fe523169d.udd" 3734
"C:/Users/zxxuh/AppData/Local/UnrealEngine/Common/DerivedDataCache/Buckets/BulkDataList/fd/f9/3a9d547effe05a4fdaf05dfa9f0b42f5c08e.udd" 3735
"C:/Users/zxxuh/AppData/Local/UnrealEngine/Common/DerivedDataCache/Buckets/BulkDataList/21/e9/15eff12cd2371429b3fef0beb668d8a16260.udd" 3736
"C:/Users/zxxuh/AppData/Local/UnrealEngine/Common/DerivedDataCache/Buckets/BulkDataList/c0/24/7bef2fab2d97bfcb2ef0b8a1bb7f6495b14c.udd" 3737
"C:/Users/zxxuh/AppData/Local/UnrealEngine/Common/DerivedDataCache/Buckets/BulkDataList/fb/33/191fa13600dbded83fcdfba80d1dfcc5d972.udd" 3738
"C:/Users/zxxuh/AppData/Local/UnrealEngine/Common/DerivedDataCache/Buckets/BulkDataList/11/9b/e4bc3ca76cfd51892ff4cfd3ce204fa900a4.udd" 3739
"C:/Users/zxxuh/AppData/Local/UnrealEngine/Common/DerivedDataCache/Buckets/BulkDataList/4f/3f/a860c57288294bdc55ea07f1fe9addef0b44.udd" 3740
"C:/Users/zxxuh/AppData/Local/UnrealEngine/Common/DerivedDataCache/Buckets/BulkDataList/58/6f/be443daeb1f0f70fcbd3bfe6d4341333dddb.udd" 3741
"C:/Users/zxxuh/AppData/Local/UnrealEngine/Common/DerivedDataCache/Buckets/BulkDataList/f9/a9/484c99111ca8d499a96d91c9d1a221787a48.udd" 3742
"C:/Users/zxxuh/AppData/Local/UnrealEngine/Common/DerivedDataCache/Buckets/BulkDataList/d6/b0/f4039f915d58bfab4ee4787cd1ffd8f765c8.udd" 3743
"C:/Users/zxxuh/AppData/Local/UnrealEngine/Common/DerivedDataCache/Buckets/BulkDataList/6d/bf/d0e79420b966ac911806af34d1f0cdc79d2c.udd" 3744
"C:/Users/zxxuh/AppData/Local/UnrealEngine/Common/DerivedDataCache/Buckets/BulkDataList/0d/94/832a5130e9066515ea7480648ea47e28d559.udd" 3745
"C:/Users/zxxuh/AppData/Local/UnrealEngine/Common/DerivedDataCache/Buckets/BulkDataList/d8/14/c58a886765d4ed2e1112a1951ae3109e5991.udd" 3746
"C:/Users/zxxuh/AppData/Local/UnrealEngine/Common/DerivedDataCache/Buckets/BulkDataList/b8/f4/a4e6c32d0a9e38b3bf810769d95e789e1d02.udd" 3747
"C:/Users/zxxuh/AppData/Local/UnrealEngine/Common/DerivedDataCache/Buckets/BulkDataList/fc/f0/092907ffce83279af059a407360a2eaab936.udd" 3748
"C:/Users/zxxuh/AppData/Local/UnrealEngine/Common/DerivedDataCache/Buckets/BulkDataList/ec/dd/fa1b7b05ba5e30c72b6559b44db9a0e42ab1.udd" 3749
"C:/Users/zxxuh/AppData/Local/UnrealEngine/Common/DerivedDataCache/Buckets/BulkDataList/a1/61/6a93928ba810c008cd46638a44202b58df82.udd" 3750
"C:/Users/zxxuh/AppData/Local/UnrealEngine/Common/DerivedDataCache/Buckets/BulkDataList/64/39/56eca7e9fda118f1685365b2dc091789431b.udd" 3751
"C:/Users/zxxuh/AppData/Local/UnrealEngine/Common/DerivedDataCache/Buckets/BulkDataList/ba/49/4794004eeeffd551b04f350642e093d48f0a.udd" 3752
"C:/Users/zxxuh/AppData/Local/UnrealEngine/Common/DerivedDataCache/Buckets/BulkDataList/c7/ad/2583e5bc284aece8899100d10ee1f7118ced.udd" 3753
"C:/Users/zxxuh/AppData/Local/UnrealEngine/Common/DerivedDataCache/Buckets/BulkDataList/72/8b/146cbe7aaf5856ecf4fe234f8b2113844a2b.udd" 3754
"C:/Users/zxxuh/AppData/Local/UnrealEngine/Common/DerivedDataCache/Buckets/BulkDataList/f4/10/d30c5b0f2aa6b20eebe48a7c75c8eac9d50d.udd" 3755
"../../../Engine/Content/EngineMaterials/Substrate/Glints2/dict_0004_0118.uasset" 3756
"../../../Engine/Content/EngineMaterials/Substrate/Glints2/dict_0006_0224.uasset" 3757
"../../../Engine/Content/EngineMaterials/Substrate/Glints2/dict_0004_0017.uasset" 3758
"../../../Engine/Content/EngineMaterials/Substrate/Glints2/dict_0005_0151.uasset" 3759
"../../../Engine/Content/EngineMaterials/Substrate/Glints2/dict_0006_0187.uasset" 3760
"../../../Engine/Content/EngineMaterials/Substrate/Glints2/dict_0000_0032.uasset" 3761
"../../../Engine/Content/EngineMaterials/Substrate/Glints2/dict_0006_0061.uasset" 3762
"../../../Engine/Content/EngineMaterials/Substrate/Glints2/dict_0001_0210.uasset" 3763
"../../../Engine/Content/EngineMaterials/Substrate/Glints2/dict_0004_0075.uasset" 3764
"../../../Engine/Content/EngineMaterials/Substrate/Glints2/dict_0001_0063.uasset" 3765
"../../../Engine/Content/EngineMaterials/Substrate/Glints2/dict_0000_0209.uasset" 3766
"../../../Engine/Content/EngineMaterials/Substrate/Glints2/dict_0003_0208.uasset" 3767
"../../../Engine/Content/EngineMaterials/Substrate/Glints2/dict_0004_0146.uasset" 3768
"../../../Engine/Content/EngineMaterials/Substrate/Glints2/dict_0001_0181.uasset" 3769
"../../../Engine/Content/EngineMaterials/Substrate/Glints2/dict_0001_0121.uasset" 3770
"../../../Engine/Content/EngineMaterials/Substrate/Glints2/dict_0001_0005.uasset" 3771
"../../../Engine/Content/EngineMaterials/Substrate/Glints2/dict_0002_0253.uasset" 3772
"../../../Engine/Content/EngineMaterials/Substrate/Glints2/dict_0002_0244.uasset" 3773
"../../../Engine/Content/EngineMaterials/Substrate/Glints2/dict_0000_0045.uasset" 3774
"../../../Engine/Content/EngineMaterials/Substrate/Glints2/dict_0007_0118.uasset" 3775
"../../../Engine/Content/EngineMaterials/Substrate/Glints2/dict_0002_0194.uasset" 3776
"../../../Engine/Content/EngineMaterials/Substrate/Glints2/dict_0005_0255.uasset" 3777
"../../../Engine/Content/EngineMaterials/Substrate/Glints2/dict_0003_0127.uasset" 3778
"../../../Engine/Content/EngineMaterials/Substrate/Glints2/dict_0001_0017.uasset" 3779
"C:/Users/zxxuh/AppData/Local/UnrealEngine/Common/DerivedDataCache/Buckets/BulkDataList/62/52/7fa3a69e20c6c1860eced5dab6fbd1e053a8.udd" 3780
"../../../Engine/Content/EngineMaterials/Substrate/Glints2/dict_0001_0117.uasset" 3781
"C:/Users/zxxuh/AppData/Local/UnrealEngine/Common/DerivedDataCache/Buckets/BulkDataList/96/8b/bdad763c87d21b74bc39e3bbcedb74a7fe87.udd" 3782
"../../../Engine/Content/EngineMaterials/Substrate/Glints2/dict_0001_0011.uasset" 3783
"C:/Users/zxxuh/AppData/Local/UnrealEngine/Common/DerivedDataCache/Buckets/BulkDataList/8b/d8/91c96bdfc9d6f373e67a599d980d0aa78776.udd" 3784
"../../../Engine/Content/EngineMaterials/Substrate/Glints2/dict_0006_0171.uasset" 3785
"C:/Users/zxxuh/AppData/Local/UnrealEngine/Common/DerivedDataCache/Buckets/BulkDataList/13/e0/943e19e04dd71dfc72c856e4bb47c623bcf4.udd" 3786
"../../../Engine/Content/EngineMaterials/Substrate/Glints2/dict_0003_0175.uasset" 3787
"C:/Users/zxxuh/AppData/Local/UnrealEngine/Common/DerivedDataCache/Buckets/BulkDataList/d0/60/b4cc4519f7681d4410b33ccdd95d592a824f.udd" 3788
"../../../Engine/Content/EngineMaterials/Substrate/Glints2/dict_0000_0056.uasset" 3789
"C:/Users/zxxuh/AppData/Local/UnrealEngine/Common/DerivedDataCache/Buckets/BulkDataList/29/34/06b304d23c711b33dac33f27fd4e88cf43ea.udd" 3790
"../../../Engine/Content/EngineMaterials/Substrate/Glints2/dict_0007_0035.uasset" 3791
"C:/Users/zxxuh/AppData/Local/UnrealEngine/Common/DerivedDataCache/Buckets/BulkDataList/e4/5d/ab4ef52c2dbe39c79df3d99eafa9ec0638d7.udd" 3792
"../../../Engine/Content/EngineMaterials/Substrate/Glints2/dict_0001_0070.uasset" 3793
"C:/Users/zxxuh/AppData/Local/UnrealEngine/Common/DerivedDataCache/Buckets/BulkDataList/45/30/7a51cd929c2531c3fbade5d42e40ae502753.udd" 3794
"../../../Engine/Content/EngineMaterials/Substrate/Glints2/dict_0006_0159.uasset" 3795
"C:/Users/zxxuh/AppData/Local/UnrealEngine/Common/DerivedDataCache/Buckets/BulkDataList/00/22/f82678d14f9868f295fcec91b1d7aac11c6a.udd" 3796
"C:/Users/zxxuh/AppData/Local/UnrealEngine/Common/DerivedDataCache/Buckets/BulkDataList/59/6a/4a7c135ecf8eed40d1c799f9c401c12d811d.udd" 3797
"C:/Users/zxxuh/AppData/Local/UnrealEngine/Common/DerivedDataCache/Buckets/BulkDataList/f2/6d/27acbc2295555d5934a4ac61b7b2bf3eb31d.udd" 3798
"C:/Users/zxxuh/AppData/Local/UnrealEngine/Common/DerivedDataCache/Buckets/BulkDataList/b2/60/889c4eb8f00ed2c924a7f760806927b18b2d.udd" 3799
"C:/Users/zxxuh/AppData/Local/UnrealEngine/Common/DerivedDataCache/Buckets/BulkDataList/82/2b/e921f6dd14df325aca3dcd632b14b9d99b93.udd" 3800
"C:/Users/zxxuh/AppData/Local/UnrealEngine/Common/DerivedDataCache/Buckets/BulkDataList/6d/5b/ac2bc9b7a90a8b88638b6c43051f13c850f9.udd" 3801
"C:/Users/zxxuh/AppData/Local/UnrealEngine/Common/DerivedDataCache/Buckets/BulkDataList/e6/95/6a225b4545a91343e07347e126d7bfe7c0ae.udd" 3802
"C:/Users/zxxuh/AppData/Local/UnrealEngine/Common/DerivedDataCache/Buckets/BulkDataList/dd/2f/625b59bc296c19a450e44853af167c149934.udd" 3803
"C:/Users/zxxuh/AppData/Local/UnrealEngine/Common/DerivedDataCache/Buckets/BulkDataList/70/44/29e05361e65c8045b95e9e84b8f70b6f7571.udd" 3804
"C:/Users/zxxuh/AppData/Local/UnrealEngine/Common/DerivedDataCache/Buckets/BulkDataList/b3/09/49b80756917b800c4b8c9aeed6604d62f761.udd" 3805
"C:/Users/zxxuh/AppData/Local/UnrealEngine/Common/DerivedDataCache/Buckets/BulkDataList/0d/3f/a979fcd63e0c9b712b95cf27ada7ec358d27.udd" 3806
"C:/Users/zxxuh/AppData/Local/UnrealEngine/Common/DerivedDataCache/Buckets/BulkDataList/dd/ce/738c03f8a0c15ca74bc79aee6d74fff9ba95.udd" 3807
"C:/Users/zxxuh/AppData/Local/UnrealEngine/Common/DerivedDataCache/Buckets/BulkDataList/20/d5/1615cd5fcdd23328757e7a5ab3e5b9754229.udd" 3808
"C:/Users/zxxuh/AppData/Local/UnrealEngine/Common/DerivedDataCache/Buckets/BulkDataList/06/c4/1fcffc27d6839bd23e156f5c87560390aee6.udd" 3809
"C:/Users/zxxuh/AppData/Local/UnrealEngine/Common/DerivedDataCache/Buckets/BulkDataList/32/77/cb3c4078d906fd3e94510a297b5e27ad4bdf.udd" 3810
"C:/Users/zxxuh/AppData/Local/UnrealEngine/Common/DerivedDataCache/Buckets/BulkDataList/aa/df/5a007e0e36c4d3de377ca393b13655a470b9.udd" 3811
"C:/Users/zxxuh/AppData/Local/UnrealEngine/Common/DerivedDataCache/Buckets/BulkDataList/8c/ef/aa55a34c837bb384d14800d680ce737dbd9a.udd" 3812
"C:/Users/zxxuh/AppData/Local/UnrealEngine/Common/DerivedDataCache/Buckets/BulkDataList/0e/32/e9c80ee2e788ed3c9b6c4075de57869a0689.udd" 3813
"C:/Users/zxxuh/AppData/Local/UnrealEngine/Common/DerivedDataCache/Buckets/BulkDataList/63/91/06fa81263ea5db56de7148e2e4bddfcd76ea.udd" 3814
"C:/Users/zxxuh/AppData/Local/UnrealEngine/Common/DerivedDataCache/Buckets/BulkDataList/03/ab/8c228a4c42b4fb4924b681bd7977960e3be8.udd" 3815
"C:/Users/zxxuh/AppData/Local/UnrealEngine/Common/DerivedDataCache/Buckets/BulkDataList/9c/e2/d2c02a2aeefcda8ba296300eb665dad576c0.udd" 3816
"C:/Users/zxxuh/AppData/Local/UnrealEngine/Common/DerivedDataCache/Buckets/BulkDataList/6d/e2/23a885d4fef7913d58097ebd55699f136003.udd" 3817
"C:/Users/zxxuh/AppData/Local/UnrealEngine/Common/DerivedDataCache/Buckets/BulkDataList/c5/ed/a13bb904b3363883d177795eaa79c31e6e9b.udd" 3818
"C:/Users/zxxuh/AppData/Local/UnrealEngine/Common/DerivedDataCache/Buckets/BulkDataList/2c/95/eccb1c3a8e4a3ede057c83ccd3eec3f21748.udd" 3819
"../../../Engine/Content/EngineMaterials/Substrate/Glints2/dict_0004_0049.uasset" 3820
"../../../Engine/Content/EngineMaterials/Substrate/Glints2/dict_0005_0191.uasset" 3821
"../../../Engine/Content/EngineMaterials/Substrate/Glints2/dict_0004_0170.uasset" 3822
"../../../Engine/Content/EngineMaterials/Substrate/Glints2/dict_0004_0041.uasset" 3823
"../../../Engine/Content/EngineMaterials/Substrate/Glints2/dict_0007_0030.uasset" 3824
"../../../Engine/Content/EngineMaterials/Substrate/Glints2/dict_0001_0152.uasset" 3825
"../../../Engine/Content/EngineMaterials/Substrate/Glints2/dict_0001_0048.uasset" 3826
"../../../Engine/Content/EngineMaterials/Substrate/Glints2/dict_0001_0182.uasset" 3827
"../../../Engine/Content/EngineMaterials/Substrate/Glints2/dict_0004_0023.uasset" 3828
"../../../Engine/Content/EngineMaterials/Substrate/Glints2/dict_0007_0126.uasset" 3829
"../../../Engine/Content/EngineMaterials/Substrate/Glints2/dict_0007_0142.uasset" 3830
"../../../Engine/Content/EngineMaterials/Substrate/Glints2/dict_0001_0204.uasset" 3831
"../../../Engine/Content/EngineMaterials/Substrate/Glints2/dict_0005_0100.uasset" 3832
"../../../Engine/Content/EngineMaterials/Substrate/Glints2/dict_0001_0214.uasset" 3833
"../../../Engine/Content/EngineMaterials/Substrate/Glints2/dict_0002_0041.uasset" 3834
"../../../Engine/Content/EngineMaterials/Substrate/Glints2/dict_0000_0113.uasset" 3835
"../../../Engine/Content/EngineMaterials/Substrate/Glints2/dict_0004_0244.uasset" 3836
"../../../Engine/Content/EngineMaterials/Substrate/Glints2/dict_0004_0251.uasset" 3837
"../../../Engine/Content/EngineMaterials/Substrate/Glints2/dict_0004_0076.uasset" 3838
"../../../Engine/Content/EngineMaterials/Substrate/Glints2/dict_0004_0042.uasset" 3839
"../../../Engine/Content/EngineMaterials/Substrate/Glints2/dict_0003_0129.uasset" 3840
"../../../Engine/Content/EngineMaterials/Substrate/Glints2/dict_0004_0180.uasset" 3841
"../../../Engine/Content/EngineMaterials/Substrate/Glints2/dict_0006_0005.uasset" 3842
"../../../Engine/Content/EngineMaterials/Substrate/Glints2/dict_0005_0126.uasset" 3843
"C:/Users/zxxuh/AppData/Local/UnrealEngine/Common/DerivedDataCache/Buckets/BulkDataList/46/ed/ffedb920bec312758a65c52a90aeca0a2d18.udd" 3844
"../../../Engine/Content/EngineMaterials/Substrate/Glints2/dict_0003_0028.uasset" 3845
"C:/Users/zxxuh/AppData/Local/UnrealEngine/Common/DerivedDataCache/Buckets/BulkDataList/08/18/6b9ef9ba71b841030e05a9997be0ded37dc9.udd" 3846
"../../../Engine/Content/EngineMaterials/Substrate/Glints2/dict_0001_0168.uasset" 3847
"C:/Users/zxxuh/AppData/Local/UnrealEngine/Common/DerivedDataCache/Buckets/BulkDataList/dd/28/f4eec058c5bb6e8c9d6d939c958d4a19edfa.udd" 3848
"../../../Engine/Content/EngineMaterials/Substrate/Glints2/dict_0006_0229.uasset" 3849
"C:/Users/zxxuh/AppData/Local/UnrealEngine/Common/DerivedDataCache/Buckets/BulkDataList/c6/42/3880dbca267747090aa16654bead0893ce8d.udd" 3850
"../../../Engine/Content/EngineMaterials/Substrate/Glints2/dict_0000_0115.uasset" 3851
"C:/Users/zxxuh/AppData/Local/UnrealEngine/Common/DerivedDataCache/Buckets/BulkDataList/09/97/6514b337fc2b619f93a41df73f94ad579e71.udd" 3852
"../../../Engine/Content/EngineMaterials/Substrate/Glints2/dict_0000_0013.uasset" 3853
"C:/Users/zxxuh/AppData/Local/UnrealEngine/Common/DerivedDataCache/Buckets/BulkDataList/11/c6/54b73df4eda739e5bea93d11fc6612db6f8d.udd" 3854
"../../../Engine/Content/EngineMaterials/Substrate/Glints2/dict_0002_0225.uasset" 3855
"C:/Users/zxxuh/AppData/Local/UnrealEngine/Common/DerivedDataCache/Buckets/BulkDataList/a5/4c/adfb063a677ae5b20789c7063f2bb8f0bd3d.udd" 3856
"../../../Engine/Content/EngineMaterials/Substrate/Glints2/dict_0006_0078.uasset" 3857
"C:/Users/zxxuh/AppData/Local/UnrealEngine/Common/DerivedDataCache/Buckets/BulkDataList/30/b5/37aba181f3628cf76e000b626ee0d1509d01.udd" 3858
"../../../Engine/Content/EngineMaterials/Substrate/Glints2/dict_0003_0196.uasset" 3859
"C:/Users/zxxuh/AppData/Local/UnrealEngine/Common/DerivedDataCache/Buckets/BulkDataList/29/ed/6f46a7d791278289a5438f2cc71b8b7b1402.udd" 3860
"C:/Users/zxxuh/AppData/Local/UnrealEngine/Common/DerivedDataCache/Buckets/BulkDataList/77/cf/9ce129141c9991d0e1eb99f9667edefbbf92.udd" 3861
"C:/Users/zxxuh/AppData/Local/UnrealEngine/Common/DerivedDataCache/Buckets/BulkDataList/d4/5b/80847b9673932a7c9dbf4cbe4b7fbb3dc62e.udd" 3862
"C:/Users/zxxuh/AppData/Local/UnrealEngine/Common/DerivedDataCache/Buckets/BulkDataList/af/92/e05382e9027e01fd287630438bfd54f47cb1.udd" 3863
"C:/Users/zxxuh/AppData/Local/UnrealEngine/Common/DerivedDataCache/Buckets/BulkDataList/28/9d/eee217b76106559bcaddca9c3212cf831d7e.udd" 3864
"C:/Users/zxxuh/AppData/Local/UnrealEngine/Common/DerivedDataCache/Buckets/BulkDataList/75/fb/ff5f58ebd5c569deffb284fd780b0a79e09f.udd" 3865
"C:/Users/zxxuh/AppData/Local/UnrealEngine/Common/DerivedDataCache/Buckets/BulkDataList/98/dd/591a22c4e554ac73bb4deb07ae2c69a6e5e7.udd" 3866
"C:/Users/zxxuh/AppData/Local/UnrealEngine/Common/DerivedDataCache/Buckets/BulkDataList/12/d9/6242a3c4cdc422aee9d70c37113af927e2b8.udd" 3867
"C:/Users/zxxuh/AppData/Local/UnrealEngine/Common/DerivedDataCache/Buckets/BulkDataList/c8/5a/25a5a7da88180c396fc8253f33374b65278a.udd" 3868
"C:/Users/zxxuh/AppData/Local/UnrealEngine/Common/DerivedDataCache/Buckets/BulkDataList/ad/a1/042a7361e673d0a9d7d1dfe713675676481e.udd" 3869
"C:/Users/zxxuh/AppData/Local/UnrealEngine/Common/DerivedDataCache/Buckets/BulkDataList/84/db/4d1034a598f3cfa2afccfe68d5c28c864d6b.udd" 3870
"C:/Users/zxxuh/AppData/Local/UnrealEngine/Common/DerivedDataCache/Buckets/BulkDataList/6f/0a/582f702d83f3b12c6b162e1a7560bebee503.udd" 3871
"C:/Users/zxxuh/AppData/Local/UnrealEngine/Common/DerivedDataCache/Buckets/BulkDataList/c9/74/99580c31c4af163c2b93ebccfd18a4c87bfc.udd" 3872
"C:/Users/zxxuh/AppData/Local/UnrealEngine/Common/DerivedDataCache/Buckets/BulkDataList/66/02/12ddd62d1549f7cf3178b65ec2794accf5ea.udd" 3873
"C:/Users/zxxuh/AppData/Local/UnrealEngine/Common/DerivedDataCache/Buckets/BulkDataList/7e/e0/ab08515b6aa51549fba80e200c8c5c6d48cb.udd" 3874
"C:/Users/zxxuh/AppData/Local/UnrealEngine/Common/DerivedDataCache/Buckets/BulkDataList/be/dc/ff24378c8e16053c0fd6beb97cbfec0363c5.udd" 3875
"C:/Users/zxxuh/AppData/Local/UnrealEngine/Common/DerivedDataCache/Buckets/BulkDataList/6f/c3/947244452cfce67c52385af57e0513f95748.udd" 3876
"C:/Users/zxxuh/AppData/Local/UnrealEngine/Common/DerivedDataCache/Buckets/BulkDataList/a0/49/0aaea9bda5e7144603592057d96d80d0d36a.udd" 3877
"C:/Users/zxxuh/AppData/Local/UnrealEngine/Common/DerivedDataCache/Buckets/BulkDataList/02/0f/08efb128cff53b82bde31d1f98250aec39c3.udd" 3878
"C:/Users/zxxuh/AppData/Local/UnrealEngine/Common/DerivedDataCache/Buckets/BulkDataList/34/22/55498ae6829fb8c29527b8a25b193b9bd763.udd" 3879
"C:/Users/zxxuh/AppData/Local/UnrealEngine/Common/DerivedDataCache/Buckets/BulkDataList/0f/5e/542bd440a97792b3192349334a7b2b5dd573.udd" 3880
"C:/Users/zxxuh/AppData/Local/UnrealEngine/Common/DerivedDataCache/Buckets/BulkDataList/bd/c9/c6f5649516ecb3192190faa0a78b8371bde6.udd" 3881
"C:/Users/zxxuh/AppData/Local/UnrealEngine/Common/DerivedDataCache/Buckets/BulkDataList/e1/92/01185e2c86f222c2abc53dd1bb3e6cdb4f76.udd" 3882
"C:/Users/zxxuh/AppData/Local/UnrealEngine/Common/DerivedDataCache/Buckets/BulkDataList/ac/3e/3686e7422596d37f0b69d6de676103890625.udd" 3883
"../../../Engine/Content/EngineMaterials/Substrate/Glints2/dict_0007_0166.uasset" 3884
"../../../Engine/Content/EngineMaterials/Substrate/Glints2/dict_0004_0144.uasset" 3885
"../../../Engine/Content/EngineMaterials/Substrate/Glints2/dict_0007_0134.uasset" 3886
"../../../Engine/Content/EngineMaterials/Substrate/Glints2/dict_0006_0205.uasset" 3887
"../../../Engine/Content/EngineMaterials/Substrate/Glints2/dict_0000_0049.uasset" 3888
"../../../Engine/Content/EngineMaterials/Substrate/Glints2/dict_0006_0070.uasset" 3889
"../../../Engine/Content/EngineMaterials/Substrate/Glints2/dict_0000_0169.uasset" 3890
"../../../Engine/Content/EngineMaterials/Substrate/Glints2/dict_0002_0173.uasset" 3891
"../../../Engine/Content/EngineMaterials/Substrate/Glints2/dict_0003_0125.uasset" 3892
"../../../Engine/Content/EngineMaterials/Substrate/Glints2/dict_0007_0165.uasset" 3893
"../../../Engine/Content/EngineMaterials/Substrate/Glints2/dict_0001_0004.uasset" 3894
"../../../Engine/Content/EngineMaterials/Substrate/Glints2/dict_0003_0107.uasset" 3895
"../../../Engine/Content/EngineMaterials/Substrate/Glints2/dict_0007_0124.uasset" 3896
"../../../Engine/Content/EngineMaterials/Substrate/Glints2/dict_0006_0031.uasset" 3897
"../../../Engine/Content/EngineMaterials/Substrate/Glints2/dict_0003_0002.uasset" 3898
"../../../Engine/Content/EngineMaterials/Substrate/Glints2/dict_0002_0121.uasset" 3899
"../../../Engine/Content/EngineMaterials/Substrate/Glints2/dict_0004_0084.uasset" 3900
"../../../Engine/Content/EngineMaterials/Substrate/Glints2/dict_0002_0156.uasset" 3901
"../../../Engine/Content/EngineMaterials/Substrate/Glints2/dict_0002_0022.uasset" 3902
"../../../Engine/Content/EngineMaterials/Substrate/Glints2/dict_0003_0122.uasset" 3903
"../../../Engine/Content/EngineMaterials/Substrate/Glints2/dict_0004_0110.uasset" 3904
"../../../Engine/Content/EngineMaterials/Substrate/Glints2/dict_0003_0052.uasset" 3905
"../../../Engine/Content/EngineMaterials/Substrate/Glints2/dict_0003_0142.uasset" 3906
"../../../Engine/Content/EngineMaterials/Substrate/Glints2/dict_0007_0070.uasset" 3907
"C:/Users/zxxuh/AppData/Local/UnrealEngine/Common/DerivedDataCache/Buckets/BulkDataList/10/45/4ca39e6630eb3ca42681bad5279976794a95.udd" 3908
"../../../Engine/Content/EngineMaterials/Substrate/Glints2/dict_0002_0029.uasset" 3909
"../../../Engine/Content/EngineMaterials/Substrate/Glints2/dict_0002_0197.uasset" 3910
"C:/Users/zxxuh/AppData/Local/UnrealEngine/Common/DerivedDataCache/Buckets/BulkDataList/72/d4/ce953c099e227d9403060dfcc086d2f1e856.udd" 3911
"C:/Users/zxxuh/AppData/Local/UnrealEngine/Common/DerivedDataCache/Buckets/BulkDataList/b2/00/5c17c945b4b738deccc57d9a58efdc8a0c7b.udd" 3912
"../../../Engine/Content/EngineMaterials/Substrate/Glints2/dict_0006_0073.uasset" 3913
"C:/Users/zxxuh/AppData/Local/UnrealEngine/Common/DerivedDataCache/Buckets/BulkDataList/e7/03/4bcc64dcf05ac559559b08b1de5149e66cf6.udd" 3914
"../../../Engine/Content/EngineMaterials/Substrate/Glints2/dict_0001_0226.uasset" 3915
"C:/Users/zxxuh/AppData/Local/UnrealEngine/Common/DerivedDataCache/Buckets/BulkDataList/61/fb/f1127c1e32edc8374b4989a1db126c0c4d3e.udd" 3916
"../../../Engine/Content/EngineMaterials/Substrate/Glints2/dict_0004_0000.uasset" 3917
"C:/Users/zxxuh/AppData/Local/UnrealEngine/Common/DerivedDataCache/Buckets/BulkDataList/c6/dd/f7a1b6718037a677bd988533bb57e8e505da.udd" 3918
"../../../Engine/Content/EngineMaterials/Substrate/Glints2/dict_0003_0108.uasset" 3919
"C:/Users/zxxuh/AppData/Local/UnrealEngine/Common/DerivedDataCache/Buckets/BulkDataList/f3/e5/208a9cd1a70baf91e48fa5728d51b6777073.udd" 3920
"../../../Engine/Content/EngineMaterials/Substrate/Glints2/dict_0002_0030.uasset" 3921
"C:/Users/zxxuh/AppData/Local/UnrealEngine/Common/DerivedDataCache/Buckets/BulkDataList/5d/78/c2a05f31ee4a40220e8d2c9ff7c15eb88fca.udd" 3922
"../../../Engine/Content/EngineMaterials/Substrate/Glints2/dict_0006_0120.uasset" 3923
"C:/Users/zxxuh/AppData/Local/UnrealEngine/Common/DerivedDataCache/Buckets/BulkDataList/de/87/4e42a22d752abd761932b7f83b3d3075a284.udd" 3924
"C:/Users/zxxuh/AppData/Local/UnrealEngine/Common/DerivedDataCache/Buckets/BulkDataList/fd/c8/60c6678542aae6d87a7ba36bd4095bd0f0b8.udd" 3925
"C:/Users/zxxuh/AppData/Local/UnrealEngine/Common/DerivedDataCache/Buckets/BulkDataList/ed/98/5be2a43bc36e6821d1fd991d6b256047d7fa.udd" 3926
"C:/Users/zxxuh/AppData/Local/UnrealEngine/Common/DerivedDataCache/Buckets/BulkDataList/7a/51/b762f86db0892cc5724dca39c8272b8bfcfa.udd" 3927
"C:/Users/zxxuh/AppData/Local/UnrealEngine/Common/DerivedDataCache/Buckets/BulkDataList/98/32/4908193f09f0ebaef9834997ac2e2b0e5ff4.udd" 3928
"C:/Users/zxxuh/AppData/Local/UnrealEngine/Common/DerivedDataCache/Buckets/BulkDataList/40/ca/63eba0403fc9027cbefc29b344087e651948.udd" 3929
"C:/Users/zxxuh/AppData/Local/UnrealEngine/Common/DerivedDataCache/Buckets/BulkDataList/6f/4d/3fc3c27db07e34965d1c25cd390cf656ea1a.udd" 3930
"C:/Users/zxxuh/AppData/Local/UnrealEngine/Common/DerivedDataCache/Buckets/BulkDataList/94/06/151c1803b9f2e91cd5714ae27dc8e6189cfc.udd" 3931
"C:/Users/zxxuh/AppData/Local/UnrealEngine/Common/DerivedDataCache/Buckets/BulkDataList/8b/3a/9ffc0177c81324cf67910ebfaac620b8f475.udd" 3932
"C:/Users/zxxuh/AppData/Local/UnrealEngine/Common/DerivedDataCache/Buckets/BulkDataList/3a/ad/99de1f76f76953be65353f45916bc54989ed.udd" 3933
"C:/Users/zxxuh/AppData/Local/UnrealEngine/Common/DerivedDataCache/Buckets/BulkDataList/c9/ec/496d8cf87d33997b079603745a2e375ec810.udd" 3934
"C:/Users/zxxuh/AppData/Local/UnrealEngine/Common/DerivedDataCache/Buckets/BulkDataList/46/b6/08b3b3aee2a6faaa18afefa3cc394097f041.udd" 3935
"C:/Users/zxxuh/AppData/Local/UnrealEngine/Common/DerivedDataCache/Buckets/BulkDataList/f3/4c/42cb910cc3fa40596db25cb2a767c9cf619d.udd" 3936
"C:/Users/zxxuh/AppData/Local/UnrealEngine/Common/DerivedDataCache/Buckets/BulkDataList/6f/5e/ed18278cc5f37608da4601ff5a3573ca9588.udd" 3937
"C:/Users/zxxuh/AppData/Local/UnrealEngine/Common/DerivedDataCache/Buckets/BulkDataList/6b/8e/d026275198da4d9524485ab730c563a6b167.udd" 3938
"C:/Users/zxxuh/AppData/Local/UnrealEngine/Common/DerivedDataCache/Buckets/BulkDataList/ba/28/a338fa5405f3b45d2808126d5a7069ff9d1c.udd" 3939
"C:/Users/zxxuh/AppData/Local/UnrealEngine/Common/DerivedDataCache/Buckets/BulkDataList/e4/01/e711c04fee092e9339021f6d963f776b735c.udd" 3940
"C:/Users/zxxuh/AppData/Local/UnrealEngine/Common/DerivedDataCache/Buckets/BulkDataList/ca/7f/12f20cee6e32a2b78d66965163983754e47a.udd" 3941
"C:/Users/zxxuh/AppData/Local/UnrealEngine/Common/DerivedDataCache/Buckets/BulkDataList/45/c2/6a7828c361148782947f17722db200a030eb.udd" 3942
"C:/Users/zxxuh/AppData/Local/UnrealEngine/Common/DerivedDataCache/Buckets/BulkDataList/00/20/9168ebc90b783d6418abe078a3d1bcfd8f85.udd" 3943
"C:/Users/zxxuh/AppData/Local/UnrealEngine/Common/DerivedDataCache/Buckets/BulkDataList/53/6e/310e4d947fb66897210f896d8aaf91858c6b.udd" 3944
"C:/Users/zxxuh/AppData/Local/UnrealEngine/Common/DerivedDataCache/Buckets/BulkDataList/59/8b/ec35d8f274c5cb93559128a805aa30596b9e.udd" 3945
"C:/Users/zxxuh/AppData/Local/UnrealEngine/Common/DerivedDataCache/Buckets/BulkDataList/83/95/273c48949f44298e9a7f98308141922d42fe.udd" 3946
"C:/Users/zxxuh/AppData/Local/UnrealEngine/Common/DerivedDataCache/Buckets/BulkDataList/de/46/bdec151bc9420d07f068defe35e0068ae7a7.udd" 3947
"../../../Engine/Content/EngineMaterials/Substrate/Glints2/dict_0004_0115.uasset" 3948
"../../../Engine/Content/EngineMaterials/Substrate/Glints2/dict_0001_0136.uasset" 3949
"../../../Engine/Content/EngineMaterials/Substrate/Glints2/dict_0001_0154.uasset" 3950
"../../../Engine/Content/EngineMaterials/Substrate/Glints2/dict_0002_0057.uasset" 3951
"../../../Engine/Content/EngineMaterials/Substrate/Glints2/dict_0000_0086.uasset" 3952
"../../../Engine/Content/EngineMaterials/Substrate/Glints2/dict_0006_0161.uasset" 3953
"../../../Engine/Content/EngineMaterials/Substrate/Glints2/dict_0005_0204.uasset" 3954
"../../../Engine/Content/EngineMaterials/Substrate/Glints2/dict_0006_0011.uasset" 3955
"../../../Engine/Content/EngineMaterials/Substrate/Glints2/dict_0001_0166.uasset" 3956
"../../../Engine/Content/EngineMaterials/Substrate/Glints2/dict_0002_0218.uasset" 3957
"../../../Engine/Content/EngineMaterials/Substrate/Glints2/dict_0006_0091.uasset" 3958
"../../../Engine/Content/EngineMaterials/Substrate/Glints2/dict_0001_0212.uasset" 3959
"../../../Engine/Content/EngineMaterials/Substrate/Glints2/dict_0005_0033.uasset" 3960
"../../../Engine/Content/EngineMaterials/Substrate/Glints2/dict_0007_0216.uasset" 3961
"../../../Engine/Content/EngineMaterials/Substrate/Glints2/dict_0003_0030.uasset" 3962
"../../../Engine/Content/EngineMaterials/Substrate/Glints2/dict_0000_0075.uasset" 3963
"../../../Engine/Content/EngineMaterials/Substrate/Glints2/dict_0007_0005.uasset" 3964
"../../../Engine/Content/EngineMaterials/Substrate/Glints2/dict_0006_0076.uasset" 3965
"../../../Engine/Content/EngineMaterials/Substrate/Glints2/dict_0004_0124.uasset" 3966
"../../../Engine/Content/EngineMaterials/Substrate/Glints2/dict_0004_0206.uasset" 3967
"../../../Engine/Content/EngineMaterials/Substrate/Glints2/dict_0005_0007.uasset" 3968
"../../../Engine/Content/EngineMaterials/Substrate/Glints2/dict_0002_0070.uasset" 3969
"../../../Engine/Content/EngineMaterials/Substrate/Glints2/dict_0001_0053.uasset" 3970
"../../../Engine/Content/EngineMaterials/Substrate/Glints2/dict_0004_0031.uasset" 3971
"C:/Users/zxxuh/AppData/Local/UnrealEngine/Common/DerivedDataCache/Buckets/BulkDataList/ee/9c/dabbf18b8c79987f5947202f2da05a39494b.udd" 3972
"../../../Engine/Content/EngineMaterials/Substrate/Glints2/dict_0006_0123.uasset" 3973
"C:/Users/zxxuh/AppData/Local/UnrealEngine/Common/DerivedDataCache/Buckets/BulkDataList/e5/cf/f9d228221f4801ead1b46e4769a5b4bd5d3b.udd" 3974
"../../../Engine/Content/EngineMaterials/Substrate/Glints2/dict_0002_0249.uasset" 3975
"C:/Users/zxxuh/AppData/Local/UnrealEngine/Common/DerivedDataCache/Buckets/BulkDataList/60/27/3b340a22a4d7d52ca1558cfaadb7385b66d7.udd" 3976
"../../../Engine/Content/EngineMaterials/Substrate/Glints2/dict_0000_0210.uasset" 3977
"C:/Users/zxxuh/AppData/Local/UnrealEngine/Common/DerivedDataCache/Buckets/BulkDataList/65/c4/dfd97699a24cc5cb59c77224e0d3c998a563.udd" 3978
"../../../Engine/Content/EngineMaterials/Substrate/Glints2/dict_0000_0135.uasset" 3979
"C:/Users/zxxuh/AppData/Local/UnrealEngine/Common/DerivedDataCache/Buckets/BulkDataList/d7/07/e8106065f8b816d780e01d2e2820fb67d92c.udd" 3980
"../../../Engine/Content/EngineMaterials/Substrate/Glints2/dict_0001_0076.uasset" 3981
"C:/Users/zxxuh/AppData/Local/UnrealEngine/Common/DerivedDataCache/Buckets/BulkDataList/a2/2f/b3e783aa55be52b852638a3e807e9051d3bf.udd" 3982
"../../../Engine/Content/EngineMaterials/Substrate/Glints2/dict_0007_0083.uasset" 3983
"C:/Users/zxxuh/AppData/Local/UnrealEngine/Common/DerivedDataCache/Buckets/BulkDataList/ec/28/6af7c4e0323649aa903a54cfa6ac8d9c733f.udd" 3984
"../../../Engine/Content/EngineMaterials/Substrate/Glints2/dict_0000_0207.uasset" 3985
"C:/Users/zxxuh/AppData/Local/UnrealEngine/Common/DerivedDataCache/Buckets/BulkDataList/b4/c9/1506215b7262f5f3f2fa88ff181eb56ac30e.udd" 3986
"../../../Engine/Content/EngineMaterials/Substrate/Glints2/dict_0006_0180.uasset" 3987
"C:/Users/zxxuh/AppData/Local/UnrealEngine/Common/DerivedDataCache/Buckets/BulkDataList/cb/ee/8632dcf4f1a9b1201231fff03e0b9a1c6b64.udd" 3988
"C:/Users/zxxuh/AppData/Local/UnrealEngine/Common/DerivedDataCache/Buckets/BulkDataList/9f/ca/578564d2973b2c6e52e32ce1da997cee25ca.udd" 3989
"C:/Users/zxxuh/AppData/Local/UnrealEngine/Common/DerivedDataCache/Buckets/BulkDataList/c2/86/234e41a8dcc7cf1ab8ef7bbab793619cec39.udd" 3990
"C:/Users/zxxuh/AppData/Local/UnrealEngine/Common/DerivedDataCache/Buckets/BulkDataList/91/3d/8e5191d244ae53268632a62349de96048062.udd" 3991
"C:/Users/zxxuh/AppData/Local/UnrealEngine/Common/DerivedDataCache/Buckets/BulkDataList/1e/f3/17e85f1db016c0ca7c9bdad137da5258998a.udd" 3992
"C:/Users/zxxuh/AppData/Local/UnrealEngine/Common/DerivedDataCache/Buckets/BulkDataList/03/1f/757abf155677325be64486c8b5a760643ee0.udd" 3993
"C:/Users/zxxuh/AppData/Local/UnrealEngine/Common/DerivedDataCache/Buckets/BulkDataList/c3/a9/ed6629e854994b055642b9c99bd14a204e7e.udd" 3994
"C:/Users/zxxuh/AppData/Local/UnrealEngine/Common/DerivedDataCache/Buckets/BulkDataList/b5/f2/00e75fa3ef88de1a8c109296cc683b78aec1.udd" 3995
"C:/Users/zxxuh/AppData/Local/UnrealEngine/Common/DerivedDataCache/Buckets/BulkDataList/ab/bc/1d5da57db5389a70e3f7529971e46ee64de8.udd" 3996
"C:/Users/zxxuh/AppData/Local/UnrealEngine/Common/DerivedDataCache/Buckets/BulkDataList/9f/7e/2e1ea81088e2b1bb9cc4822b6378e31be97f.udd" 3997
"C:/Users/zxxuh/AppData/Local/UnrealEngine/Common/DerivedDataCache/Buckets/BulkDataList/40/5d/1b0e3faca96ad7a23ac88a41d22203025eea.udd" 3998
"C:/Users/zxxuh/AppData/Local/UnrealEngine/Common/DerivedDataCache/Buckets/BulkDataList/5a/d3/84eb97355ad468b4c831b5d201b33d522e38.udd" 3999
"C:/Users/zxxuh/AppData/Local/UnrealEngine/Common/DerivedDataCache/Buckets/BulkDataList/8e/b0/7bd9badea7d8ef38e029e094c4a1bdccf8b0.udd" 4000
"C:/Users/zxxuh/AppData/Local/UnrealEngine/Common/DerivedDataCache/Buckets/BulkDataList/76/0e/a5867109aa711a12c6dbe543a9f8ebaa305b.udd" 4001
"C:/Users/zxxuh/AppData/Local/UnrealEngine/Common/DerivedDataCache/Buckets/BulkDataList/d9/39/95b2700f4a823d0a453696d993dd11daf809.udd" 4002
"C:/Users/zxxuh/AppData/Local/UnrealEngine/Common/DerivedDataCache/Buckets/BulkDataList/e2/1c/0f30c3a8d5f8ae6766baf8d5c705c464ec44.udd" 4003
"C:/Users/zxxuh/AppData/Local/UnrealEngine/Common/DerivedDataCache/Buckets/BulkDataList/03/11/ee3e24727faa8c35d66b39fab5b3ab6e0a1e.udd" 4004
"C:/Users/zxxuh/AppData/Local/UnrealEngine/Common/DerivedDataCache/Buckets/BulkDataList/c4/48/0b3e358c08e10fc72cf5005c5e311d5e6eb9.udd" 4005
"C:/Users/zxxuh/AppData/Local/UnrealEngine/Common/DerivedDataCache/Buckets/BulkDataList/0d/8a/6dcc38eea677a2c61a1ac538cc09be140e82.udd" 4006
"C:/Users/zxxuh/AppData/Local/UnrealEngine/Common/DerivedDataCache/Buckets/BulkDataList/ed/c5/8c416f174e040a5cf9fbb184e8d001d486fa.udd" 4007
"C:/Users/zxxuh/AppData/Local/UnrealEngine/Common/DerivedDataCache/Buckets/BulkDataList/33/57/ad4030aee8e5916dcf61a6c480d7562843b0.udd" 4008
"C:/Users/zxxuh/AppData/Local/UnrealEngine/Common/DerivedDataCache/Buckets/BulkDataList/da/ad/32a4a409211a5ac313fe4ae94f3a48b0a141.udd" 4009
"C:/Users/zxxuh/AppData/Local/UnrealEngine/Common/DerivedDataCache/Buckets/BulkDataList/10/d8/94045eeae8d3ae0452656947b6cab8f68178.udd" 4010
"C:/Users/zxxuh/AppData/Local/UnrealEngine/Common/DerivedDataCache/Buckets/BulkDataList/9f/05/c85a31db71b46f68a6557ce73c166f53ae39.udd" 4011
"../../../Engine/Content/EngineMaterials/Substrate/Glints2/dict_0007_0010.uasset" 4012
"../../../Engine/Content/EngineMaterials/Substrate/Glints2/dict_0002_0081.uasset" 4013
"../../../Engine/Content/EngineMaterials/Substrate/Glints2/dict_0006_0226.uasset" 4014
"../../../Engine/Content/EngineMaterials/Substrate/Glints2/dict_0003_0053.uasset" 4015
"../../../Engine/Content/EngineMaterials/Substrate/Glints2/dict_0002_0071.uasset" 4016
"../../../Engine/Content/EngineMaterials/Substrate/Glints2/dict_0005_0150.uasset" 4017
"../../../Engine/Content/EngineMaterials/Substrate/Glints2/dict_0005_0086.uasset" 4018
"../../../Engine/Content/EngineMaterials/Substrate/Glints2/dict_0007_0045.uasset" 4019
"../../../Engine/Content/EngineMaterials/Substrate/Glints2/dict_0005_0015.uasset" 4020
"../../../Engine/Content/EngineMaterials/Substrate/Glints2/dict_0001_0108.uasset" 4021
"../../../Engine/Content/EngineMaterials/Substrate/Glints2/dict_0000_0117.uasset" 4022
"../../../Engine/Content/EngineMaterials/Substrate/Glints2/dict_0003_0045.uasset" 4023
"../../../Engine/Content/EngineMaterials/Substrate/Glints2/dict_0006_0054.uasset" 4024
"../../../Engine/Content/EngineMaterials/Substrate/Glints2/dict_0002_0079.uasset" 4025
"../../../Engine/Content/EngineMaterials/Substrate/Glints2/dict_0005_0092.uasset" 4026
"../../../Engine/Content/EngineMaterials/Substrate/Glints2/dict_0007_0232.uasset" 4027
"../../../Engine/Content/EngineMaterials/Substrate/Glints2/dict_0002_0084.uasset" 4028
"../../../Engine/Content/EngineMaterials/Substrate/Glints2/dict_0000_0121.uasset" 4029
"../../../Engine/Content/EngineMaterials/Substrate/Glints2/dict_0000_0023.uasset" 4030
"../../../Engine/Content/EngineMaterials/Substrate/Glints2/dict_0001_0253.uasset" 4031
"../../../Engine/Content/EngineMaterials/Substrate/Glints2/dict_0001_0179.uasset" 4032
"../../../Engine/Content/EngineMaterials/Substrate/Glints2/dict_0001_0228.uasset" 4033
"../../../Engine/Content/EngineMaterials/Substrate/Glints2/dict_0001_0077.uasset" 4034
"../../../Engine/Content/EngineMaterials/Substrate/Glints2/dict_0002_0165.uasset" 4035
"C:/Users/zxxuh/AppData/Local/UnrealEngine/Common/DerivedDataCache/Buckets/BulkDataList/4d/6f/070b66265eabcb9602a8583990f678f9ef15.udd" 4036
"../../../Engine/Content/EngineMaterials/Substrate/Glints2/dict_0001_0060.uasset" 4037
"C:/Users/zxxuh/AppData/Local/UnrealEngine/Common/DerivedDataCache/Buckets/BulkDataList/ab/43/72ede708aa239b16cef4b024670ee7e44ac1.udd" 4038
"../../../Engine/Content/EngineMaterials/Substrate/Glints2/dict_0001_0096.uasset" 4039
"C:/Users/zxxuh/AppData/Local/UnrealEngine/Common/DerivedDataCache/Buckets/BulkDataList/c3/0c/5fa49888c13327d279d96b96bfe7754e899a.udd" 4040
"../../../Engine/Content/EngineMaterials/Substrate/Glints2/dict_0007_0103.uasset" 4041
"../../../Engine/Content/EngineMaterials/Substrate/Glints2/dict_0006_0045.uasset" 4042
"C:/Users/zxxuh/AppData/Local/UnrealEngine/Common/DerivedDataCache/Buckets/BulkDataList/ab/22/87092415b6555f35da4fdc40b251e668704b.udd" 4043
"C:/Users/zxxuh/AppData/Local/UnrealEngine/Common/DerivedDataCache/Buckets/BulkDataList/96/7a/7d11990707ab22150133eedd43beab4df923.udd" 4044
"../../../Engine/Content/EngineMaterials/Substrate/Glints2/dict_0003_0157.uasset" 4045
"C:/Users/zxxuh/AppData/Local/UnrealEngine/Common/DerivedDataCache/Buckets/BulkDataList/34/06/d1978d9c23ace8201a76d6aba04dcf938e65.udd" 4046
"../../../Engine/Content/EngineMaterials/Substrate/Glints2/dict_0004_0056.uasset" 4047
"C:/Users/zxxuh/AppData/Local/UnrealEngine/Common/DerivedDataCache/Buckets/BulkDataList/2e/dd/eaf713bae06175d87621c94866ffeb4d2900.udd" 4048
"../../../Engine/Content/EngineMaterials/Substrate/Glints2/dict_0000_0140.uasset" 4049
"C:/Users/zxxuh/AppData/Local/UnrealEngine/Common/DerivedDataCache/Buckets/BulkDataList/19/45/ffbac9354baf8ea627fd511472bd0577c2ce.udd" 4050
"../../../Engine/Content/EngineMaterials/Substrate/Glints2/dict_0003_0007.uasset" 4051
"C:/Users/zxxuh/AppData/Local/UnrealEngine/Common/DerivedDataCache/Buckets/BulkDataList/07/3f/096745b909bbb36473d8761eb33f2fc40fbc.udd" 4052
"C:/Users/zxxuh/AppData/Local/UnrealEngine/Common/DerivedDataCache/Buckets/BulkDataList/dd/7c/990bc9e3bd5598530266e34d757c4e1ec5f9.udd" 4053
"C:/Users/zxxuh/AppData/Local/UnrealEngine/Common/DerivedDataCache/Buckets/BulkDataList/8a/ef/40a0c6fb79d82cee85b348466b1e1c8e561b.udd" 4054
"C:/Users/zxxuh/AppData/Local/UnrealEngine/Common/DerivedDataCache/Buckets/BulkDataList/c6/a5/a1d0872a1edb17d42ad00abdde836026e40b.udd" 4055
"C:/Users/zxxuh/AppData/Local/UnrealEngine/Common/DerivedDataCache/Buckets/BulkDataList/bd/de/33f82da1834bddec48123979fa2881449156.udd" 4056
"C:/Users/zxxuh/AppData/Local/UnrealEngine/Common/DerivedDataCache/Buckets/BulkDataList/3e/32/f3590ed16b21ebdd0023b1b988d64a4976a2.udd" 4057
"C:/Users/zxxuh/AppData/Local/UnrealEngine/Common/DerivedDataCache/Buckets/BulkDataList/ad/c0/33f709b2d0de12cc38ddbfde1480a13e73d5.udd" 4058
"C:/Users/zxxuh/AppData/Local/UnrealEngine/Common/DerivedDataCache/Buckets/BulkDataList/07/f5/56c164a9c1f11ac0fe8b98982ae437af6b29.udd" 4059
"C:/Users/zxxuh/AppData/Local/UnrealEngine/Common/DerivedDataCache/Buckets/BulkDataList/c5/d0/11b92d13bc7267bf9afb726c1900513a0ea0.udd" 4060
"C:/Users/zxxuh/AppData/Local/UnrealEngine/Common/DerivedDataCache/Buckets/BulkDataList/82/15/bb3b8b7f2f4084273891ec316947381ebb92.udd" 4061
"C:/Users/zxxuh/AppData/Local/UnrealEngine/Common/DerivedDataCache/Buckets/BulkDataList/5c/31/3b5333ff55f1175a02198caa72145956d003.udd" 4062
"C:/Users/zxxuh/AppData/Local/UnrealEngine/Common/DerivedDataCache/Buckets/BulkDataList/6e/9d/c969c20e90522eb801d1b0e0c2cbf98e1b11.udd" 4063
"C:/Users/zxxuh/AppData/Local/UnrealEngine/Common/DerivedDataCache/Buckets/BulkDataList/67/a8/fb425a551021439efd45135a0a568b5cfd8f.udd" 4064
"C:/Users/zxxuh/AppData/Local/UnrealEngine/Common/DerivedDataCache/Buckets/BulkDataList/7b/7f/78c81ab41a7e3c4e7fa0553d9b9818b3057c.udd" 4065
"C:/Users/zxxuh/AppData/Local/UnrealEngine/Common/DerivedDataCache/Buckets/BulkDataList/7b/3e/0b2ef8ed002e6bb0571597dd8c28b5682f14.udd" 4066
"C:/Users/zxxuh/AppData/Local/UnrealEngine/Common/DerivedDataCache/Buckets/BulkDataList/f1/2f/8b614336376cefe516e318c40cd5876f803b.udd" 4067
"C:/Users/zxxuh/AppData/Local/UnrealEngine/Common/DerivedDataCache/Buckets/BulkDataList/7f/b7/2a38cf9c128c027e27615c9eebd59d769d83.udd" 4068
"C:/Users/zxxuh/AppData/Local/UnrealEngine/Common/DerivedDataCache/Buckets/BulkDataList/10/0a/e7dece38cee5099e800b613e724e8314b39b.udd" 4069
"C:/Users/zxxuh/AppData/Local/UnrealEngine/Common/DerivedDataCache/Buckets/BulkDataList/72/9a/e689964aeb1f69d766716be066fad1bb306a.udd" 4070
"C:/Users/zxxuh/AppData/Local/UnrealEngine/Common/DerivedDataCache/Buckets/BulkDataList/02/54/e8cdc36834002dd7eac0b87299bd1958e6e8.udd" 4071
"C:/Users/zxxuh/AppData/Local/UnrealEngine/Common/DerivedDataCache/Buckets/BulkDataList/27/93/bbd1d5335376076608a21f5595e076de5d29.udd" 4072
"C:/Users/zxxuh/AppData/Local/UnrealEngine/Common/DerivedDataCache/Buckets/BulkDataList/51/30/6a95ab6d8a9a79bde4dc24a4be7d99a0fa24.udd" 4073
"C:/Users/zxxuh/AppData/Local/UnrealEngine/Common/DerivedDataCache/Buckets/BulkDataList/06/aa/08b40cb57132d3d0216d43d619d2a86b3692.udd" 4074
"C:/Users/zxxuh/AppData/Local/UnrealEngine/Common/DerivedDataCache/Buckets/BulkDataList/d9/17/efaf90412773d66df8682543a5bbb4bbf95a.udd" 4075
"../../../Engine/Content/EngineMaterials/Substrate/Glints2/dict_0003_0120.uasset" 4076
"../../../Engine/Content/EngineMaterials/Substrate/Glints2/dict_0007_0176.uasset" 4077
"../../../Engine/Content/EngineMaterials/Substrate/Glints2/dict_0001_0155.uasset" 4078
"../../../Engine/Content/EngineMaterials/Substrate/Glints2/dict_0000_0156.uasset" 4079
"../../../Engine/Content/EngineMaterials/Substrate/Glints2/dict_0006_0096.uasset" 4080
"../../../Engine/Content/EngineMaterials/Substrate/Glints2/dict_0000_0017.uasset" 4081
"../../../Engine/Content/EngineMaterials/Substrate/Glints2/dict_0006_0052.uasset" 4082
"../../../Engine/Content/EngineMaterials/Substrate/Glints2/dict_0006_0085.uasset" 4083
"../../../Engine/Content/EngineMaterials/Substrate/Glints2/dict_0000_0219.uasset" 4084
"../../../Engine/Content/EngineMaterials/Substrate/Glints2/dict_0002_0205.uasset" 4085
"../../../Engine/Content/EngineMaterials/Substrate/Glints2/dict_0002_0161.uasset" 4086
"../../../Engine/Content/EngineMaterials/Substrate/Glints2/dict_0007_0233.uasset" 4087
"../../../Engine/Content/EngineMaterials/Substrate/Glints2/dict_0004_0053.uasset" 4088
"../../../Engine/Content/EngineMaterials/Substrate/Glints2/dict_0002_0035.uasset" 4089
"../../../Engine/Content/EngineMaterials/Substrate/Glints2/dict_0003_0094.uasset" 4090
"../../../Engine/Content/EngineMaterials/Substrate/Glints2/dict_0007_0244.uasset" 4091
"../../../Engine/Content/EngineMaterials/Substrate/Glints2/dict_0004_0154.uasset" 4092
"../../../Engine/Content/EngineMaterials/Substrate/Glints2/dict_0005_0237.uasset" 4093
"../../../Engine/Content/EngineMaterials/Substrate/Glints2/dict_0007_0031.uasset" 4094
"../../../Engine/Content/EngineMaterials/Substrate/Glints2/dict_0002_0044.uasset" 4095
"../../../Engine/Content/EngineMaterials/Substrate/Glints2/dict_0006_0017.uasset" 4096
"../../../Engine/Content/EngineMaterials/Substrate/Glints2/dict_0007_0186.uasset" 4097
"../../../Engine/Content/EngineMaterials/Substrate/Glints2/dict_0000_0072.uasset" 4098
"../../../Engine/Content/EngineMaterials/Substrate/Glints2/dict_0004_0166.uasset" 4099
"C:/Users/zxxuh/AppData/Local/UnrealEngine/Common/DerivedDataCache/Buckets/BulkDataList/52/60/8edb1e7d0ba34b11c714c6f3e9fa2fbcac32.udd" 4100
"../../../Engine/Content/EngineMaterials/Substrate/Glints2/dict_0004_0012.uasset" 4101
"../../../Engine/Content/EngineMaterials/Substrate/Glints2/dict_0005_0047.uasset" 4102
"../../../Engine/Content/EngineMaterials/Substrate/Glints2/dict_0001_0093.uasset" 4103
"../../../Engine/Content/EngineMaterials/Substrate/Glints2/dict_0006_0115.uasset" 4104
"C:/Users/zxxuh/AppData/Local/UnrealEngine/Common/DerivedDataCache/Buckets/BulkDataList/fc/1b/da04acc0e52de6a027e31e8e5cf981aa0395.udd" 4105
"C:/Users/zxxuh/AppData/Local/UnrealEngine/Common/DerivedDataCache/Buckets/BulkDataList/e8/73/74f97d22cd58c260baab92866bb38ec39fb2.udd" 4106
"C:/Users/zxxuh/AppData/Local/UnrealEngine/Common/DerivedDataCache/Buckets/BulkDataList/2c/9e/d66ce4a87c004e567b7cd843df3e25652972.udd" 4107
"C:/Users/zxxuh/AppData/Local/UnrealEngine/Common/DerivedDataCache/Buckets/BulkDataList/6d/9c/d6213fe274440fd40e234236e1d7cf68a972.udd" 4108
"../../../Engine/Content/EngineMaterials/Substrate/Glints2/dict_0001_0087.uasset" 4109
"C:/Users/zxxuh/AppData/Local/UnrealEngine/Common/DerivedDataCache/Buckets/BulkDataList/9d/aa/8d285bc5f7252f8899f90ebb73fe0895d162.udd" 4110
"../../../Engine/Content/EngineMaterials/Substrate/Glints2/dict_0000_0038.uasset" 4111
"C:/Users/zxxuh/AppData/Local/UnrealEngine/Common/DerivedDataCache/Buckets/BulkDataList/ea/9d/0c13da4a6d216c4101d2cd0bfe53a428187a.udd" 4112
"../../../Engine/Content/EngineMaterials/Substrate/Glints2/dict_0005_0010.uasset" 4113
"C:/Users/zxxuh/AppData/Local/UnrealEngine/Common/DerivedDataCache/Buckets/BulkDataList/0e/df/82c1bc77bb4bd9823e8b3fa442b7177b4a3a.udd" 4114
"../../../Engine/Content/EngineMaterials/Substrate/Glints2/dict_0003_0015.uasset" 4115
"C:/Users/zxxuh/AppData/Local/UnrealEngine/Common/DerivedDataCache/Buckets/BulkDataList/22/d8/6a4570f9dd1e6b0feaa1b1fd32dcc72195fe.udd" 4116
"C:/Users/zxxuh/AppData/Local/UnrealEngine/Common/DerivedDataCache/Buckets/BulkDataList/7f/bd/511163a369a02cec2165888879c1f69789aa.udd" 4117
"C:/Users/zxxuh/AppData/Local/UnrealEngine/Common/DerivedDataCache/Buckets/BulkDataList/75/dd/9c2a65d19a957c114f57ed05c2d7ac532e88.udd" 4118
"C:/Users/zxxuh/AppData/Local/UnrealEngine/Common/DerivedDataCache/Buckets/BulkDataList/27/36/0541121ca108d3d7f66ad1d99c9486ab0e82.udd" 4119
"C:/Users/zxxuh/AppData/Local/UnrealEngine/Common/DerivedDataCache/Buckets/BulkDataList/74/a4/bca23a26fc9852ed93f288f7186f18088d5b.udd" 4120
"C:/Users/zxxuh/AppData/Local/UnrealEngine/Common/DerivedDataCache/Buckets/BulkDataList/0a/7d/caf19abecd6089607a6f44d83afbbd8076aa.udd" 4121
"C:/Users/zxxuh/AppData/Local/UnrealEngine/Common/DerivedDataCache/Buckets/BulkDataList/01/2b/3ff7d4650548170cc2e9a74cd1a5d26afd37.udd" 4122
"C:/Users/zxxuh/AppData/Local/UnrealEngine/Common/DerivedDataCache/Buckets/BulkDataList/c8/ed/6a9585ab0b0f73c104caf35e052a39b5e803.udd" 4123
"C:/Users/zxxuh/AppData/Local/UnrealEngine/Common/DerivedDataCache/Buckets/BulkDataList/2b/8d/0bd0d4e13e3c4705e8d8ad68d7d68d460e96.udd" 4124
"C:/Users/zxxuh/AppData/Local/UnrealEngine/Common/DerivedDataCache/Buckets/BulkDataList/99/f9/2003c87bc6fb5604e45cf7a48356e4e7a391.udd" 4125
"C:/Users/zxxuh/AppData/Local/UnrealEngine/Common/DerivedDataCache/Buckets/BulkDataList/7f/cf/6550376525c51ce31f1f1ddf0bca2c95acc6.udd" 4126
"C:/Users/zxxuh/AppData/Local/UnrealEngine/Common/DerivedDataCache/Buckets/BulkDataList/fa/5e/5d5f45b239739623599e612d06e5bb3e8cae.udd" 4127
"C:/Users/zxxuh/AppData/Local/UnrealEngine/Common/DerivedDataCache/Buckets/BulkDataList/da/98/fcb9ade4f0ceb43205c4f986c0866f1811a6.udd" 4128
"C:/Users/zxxuh/AppData/Local/UnrealEngine/Common/DerivedDataCache/Buckets/BulkDataList/00/46/49210998880eefbf2e97f8679d28897653e0.udd" 4129
"C:/Users/zxxuh/AppData/Local/UnrealEngine/Common/DerivedDataCache/Buckets/BulkDataList/d7/61/b2a0e8d782bd822fc835684cea41e00774ab.udd" 4130
"C:/Users/zxxuh/AppData/Local/UnrealEngine/Common/DerivedDataCache/Buckets/BulkDataList/4d/4d/63af23acb04ca1b122f3a72f1df19c92f0c8.udd" 4131
"C:/Users/zxxuh/AppData/Local/UnrealEngine/Common/DerivedDataCache/Buckets/BulkDataList/4d/f8/7802a1bdca8055b86709181375be2cf2bc5f.udd" 4132
"C:/Users/zxxuh/AppData/Local/UnrealEngine/Common/DerivedDataCache/Buckets/BulkDataList/8e/3c/5faa66060483b96a37af1f2afc31fdf252d1.udd" 4133
"C:/Users/zxxuh/AppData/Local/UnrealEngine/Common/DerivedDataCache/Buckets/BulkDataList/90/1d/6c09c5b8ab4cf5962950e1de03b9c3556b07.udd" 4134
"C:/Users/zxxuh/AppData/Local/UnrealEngine/Common/DerivedDataCache/Buckets/BulkDataList/18/c6/e2fb4363e087a32f580bb516e68aee780c92.udd" 4135
"C:/Users/zxxuh/AppData/Local/UnrealEngine/Common/DerivedDataCache/Buckets/BulkDataList/d2/ae/fca51fcca75a452c7c50f79ab9665f3b2263.udd" 4136
"C:/Users/zxxuh/AppData/Local/UnrealEngine/Common/DerivedDataCache/Buckets/BulkDataList/e1/91/6c0638b08d90a1851cd04c3caebaf62827ca.udd" 4137
"C:/Users/zxxuh/AppData/Local/UnrealEngine/Common/DerivedDataCache/Buckets/BulkDataList/6e/02/be84800fba5cdcbd26762eaacb307b7b7b7b.udd" 4138
"C:/Users/zxxuh/AppData/Local/UnrealEngine/Common/DerivedDataCache/Buckets/BulkDataList/68/26/6676633998ddc0e2a89deaadebb1d4adf2f8.udd" 4139
"../../../Engine/Content/EngineMaterials/Substrate/Glints2/dict_0002_0186.uasset" 4140
"../../../Engine/Content/EngineMaterials/Substrate/Glints2/dict_0005_0202.uasset" 4141
"../../../Engine/Content/EngineMaterials/Substrate/Glints2/dict_0004_0088.uasset" 4142
"../../../Engine/Content/EngineMaterials/Substrate/Glints2/dict_0006_0104.uasset" 4143
"../../../Engine/Content/EngineMaterials/Substrate/Glints2/dict_0000_0095.uasset" 4144
"../../../Engine/Content/EngineMaterials/Substrate/Glints2/dict_0007_0060.uasset" 4145
"../../../Engine/Content/EngineMaterials/Substrate/Glints2/dict_0003_0011.uasset" 4146
"../../../Engine/Content/EngineMaterials/Substrate/Glints2/dict_0002_0177.uasset" 4147
"../../../Engine/Content/EngineMaterials/Substrate/Glints2/dict_0005_0001.uasset" 4148
"../../../Engine/Content/EngineMaterials/Substrate/Glints2/dict_0005_0046.uasset" 4149
"../../../Engine/Content/EngineMaterials/Substrate/Glints2/dict_0006_0035.uasset" 4150
"../../../Engine/Content/EngineMaterials/Substrate/Glints2/dict_0002_0072.uasset" 4151
"../../../Engine/Content/EngineMaterials/Substrate/Glints2/dict_0000_0047.uasset" 4152
"../../../Engine/Content/EngineMaterials/Substrate/Glints2/dict_0006_0144.uasset" 4153
"../../../Engine/Content/EngineMaterials/Substrate/Glints2/dict_0003_0101.uasset" 4154
"../../../Engine/Content/EngineMaterials/Substrate/Glints2/dict_0006_0032.uasset" 4155
"../../../Engine/Content/EngineMaterials/Substrate/Glints2/dict_0003_0100.uasset" 4156
"../../../Engine/Content/EngineMaterials/Substrate/Glints2/dict_0004_0047.uasset" 4157
"../../../Engine/Content/EngineMaterials/Substrate/Glints2/dict_0000_0181.uasset" 4158
"../../../Engine/Content/EngineMaterials/Substrate/Glints2/dict_0007_0074.uasset" 4159
"../../../Engine/Content/EngineMaterials/Substrate/Glints2/dict_0007_0174.uasset" 4160
"../../../Engine/Content/EngineMaterials/Substrate/Glints2/dict_0000_0069.uasset" 4161
"../../../Engine/Content/EngineMaterials/Substrate/Glints2/dict_0000_0180.uasset" 4162
"../../../Engine/Content/EngineMaterials/Substrate/Glints2/dict_0006_0186.uasset" 4163
"../../../Engine/Content/EngineMaterials/Substrate/Glints2/dict_0001_0019.uasset" 4164
"C:/Users/zxxuh/AppData/Local/UnrealEngine/Common/DerivedDataCache/Buckets/BulkDataList/ae/1d/61eab2e9ed542bdfa2c564f0aed6bd76a28f.udd" 4165
"C:/Users/zxxuh/AppData/Local/UnrealEngine/Common/DerivedDataCache/Buckets/BulkDataList/e7/16/f67e9234f3b0b598c6e143932859e2059476.udd" 4166
"../../../Engine/Content/EngineMaterials/Substrate/Glints2/dict_0000_0063.uasset" 4167
"C:/Users/zxxuh/AppData/Local/UnrealEngine/Common/DerivedDataCache/Buckets/BulkDataList/f1/2d/1b075167b760597e1c2ef18a75ddd81b25c8.udd" 4168
"../../../Engine/Content/EngineMaterials/Substrate/Glints2/dict_0000_0037.uasset" 4169
"C:/Users/zxxuh/AppData/Local/UnrealEngine/Common/DerivedDataCache/Buckets/BulkDataList/b8/d1/5b2b98b2adc4fb34dc9e19aa3b0df051f23e.udd" 4170
"../../../Engine/Content/EngineMaterials/Substrate/Glints2/dict_0007_0221.uasset" 4171
"../../../Engine/Content/EngineMaterials/Substrate/Glints2/dict_0001_0029.uasset" 4172
"C:/Users/zxxuh/AppData/Local/UnrealEngine/Common/DerivedDataCache/Buckets/BulkDataList/8e/cd/29b85fd4d8a53fce188bc4eb8f1cafbd9d4c.udd" 4173
"C:/Users/zxxuh/AppData/Local/UnrealEngine/Common/DerivedDataCache/Buckets/BulkDataList/48/0b/cb19dc3d0b9980ba1c64d6500e57c94a3e46.udd" 4174
"../../../Engine/Content/EngineMaterials/Substrate/Glints2/dict_0000_0184.uasset" 4175
"C:/Users/zxxuh/AppData/Local/UnrealEngine/Common/DerivedDataCache/Buckets/BulkDataList/cd/74/2f1d542409fdf9c16407d66a0c56036b9e82.udd" 4176
"../../../Engine/Content/EngineMaterials/Substrate/Glints2/dict_0007_0125.uasset" 4177
"C:/Users/zxxuh/AppData/Local/UnrealEngine/Common/DerivedDataCache/Buckets/BulkDataList/b9/23/02de30b33a6020677edbbb00334db8d3a7b4.udd" 4178
"../../../Engine/Content/EngineMaterials/Substrate/Glints2/dict_0007_0190.uasset" 4179
"C:/Users/zxxuh/AppData/Local/UnrealEngine/Common/DerivedDataCache/Buckets/BulkDataList/2c/0f/5ef12fa633a911f499a856e6d8b4af2236fb.udd" 4180
"C:/Users/zxxuh/AppData/Local/UnrealEngine/Common/DerivedDataCache/Buckets/BulkDataList/40/88/68217c15c5121b24b0932c38015dc35efbf4.udd" 4181
"C:/Users/zxxuh/AppData/Local/UnrealEngine/Common/DerivedDataCache/Buckets/BulkDataList/7f/79/8afcf8e94bfb04edb4bdf24ba5b7d77971b2.udd" 4182
"C:/Users/zxxuh/AppData/Local/UnrealEngine/Common/DerivedDataCache/Buckets/BulkDataList/9c/b6/469aed16d1e8be7276f2ce32c7f144857881.udd" 4183
"C:/Users/zxxuh/AppData/Local/UnrealEngine/Common/DerivedDataCache/Buckets/BulkDataList/87/e8/035eef477bdd4e18509e9aecf22beb11c1bb.udd" 4184
"C:/Users/zxxuh/AppData/Local/UnrealEngine/Common/DerivedDataCache/Buckets/BulkDataList/16/b1/1f17a72121f6b66dc1b6c6de1e60eb43f508.udd" 4185
"C:/Users/zxxuh/AppData/Local/UnrealEngine/Common/DerivedDataCache/Buckets/BulkDataList/96/a8/7d7fb1e28efb46a2b358da6d0494b1d1e1b0.udd" 4186
"C:/Users/zxxuh/AppData/Local/UnrealEngine/Common/DerivedDataCache/Buckets/BulkDataList/a6/8a/975edc5e7ef15c3a0a65408615bd1df430bb.udd" 4187
"C:/Users/zxxuh/AppData/Local/UnrealEngine/Common/DerivedDataCache/Buckets/BulkDataList/07/28/4487072a6cd30200bda8ccb8f5e8611f94ee.udd" 4188
"C:/Users/zxxuh/AppData/Local/UnrealEngine/Common/DerivedDataCache/Buckets/BulkDataList/42/28/258e89ce9160fb810ce2008f70b93534fad7.udd" 4189
"C:/Users/zxxuh/AppData/Local/UnrealEngine/Common/DerivedDataCache/Buckets/BulkDataList/7b/e3/cea3a5e523f0a218dd9b9079fc37d0e4f6b0.udd" 4190
"C:/Users/zxxuh/AppData/Local/UnrealEngine/Common/DerivedDataCache/Buckets/BulkDataList/d2/89/e844aac1fd8308227b02a6a67e456e70caff.udd" 4191
"C:/Users/zxxuh/AppData/Local/UnrealEngine/Common/DerivedDataCache/Buckets/BulkDataList/75/ea/4ee033d8ef9614eb3bd5b24baa5cc6d56a35.udd" 4192
"C:/Users/zxxuh/AppData/Local/UnrealEngine/Common/DerivedDataCache/Buckets/BulkDataList/12/6c/b6e4fc7f89c7c639942bbde6606d861826f2.udd" 4193
"C:/Users/zxxuh/AppData/Local/UnrealEngine/Common/DerivedDataCache/Buckets/BulkDataList/5f/eb/cc00e2d718e3ac5e4b1a0e98aa3410642580.udd" 4194
"C:/Users/zxxuh/AppData/Local/UnrealEngine/Common/DerivedDataCache/Buckets/BulkDataList/2c/62/07558534214958f6917315913ae5767d6f94.udd" 4195
"C:/Users/zxxuh/AppData/Local/UnrealEngine/Common/DerivedDataCache/Buckets/BulkDataList/8b/c9/35bd3922dc00285b0d0384400e650ceb1afc.udd" 4196
"C:/Users/zxxuh/AppData/Local/UnrealEngine/Common/DerivedDataCache/Buckets/BulkDataList/8f/89/81ec0e3789de709048f960dabd27f727491e.udd" 4197
"C:/Users/zxxuh/AppData/Local/UnrealEngine/Common/DerivedDataCache/Buckets/BulkDataList/1d/bc/f696cdf15c69b558537f598e2a8fc27e6ccd.udd" 4198
"C:/Users/zxxuh/AppData/Local/UnrealEngine/Common/DerivedDataCache/Buckets/BulkDataList/67/de/da83935e6f1b11ee7c70d1206e0e67ee88fc.udd" 4199
"C:/Users/zxxuh/AppData/Local/UnrealEngine/Common/DerivedDataCache/Buckets/BulkDataList/51/86/18aec973405389d53fd306867e4bc5336149.udd" 4200
"C:/Users/zxxuh/AppData/Local/UnrealEngine/Common/DerivedDataCache/Buckets/BulkDataList/60/04/24f26043689210b4882c0d6ad5074ff47c14.udd" 4201
"C:/Users/zxxuh/AppData/Local/UnrealEngine/Common/DerivedDataCache/Buckets/BulkDataList/5d/29/393261d4d2b25b253a532d5adae562094f53.udd" 4202
"C:/Users/zxxuh/AppData/Local/UnrealEngine/Common/DerivedDataCache/Buckets/BulkDataList/36/d1/68866fea34fe67a31cc4ab4caffb5b759c80.udd" 4203
"../../../Engine/Content/EngineMaterials/Substrate/Glints2/dict_0003_0042.uasset" 4204
"../../../Engine/Content/EngineMaterials/Substrate/Glints2/dict_0006_0236.uasset" 4205
"../../../Engine/Content/EngineMaterials/Substrate/Glints2/dict_0002_0166.uasset" 4206
"../../../Engine/Content/EngineMaterials/Substrate/Glints2/dict_0007_0138.uasset" 4207
"../../../Engine/Content/EngineMaterials/Substrate/Glints2/dict_0005_0155.uasset" 4208
"../../../Engine/Content/EngineMaterials/Substrate/Glints2/dict_0003_0025.uasset" 4209
"../../../Engine/Content/EngineMaterials/Substrate/Glints2/dict_0001_0114.uasset" 4210
"../../../Engine/Content/EngineMaterials/Substrate/Glints2/dict_0002_0254.uasset" 4211
"../../../Engine/Content/EngineMaterials/Substrate/Glints2/dict_0005_0008.uasset" 4212
"../../../Engine/Content/EngineMaterials/Substrate/Glints2/dict_0000_0236.uasset" 4213
"../../../Engine/Content/EngineMaterials/Substrate/Glints2/dict_0005_0037.uasset" 4214
"../../../Engine/Content/EngineMaterials/Substrate/Glints2/dict_0003_0068.uasset" 4215
"../../../Engine/Content/EngineMaterials/Substrate/Glints2/dict_0006_0030.uasset" 4216
"../../../Engine/Content/EngineMaterials/Substrate/Glints2/dict_0004_0254.uasset" 4217
"../../../Engine/Content/EngineMaterials/Substrate/Glints2/dict_0002_0060.uasset" 4218
"../../../Engine/Content/EngineMaterials/Substrate/Glints2/dict_0002_0230.uasset" 4219
"../../../Engine/Content/EngineMaterials/Substrate/Glints2/dict_0000_0087.uasset" 4220
"../../../Engine/Content/EngineMaterials/Substrate/Glints2/dict_0006_0199.uasset" 4221
"../../../Engine/Content/EngineMaterials/Substrate/Glints2/dict_0006_0036.uasset" 4222
"../../../Engine/Content/EngineMaterials/Substrate/Glints2/dict_0007_0149.uasset" 4223
"../../../Engine/Content/EngineMaterials/Substrate/Glints2/dict_0005_0053.uasset" 4224
"../../../Engine/Content/EngineMaterials/Substrate/Glints2/dict_0003_0225.uasset" 4225
"../../../Engine/Content/EngineMaterials/Substrate/Glints2/dict_0007_0098.uasset" 4226
"../../../Engine/Content/EngineMaterials/Substrate/Glints2/dict_0007_0183.uasset" 4227
"C:/Users/zxxuh/AppData/Local/UnrealEngine/Common/DerivedDataCache/Buckets/BulkDataList/27/92/d3db941617c7a12f4e7efba66af7a089d2c9.udd" 4228
"../../../Engine/Content/EngineMaterials/Substrate/Glints2/dict_0004_0249.uasset" 4229
"C:/Users/zxxuh/AppData/Local/UnrealEngine/Common/DerivedDataCache/Buckets/BulkDataList/45/84/29119e7e4956c23728e3c64115cd2c917b3c.udd" 4230
"../../../Engine/Content/EngineMaterials/Substrate/Glints2/dict_0004_0006.uasset" 4231
"C:/Users/zxxuh/AppData/Local/UnrealEngine/Common/DerivedDataCache/Buckets/BulkDataList/3b/67/ef82a69cb272413ab6a0bee57082feede082.udd" 4232
"../../../Engine/Content/EngineMaterials/Substrate/Glints2/dict_0002_0251.uasset" 4233
"C:/Users/zxxuh/AppData/Local/UnrealEngine/Common/DerivedDataCache/Buckets/BulkDataList/9e/b0/3962f1f6d38f8d5f47b0b53f6b3d77717e44.udd" 4234
"../../../Engine/Content/EngineMaterials/Substrate/Glints2/dict_0000_0090.uasset" 4235
"C:/Users/zxxuh/AppData/Local/UnrealEngine/Common/DerivedDataCache/Buckets/BulkDataList/82/42/13e9c894bae900318d02adedee9e0946a100.udd" 4236
"../../../Engine/Content/EngineMaterials/Substrate/Glints2/dict_0005_0121.uasset" 4237
"C:/Users/zxxuh/AppData/Local/UnrealEngine/Common/DerivedDataCache/Buckets/BulkDataList/a6/78/546f288f9d5001ca0ae65503160d3ce3ccb0.udd" 4238
"../../../Engine/Content/EngineMaterials/Substrate/Glints2/dict_0005_0088.uasset" 4239
"C:/Users/zxxuh/AppData/Local/UnrealEngine/Common/DerivedDataCache/Buckets/BulkDataList/76/53/c09c3424cf88d53f9f2e093af81f255c4a0a.udd" 4240
"../../../Engine/Content/EngineMaterials/Substrate/Glints2/dict_0004_0116.uasset" 4241
"C:/Users/zxxuh/AppData/Local/UnrealEngine/Common/DerivedDataCache/Buckets/BulkDataList/8c/14/d4842fded25fd61ffe3c5c9af1505ac2e251.udd" 4242
"../../../Engine/Content/EngineMaterials/Substrate/Glints2/dict_0004_0044.uasset" 4243
"C:/Users/zxxuh/AppData/Local/UnrealEngine/Common/DerivedDataCache/Buckets/BulkDataList/f0/ca/f4149634ee161d1535a60d819403a07e69f6.udd" 4244
"C:/Users/zxxuh/AppData/Local/UnrealEngine/Common/DerivedDataCache/Buckets/BulkDataList/46/06/0066e74c0bff4bf49db132deb3a76e6ff4fd.udd" 4245
"C:/Users/zxxuh/AppData/Local/UnrealEngine/Common/DerivedDataCache/Buckets/BulkDataList/1c/f2/e3a92703fbdf663d5cabe23edd69e0cfb0df.udd" 4246
"C:/Users/zxxuh/AppData/Local/UnrealEngine/Common/DerivedDataCache/Buckets/BulkDataList/50/22/a55f0e1c077859719802f83fac84cd0f3475.udd" 4247
"C:/Users/zxxuh/AppData/Local/UnrealEngine/Common/DerivedDataCache/Buckets/BulkDataList/64/b1/f8bc2dd98e2693d656ede34373524ca764bc.udd" 4248
"C:/Users/zxxuh/AppData/Local/UnrealEngine/Common/DerivedDataCache/Buckets/BulkDataList/41/9a/34ecc559fdf8c2e9633cc6ac2f81d7e57324.udd" 4249
"C:/Users/zxxuh/AppData/Local/UnrealEngine/Common/DerivedDataCache/Buckets/BulkDataList/55/20/197c280500b4dc35af732710c0e9b7e29043.udd" 4250
"C:/Users/zxxuh/AppData/Local/UnrealEngine/Common/DerivedDataCache/Buckets/BulkDataList/93/c3/db9718189998fa78d5d3f19fde73c2c8636c.udd" 4251
"C:/Users/zxxuh/AppData/Local/UnrealEngine/Common/DerivedDataCache/Buckets/BulkDataList/5d/0f/bd35ac797d7ac16d458111eda12842d15c8b.udd" 4252
"C:/Users/zxxuh/AppData/Local/UnrealEngine/Common/DerivedDataCache/Buckets/BulkDataList/4d/cd/ff825c11b114219282300a3da62cd93d5549.udd" 4253
"C:/Users/zxxuh/AppData/Local/UnrealEngine/Common/DerivedDataCache/Buckets/BulkDataList/87/d5/1213424f9a0e73bb08dfdb2417af0acded15.udd" 4254
"C:/Users/zxxuh/AppData/Local/UnrealEngine/Common/DerivedDataCache/Buckets/BulkDataList/44/04/7c8b6f5ccf37139e1ca88a01294345b73a34.udd" 4255
"C:/Users/zxxuh/AppData/Local/UnrealEngine/Common/DerivedDataCache/Buckets/BulkDataList/76/fa/7471b09a1517ac92a13733f00b4a72f271f4.udd" 4256
"C:/Users/zxxuh/AppData/Local/UnrealEngine/Common/DerivedDataCache/Buckets/BulkDataList/7d/98/f6c1b83e0374e186d4aa6b0bfe82fbb89782.udd" 4257
"C:/Users/zxxuh/AppData/Local/UnrealEngine/Common/DerivedDataCache/Buckets/BulkDataList/5a/50/8d54eeed191ef780904d40867e65340013a4.udd" 4258
"C:/Users/zxxuh/AppData/Local/UnrealEngine/Common/DerivedDataCache/Buckets/BulkDataList/0e/34/fba8cdf65aaf09736cc8a2d712237f45c330.udd" 4259
"C:/Users/zxxuh/AppData/Local/UnrealEngine/Common/DerivedDataCache/Buckets/BulkDataList/4e/50/f05bf98600e3ea7edb04a3ac051ae6d0b952.udd" 4260
"C:/Users/zxxuh/AppData/Local/UnrealEngine/Common/DerivedDataCache/Buckets/BulkDataList/f7/ab/1e6fb34c1d12725a674c9bc0fc71568fe54f.udd" 4261
"C:/Users/zxxuh/AppData/Local/UnrealEngine/Common/DerivedDataCache/Buckets/BulkDataList/ee/91/85d234ac5f2e734a87c6ee3dbc86a8a4d692.udd" 4262
"C:/Users/zxxuh/AppData/Local/UnrealEngine/Common/DerivedDataCache/Buckets/BulkDataList/2e/58/6b65f52ae3d97a0df3e008954e8efb3f5321.udd" 4263
"C:/Users/zxxuh/AppData/Local/UnrealEngine/Common/DerivedDataCache/Buckets/BulkDataList/f9/c7/4bdc5d95dccc17f98e46c20a43cf6db722c8.udd" 4264
"C:/Users/zxxuh/AppData/Local/UnrealEngine/Common/DerivedDataCache/Buckets/BulkDataList/26/d7/3906adf0aad50946b901222539dd1f5f5f8c.udd" 4265
"C:/Users/zxxuh/AppData/Local/UnrealEngine/Common/DerivedDataCache/Buckets/BulkDataList/ed/a3/96890e4a0b7a47a9bd15cc6977ec6a6c410f.udd" 4266
"C:/Users/zxxuh/AppData/Local/UnrealEngine/Common/DerivedDataCache/Buckets/BulkDataList/78/06/0223bbd076d65967fb1579e982c29e60d81d.udd" 4267
"../../../Engine/Content/EngineMaterials/Substrate/Glints2/dict_0002_0152.uasset" 4268
"../../../Engine/Content/EngineMaterials/Substrate/Glints2/dict_0004_0152.uasset" 4269
"../../../Engine/Content/EngineMaterials/Substrate/Glints2/dict_0004_0156.uasset" 4270
"../../../Engine/Content/EngineMaterials/Substrate/Glints2/dict_0002_0003.uasset" 4271
"../../../Engine/Content/EngineMaterials/Substrate/Glints2/dict_0004_0130.uasset" 4272
"../../../Engine/Content/EngineMaterials/Substrate/Glints2/dict_0005_0136.uasset" 4273
"../../../Engine/Content/EngineMaterials/Substrate/Glints2/dict_0001_0064.uasset" 4274
"../../../Engine/Content/EngineMaterials/Substrate/Glints2/dict_0006_0218.uasset" 4275
"../../../Engine/Content/EngineMaterials/Substrate/Glints2/dict_0003_0251.uasset" 4276
"../../../Engine/Content/EngineMaterials/Substrate/Glints2/dict_0005_0163.uasset" 4277
"../../../Engine/Content/EngineMaterials/Substrate/Glints2/dict_0007_0141.uasset" 4278
"../../../Engine/Content/EngineMaterials/Substrate/Glints2/dict_0005_0071.uasset" 4279
"../../../Engine/Content/EngineMaterials/Substrate/Glints2/dict_0002_0153.uasset" 4280
"../../../Engine/Content/EngineMaterials/Substrate/Glints2/dict_0003_0043.uasset" 4281
"../../../Engine/Content/EngineMaterials/Substrate/Glints2/dict_0003_0027.uasset" 4282
"../../../Engine/Content/EngineMaterials/Substrate/Glints2/dict_0000_0212.uasset" 4283
"../../../Engine/Content/EngineMaterials/Substrate/Glints2/dict_0000_0102.uasset" 4284
"../../../Engine/Content/EngineMaterials/Substrate/Glints2/dict_0001_0031.uasset" 4285
"../../../Engine/Content/EngineMaterials/Substrate/Glints2/dict_0004_0140.uasset" 4286
"../../../Engine/Content/EngineMaterials/Substrate/Glints2/dict_0005_0217.uasset" 4287
"../../../Engine/Content/EngineMaterials/Substrate/Glints2/dict_0007_0025.uasset" 4288
"../../../Engine/Content/EngineMaterials/Substrate/Glints2/dict_0002_0025.uasset" 4289
"../../../Engine/Content/EngineMaterials/Substrate/Glints2/dict_0001_0084.uasset" 4290
"../../../Engine/Content/EngineMaterials/Substrate/Glints2/dict_0002_0168.uasset" 4291
"C:/Users/zxxuh/AppData/Local/UnrealEngine/Common/DerivedDataCache/Buckets/BulkDataList/1e/2f/e4a470def28f9072c77a5bc1eb12da3bb7bb.udd" 4292
"../../../Engine/Content/EngineMaterials/Substrate/Glints2/dict_0000_0122.uasset" 4293
"../../../Engine/Content/EngineMaterials/Substrate/Glints2/dict_0007_0152.uasset" 4294
"C:/Users/zxxuh/AppData/Local/UnrealEngine/Common/DerivedDataCache/Buckets/BulkDataList/b5/c9/b1b4737be0cd56d740cb6a9563b69bb8664c.udd" 4295
"C:/Users/zxxuh/AppData/Local/UnrealEngine/Common/DerivedDataCache/Buckets/BulkDataList/c5/20/bd2102832a21bc0793e0c82946da4b6f1bd3.udd" 4296
"../../../Engine/Content/EngineMaterials/Substrate/Glints2/dict_0006_0191.uasset" 4297
"C:/Users/zxxuh/AppData/Local/UnrealEngine/Common/DerivedDataCache/Buckets/BulkDataList/7c/c3/9ec2a43532318973444e7ef31611fd2e3b69.udd" 4298
"../../../Engine/Content/EngineMaterials/Substrate/Glints2/dict_0007_0072.uasset" 4299
"C:/Users/zxxuh/AppData/Local/UnrealEngine/Common/DerivedDataCache/Buckets/BulkDataList/cc/f2/9d8014c68b3ec0971c57a592697039ccc727.udd" 4300
"../../../Engine/Content/EngineMaterials/Substrate/Glints2/dict_0003_0036.uasset" 4301
"C:/Users/zxxuh/AppData/Local/UnrealEngine/Common/DerivedDataCache/Buckets/BulkDataList/42/62/40e1134dbca9182e8dcdb781d6a27581e7ec.udd" 4302
"../../../Engine/Content/EngineMaterials/Substrate/Glints2/dict_0002_0246.uasset" 4303
"C:/Users/zxxuh/AppData/Local/UnrealEngine/Common/DerivedDataCache/Buckets/BulkDataList/0c/e3/49982d4b32952578b00a5d6e3dfa5779e75b.udd" 4304
"../../../Engine/Content/EngineMaterials/Substrate/Glints2/dict_0003_0130.uasset" 4305
"C:/Users/zxxuh/AppData/Local/UnrealEngine/Common/DerivedDataCache/Buckets/BulkDataList/ba/4a/109a1768752b7c7c1a7ee889982e342cc3a2.udd" 4306
"../../../Engine/Content/EngineMaterials/Substrate/Glints2/dict_0001_0030.uasset" 4307
"C:/Users/zxxuh/AppData/Local/UnrealEngine/Common/DerivedDataCache/Buckets/BulkDataList/ba/97/3a1e13e4bf524495ddf88b706e6feafebe1a.udd" 4308
"C:/Users/zxxuh/AppData/Local/UnrealEngine/Common/DerivedDataCache/Buckets/BulkDataList/b4/cb/fe5999a5bbafd5805fe7b1f3b3f6ba8a8e42.udd" 4309
"C:/Users/zxxuh/AppData/Local/UnrealEngine/Common/DerivedDataCache/Buckets/BulkDataList/84/3b/85ea98f3e866d389454038c301f729cb9aac.udd" 4310
"C:/Users/zxxuh/AppData/Local/UnrealEngine/Common/DerivedDataCache/Buckets/BulkDataList/bf/f5/57295e6b75f18f68cf4be0e08659f63ddd21.udd" 4311
"C:/Users/zxxuh/AppData/Local/UnrealEngine/Common/DerivedDataCache/Buckets/BulkDataList/1a/6e/24b4de9dda8230673e4425221b41797596b5.udd" 4312
"C:/Users/zxxuh/AppData/Local/UnrealEngine/Common/DerivedDataCache/Buckets/BulkDataList/06/13/5762cc4dcd8f6f40979570fba4bbd473faa9.udd" 4313
"C:/Users/zxxuh/AppData/Local/UnrealEngine/Common/DerivedDataCache/Buckets/BulkDataList/2c/90/cf4ff535f1c9f9f7618fb770c16fece5f003.udd" 4314
"C:/Users/zxxuh/AppData/Local/UnrealEngine/Common/DerivedDataCache/Buckets/BulkDataList/ab/43/beff09d8444be68df352bb493962567f0299.udd" 4315
"C:/Users/zxxuh/AppData/Local/UnrealEngine/Common/DerivedDataCache/Buckets/BulkDataList/12/51/90fb862d6f0f08d434bb8f94269be286ad1a.udd" 4316
"C:/Users/zxxuh/AppData/Local/UnrealEngine/Common/DerivedDataCache/Buckets/BulkDataList/1a/e8/2572e6ca3d763e79658b3654fdf29214bb22.udd" 4317
"C:/Users/zxxuh/AppData/Local/UnrealEngine/Common/DerivedDataCache/Buckets/BulkDataList/f6/e0/0a20e62f6956366ac2174a8a111481c6d33c.udd" 4318
"C:/Users/zxxuh/AppData/Local/UnrealEngine/Common/DerivedDataCache/Buckets/BulkDataList/fe/7f/29d9a2203acb515fbf016541aa709545523f.udd" 4319
"C:/Users/zxxuh/AppData/Local/UnrealEngine/Common/DerivedDataCache/Buckets/BulkDataList/91/27/008e0fcc70f4b39c356892da0d131f6a5a5d.udd" 4320
"C:/Users/zxxuh/AppData/Local/UnrealEngine/Common/DerivedDataCache/Buckets/BulkDataList/41/7b/de55ede48bda3d241e2fbe78049abfbcce9f.udd" 4321
"C:/Users/zxxuh/AppData/Local/UnrealEngine/Common/DerivedDataCache/Buckets/BulkDataList/24/b5/1da0afde1f987e13ec1cac9bc50fcc6896f8.udd" 4322
"C:/Users/zxxuh/AppData/Local/UnrealEngine/Common/DerivedDataCache/Buckets/BulkDataList/d7/18/ea2ec8581d3b941d0c85651e16ad9dbd74ac.udd" 4323
"C:/Users/zxxuh/AppData/Local/UnrealEngine/Common/DerivedDataCache/Buckets/BulkDataList/59/1c/fe540d21d57158252647bca1f4a8f269d5f0.udd" 4324
"C:/Users/zxxuh/AppData/Local/UnrealEngine/Common/DerivedDataCache/Buckets/BulkDataList/ae/43/3a1e161499f31f443c7c6434a8038a5420f6.udd" 4325
"C:/Users/zxxuh/AppData/Local/UnrealEngine/Common/DerivedDataCache/Buckets/BulkDataList/68/23/ac87281069a19515a043577497bfbfc3b9c2.udd" 4326
"C:/Users/zxxuh/AppData/Local/UnrealEngine/Common/DerivedDataCache/Buckets/BulkDataList/f6/23/966bfa217815dc848615a02327940b78e6d5.udd" 4327
"C:/Users/zxxuh/AppData/Local/UnrealEngine/Common/DerivedDataCache/Buckets/BulkDataList/7b/6c/f74c174f59e37d618d37525a398480c5c98b.udd" 4328
"C:/Users/zxxuh/AppData/Local/UnrealEngine/Common/DerivedDataCache/Buckets/BulkDataList/84/68/02623a99ea579bb9c7d93c816f9ceff5c81c.udd" 4329
"C:/Users/zxxuh/AppData/Local/UnrealEngine/Common/DerivedDataCache/Buckets/BulkDataList/82/15/ca25f1da82c49acd77960c238963563cb318.udd" 4330
"C:/Users/zxxuh/AppData/Local/UnrealEngine/Common/DerivedDataCache/Buckets/BulkDataList/8d/3d/af2663fed2961761a6b6ad5e86595e25ca7e.udd" 4331
"../../../Engine/Content/EngineMaterials/Substrate/Glints2/dict_0005_0223.uasset" 4332
"../../../Engine/Content/EngineMaterials/Substrate/Glints2/dict_0005_0240.uasset" 4333
"../../../Engine/Content/EngineMaterials/Substrate/Glints2/dict_0002_0223.uasset" 4334
"../../../Engine/Content/EngineMaterials/Substrate/Glints2/dict_0007_0105.uasset" 4335
"../../../Engine/Content/EngineMaterials/Substrate/Glints2/dict_0007_0114.uasset" 4336
"../../../Engine/Content/EngineMaterials/Substrate/Glints2/dict_0003_0046.uasset" 4337
"../../../Engine/Content/EngineMaterials/Substrate/Glints2/dict_0000_0253.uasset" 4338
"../../../Engine/Content/EngineMaterials/Substrate/Glints2/dict_0007_0042.uasset" 4339
"../../../Engine/Content/EngineMaterials/Substrate/Glints2/dict_0007_0205.uasset" 4340
"../../../Engine/Content/EngineMaterials/Substrate/Glints2/dict_0005_0244.uasset" 4341
"../../../Engine/Content/EngineMaterials/Substrate/Glints2/dict_0005_0189.uasset" 4342
"../../../Engine/Content/EngineMaterials/Substrate/Glints2/dict_0002_0189.uasset" 4343
"../../../Engine/Content/EngineMaterials/Substrate/Glints2/dict_0005_0049.uasset" 4344
"../../../Engine/Content/EngineMaterials/Substrate/Glints2/dict_0006_0112.uasset" 4345
"../../../Engine/Content/EngineMaterials/Substrate/Glints2/dict_0007_0104.uasset" 4346
"../../../Engine/Content/EngineMaterials/Substrate/Glints2/dict_0006_0029.uasset" 4347
"../../../Engine/Content/EngineMaterials/Substrate/Glints2/dict_0002_0242.uasset" 4348
"../../../Engine/Content/EngineMaterials/Substrate/Glints2/dict_0006_0239.uasset" 4349
"../../../Engine/Content/EngineMaterials/Substrate/Glints2/dict_0007_0076.uasset" 4350
"../../../Engine/Content/EngineMaterials/Substrate/Glints2/dict_0002_0123.uasset" 4351
"../../../Engine/Content/EngineMaterials/Substrate/Glints2/dict_0005_0042.uasset" 4352
"../../../Engine/Content/EngineMaterials/Substrate/Glints2/dict_0000_0100.uasset" 4353
"../../../Engine/Content/EngineMaterials/Substrate/Glints2/dict_0005_0170.uasset" 4354
"../../../Engine/Content/EngineMaterials/Substrate/Glints2/dict_0004_0078.uasset" 4355
"C:/Users/zxxuh/AppData/Local/UnrealEngine/Common/DerivedDataCache/Buckets/BulkDataList/3f/3e/8102edc686c773cabeeb3643392bffe5c12d.udd" 4356
"../../../Engine/Content/EngineMaterials/Substrate/Glints2/dict_0002_0036.uasset" 4357
"C:/Users/zxxuh/AppData/Local/UnrealEngine/Common/DerivedDataCache/Buckets/BulkDataList/a7/8f/7fc6a014a26ac85148598c29af693d99125b.udd" 4358
"../../../Engine/Content/EngineMaterials/Substrate/Glints2/dict_0000_0062.uasset" 4359
"C:/Users/zxxuh/AppData/Local/UnrealEngine/Common/DerivedDataCache/Buckets/BulkDataList/e9/16/faa35ea5bdec6b24a5b3fb9eaa0038164d81.udd" 4360
"../../../Engine/Content/EngineMaterials/Substrate/Glints2/dict_0002_0020.uasset" 4361
"../../../Engine/Content/EngineMaterials/Substrate/Glints2/dict_0006_0163.uasset" 4362
"C:/Users/zxxuh/AppData/Local/UnrealEngine/Common/DerivedDataCache/Buckets/BulkDataList/a2/0e/15d9b3b4f7fbbe2a6c8ef11ea634de0a248a.udd" 4363
"C:/Users/zxxuh/AppData/Local/UnrealEngine/Common/DerivedDataCache/Buckets/BulkDataList/90/8b/20d205853e10332732ab8f86e72ad9cfedad.udd" 4364
"../../../Engine/Content/EngineMaterials/Substrate/Glints2/dict_0005_0195.uasset" 4365
"C:/Users/zxxuh/AppData/Local/UnrealEngine/Common/DerivedDataCache/Buckets/BulkDataList/9c/39/2a25e8b8101337ce31e835e08e208053e79e.udd" 4366
"../../../Engine/Content/EngineMaterials/Substrate/Glints2/dict_0005_0068.uasset" 4367
"C:/Users/zxxuh/AppData/Local/UnrealEngine/Common/DerivedDataCache/Buckets/BulkDataList/c2/7d/ae01e6188d67da18d72e19f6b52b288fbb14.udd" 4368
"../../../Engine/Content/EngineMaterials/Substrate/Glints2/dict_0007_0246.uasset" 4369
"C:/Users/zxxuh/AppData/Local/UnrealEngine/Common/DerivedDataCache/Buckets/BulkDataList/8b/19/3794c644b72dc0cdf24680a9fc423535975c.udd" 4370
"../../../Engine/Content/EngineMaterials/Substrate/Glints2/dict_0004_0191.uasset" 4371
"C:/Users/zxxuh/AppData/Local/UnrealEngine/Common/DerivedDataCache/Buckets/BulkDataList/15/49/3e4b3012e5450335edaef3fd4ccb573a8e06.udd" 4372
"C:/Users/zxxuh/AppData/Local/UnrealEngine/Common/DerivedDataCache/Buckets/BulkDataList/f2/53/76338b21f5db435d1225695672b578ed2cb7.udd" 4373
"C:/Users/zxxuh/AppData/Local/UnrealEngine/Common/DerivedDataCache/Buckets/BulkDataList/c2/2a/b5ae1bf983896937919b7a3f727145c591b1.udd" 4374
"C:/Users/zxxuh/AppData/Local/UnrealEngine/Common/DerivedDataCache/Buckets/BulkDataList/d0/ee/2a70f5b4d43913a498314b94c52ca43fccba.udd" 4375
"C:/Users/zxxuh/AppData/Local/UnrealEngine/Common/DerivedDataCache/Buckets/BulkDataList/a2/1d/f0e828043f91b2c90192f77835831034403a.udd" 4376
"C:/Users/zxxuh/AppData/Local/UnrealEngine/Common/DerivedDataCache/Buckets/BulkDataList/7d/71/d1feca94c5e3556dab6a80a884ffa3809da6.udd" 4377
"C:/Users/zxxuh/AppData/Local/UnrealEngine/Common/DerivedDataCache/Buckets/BulkDataList/be/02/cb46d9232f13216e708c1a8985f608882745.udd" 4378
"C:/Users/zxxuh/AppData/Local/UnrealEngine/Common/DerivedDataCache/Buckets/BulkDataList/1c/d4/b3c3ff3b15435a48ab4f5b2926c55dd70f0a.udd" 4379
"C:/Users/zxxuh/AppData/Local/UnrealEngine/Common/DerivedDataCache/Buckets/BulkDataList/1c/08/d55189280f5f0b8f5799b94cb9f692fa975d.udd" 4380
"C:/Users/zxxuh/AppData/Local/UnrealEngine/Common/DerivedDataCache/Buckets/BulkDataList/33/9d/a2f7387cce46d97f7055a1d1fe8c9ae73a41.udd" 4381
"C:/Users/zxxuh/AppData/Local/UnrealEngine/Common/DerivedDataCache/Buckets/BulkDataList/ba/dd/737e4f91f2dfad30d05c9b5e57588fbcd5b7.udd" 4382
"C:/Users/zxxuh/AppData/Local/UnrealEngine/Common/DerivedDataCache/Buckets/BulkDataList/92/b7/65549eac856d7de4584f22f9ba4fddf5b7fb.udd" 4383
"C:/Users/zxxuh/AppData/Local/UnrealEngine/Common/DerivedDataCache/Buckets/BulkDataList/53/69/09a4e882d89fa3f0ee87cedb24f84ff057cb.udd" 4384
"C:/Users/zxxuh/AppData/Local/UnrealEngine/Common/DerivedDataCache/Buckets/BulkDataList/f0/32/f3af314b007aecbd54b98ba694deb7c9b97f.udd" 4385
"C:/Users/zxxuh/AppData/Local/UnrealEngine/Common/DerivedDataCache/Buckets/BulkDataList/ba/d5/d034b973071913b051010ea38152aa72ea96.udd" 4386
"C:/Users/zxxuh/AppData/Local/UnrealEngine/Common/DerivedDataCache/Buckets/BulkDataList/67/95/542baaf2399fc983ad7d70fc25ee18a4a2fd.udd" 4387
"C:/Users/zxxuh/AppData/Local/UnrealEngine/Common/DerivedDataCache/Buckets/BulkDataList/af/fd/c3dc9fb2c44a2c4df0d60cfefe4ecb36c4ae.udd" 4388
"C:/Users/zxxuh/AppData/Local/UnrealEngine/Common/DerivedDataCache/Buckets/BulkDataList/44/53/0d648bd7501e713ad0dc4c2548edfadcb909.udd" 4389
"C:/Users/zxxuh/AppData/Local/UnrealEngine/Common/DerivedDataCache/Buckets/BulkDataList/e7/69/4dd31cb7aa15be356deb7437f2ca34d8e884.udd" 4390
"C:/Users/zxxuh/AppData/Local/UnrealEngine/Common/DerivedDataCache/Buckets/BulkDataList/92/b4/84caa6db559f7c1c49d522df424853a899ee.udd" 4391
"C:/Users/zxxuh/AppData/Local/UnrealEngine/Common/DerivedDataCache/Buckets/BulkDataList/9e/79/d2b7a68db18806861a5279dfa680aa997e53.udd" 4392
"C:/Users/zxxuh/AppData/Local/UnrealEngine/Common/DerivedDataCache/Buckets/BulkDataList/13/9a/d4fc8780aa21e297b6c4e84d0777120970fb.udd" 4393
"C:/Users/zxxuh/AppData/Local/UnrealEngine/Common/DerivedDataCache/Buckets/BulkDataList/0d/bb/1f60194b5c444536c4d6f065cfd08086e496.udd" 4394
"C:/Users/zxxuh/AppData/Local/UnrealEngine/Common/DerivedDataCache/Buckets/BulkDataList/19/61/ef39567135a09cbd10643ba1b379db22d952.udd" 4395
"../../../Engine/Content/EngineMaterials/Substrate/Glints2/dict_0004_0034.uasset" 4396
"../../../Engine/Content/EngineMaterials/Substrate/Glints2/dict_0003_0158.uasset" 4397
"../../../Engine/Content/EngineMaterials/Substrate/Glints2/dict_0003_0044.uasset" 4398
"../../../Engine/Content/EngineMaterials/Substrate/Glints2/dict_0001_0159.uasset" 4399
"../../../Engine/Content/EngineMaterials/Substrate/Glints2/dict_0003_0136.uasset" 4400
"../../../Engine/Content/EngineMaterials/Substrate/Glints2/dict_0007_0245.uasset" 4401
"../../../Engine/Content/EngineMaterials/Substrate/Glints2/dict_0005_0177.uasset" 4402
"../../../Engine/Content/EngineMaterials/Substrate/Glints2/dict_0004_0046.uasset" 4403
"../../../Engine/Content/EngineMaterials/Substrate/Glints2/dict_0000_0228.uasset" 4404
"../../../Engine/Content/EngineMaterials/Substrate/Glints2/dict_0004_0213.uasset" 4405
"../../../Engine/Content/EngineMaterials/Substrate/Glints2/dict_0004_0057.uasset" 4406
"../../../Engine/Content/EngineMaterials/Substrate/Glints2/dict_0007_0182.uasset" 4407
"../../../Engine/Content/EngineMaterials/Substrate/Glints2/dict_0001_0040.uasset" 4408
"../../../Engine/Content/EngineMaterials/Substrate/Glints2/dict_0002_0247.uasset" 4409
"../../../Engine/Content/EngineMaterials/Substrate/Glints2/dict_0005_0018.uasset" 4410
"../../../Engine/Content/EngineMaterials/Substrate/Glints2/dict_0002_0054.uasset" 4411
"../../../Engine/Content/EngineMaterials/Substrate/Glints2/dict_0001_0018.uasset" 4412
"../../../Engine/Content/EngineMaterials/Substrate/Glints2/dict_0000_0034.uasset" 4413
"../../../Engine/Content/EngineMaterials/Substrate/Glints2/dict_0005_0152.uasset" 4414
"../../../Engine/Content/EngineMaterials/Substrate/Glints2/dict_0003_0117.uasset" 4415
"../../../Engine/Content/EngineMaterials/Substrate/Glints2/dict_0006_0240.uasset" 4416
"../../../Engine/Content/EngineMaterials/Substrate/Glints2/dict_0002_0087.uasset" 4417
"../../../Engine/Content/EngineMaterials/Substrate/Glints2/dict_0003_0253.uasset" 4418
"../../../Engine/Content/EngineMaterials/Substrate/Glints2/dict_0006_0245.uasset" 4419
"C:/Users/zxxuh/AppData/Local/UnrealEngine/Common/DerivedDataCache/Buckets/BulkDataList/d8/bd/34c480f35c1783d77ec052b4c8e1a1c79763.udd" 4420
"../../../Engine/Content/EngineMaterials/Substrate/Glints2/dict_0004_0073.uasset" 4421
"C:/Users/zxxuh/AppData/Local/UnrealEngine/Common/DerivedDataCache/Buckets/BulkDataList/f5/12/82d33f41e2261f55cc945978cc468a203b35.udd" 4422
"../../../Engine/Content/EngineMaterials/Substrate/Glints2/dict_0004_0043.uasset" 4423
"../../../Engine/Content/EngineMaterials/Substrate/Glints2/dict_0000_0217.uasset" 4424
"C:/Users/zxxuh/AppData/Local/UnrealEngine/Common/DerivedDataCache/Buckets/BulkDataList/29/28/79a316eefe947c2671d69a5467b4b0364090.udd" 4425
"C:/Users/zxxuh/AppData/Local/UnrealEngine/Common/DerivedDataCache/Buckets/BulkDataList/00/a9/2bb20e20729ff933dba97f1a035aa1cf3b05.udd" 4426
"../../../Engine/Content/EngineMaterials/Substrate/Glints2/dict_0006_0155.uasset" 4427
"C:/Users/zxxuh/AppData/Local/UnrealEngine/Common/DerivedDataCache/Buckets/BulkDataList/8a/06/f63845ef6ca7058b37226e6f0b98b5db126a.udd" 4428
"../../../Engine/Content/EngineMaterials/Substrate/Glints2/dict_0002_0047.uasset" 4429
"../../../Engine/Content/EngineMaterials/Substrate/Glints2/dict_0005_0146.uasset" 4430
"C:/Users/zxxuh/AppData/Local/UnrealEngine/Common/DerivedDataCache/Buckets/BulkDataList/69/46/10220dd8e9e6fbaa1e7bf7acfa9d3add2a4f.udd" 4431
"C:/Users/zxxuh/AppData/Local/UnrealEngine/Common/DerivedDataCache/Buckets/BulkDataList/db/40/efc69b2826b8ac276b12a546a8247ada024c.udd" 4432
"../../../Engine/Content/EngineMaterials/Substrate/Glints2/dict_0007_0181.uasset" 4433
"C:/Users/zxxuh/AppData/Local/UnrealEngine/Common/DerivedDataCache/Buckets/BulkDataList/87/06/edf29b6fdb94604449427e93d1bd99f9dfef.udd" 4434
"../../../Engine/Content/EngineMaterials/Substrate/Glints2/dict_0005_0239.uasset" 4435
"C:/Users/zxxuh/AppData/Local/UnrealEngine/Common/DerivedDataCache/Buckets/BulkDataList/a7/4f/b1a102bd316da9b4dddb7302ef74ad807f29.udd" 4436
"C:/Users/zxxuh/AppData/Local/UnrealEngine/Common/DerivedDataCache/Buckets/BulkDataList/be/81/f7808e0c9e132a38cdbade7b5bc5c16ce09f.udd" 4437
"C:/Users/zxxuh/AppData/Local/UnrealEngine/Common/DerivedDataCache/Buckets/BulkDataList/09/8d/6261bb8b1eb18b9fe6d2cb6ef5111f6d93f0.udd" 4438
"C:/Users/zxxuh/AppData/Local/UnrealEngine/Common/DerivedDataCache/Buckets/BulkDataList/35/90/3279c30a36cd4da6883a6405300001cf2090.udd" 4439
"C:/Users/zxxuh/AppData/Local/UnrealEngine/Common/DerivedDataCache/Buckets/BulkDataList/d8/57/26dac49677d70e9929ec0c5fc7321dda5c82.udd" 4440
"C:/Users/zxxuh/AppData/Local/UnrealEngine/Common/DerivedDataCache/Buckets/BulkDataList/b3/18/8d19edb99b07948ccfb48d11ad9205b7841f.udd" 4441
"C:/Users/zxxuh/AppData/Local/UnrealEngine/Common/DerivedDataCache/Buckets/BulkDataList/eb/ff/41c9486b5a1e3507207d62a9e88e93a9376a.udd" 4442
"C:/Users/zxxuh/AppData/Local/UnrealEngine/Common/DerivedDataCache/Buckets/BulkDataList/47/97/719d6f56f99e1f55671477baabdd0725dd81.udd" 4443
"C:/Users/zxxuh/AppData/Local/UnrealEngine/Common/DerivedDataCache/Buckets/BulkDataList/7d/67/1797a8dba196df1b6e7659c6d2bd81b19888.udd" 4444
"C:/Users/zxxuh/AppData/Local/UnrealEngine/Common/DerivedDataCache/Buckets/BulkDataList/d7/da/d2ee0c9bf6a3bee71855c926dd40e04c350e.udd" 4445
"C:/Users/zxxuh/AppData/Local/UnrealEngine/Common/DerivedDataCache/Buckets/BulkDataList/bd/6d/0f6f120c0001817ce8546fbf81d2267fe8af.udd" 4446
"C:/Users/zxxuh/AppData/Local/UnrealEngine/Common/DerivedDataCache/Buckets/BulkDataList/b5/67/8d4cc7df6009ff6e27eeff6ba2541a2271a5.udd" 4447
"C:/Users/zxxuh/AppData/Local/UnrealEngine/Common/DerivedDataCache/Buckets/BulkDataList/9f/4c/2fd95d749d9ff69e87243a6b9219724f00ac.udd" 4448
"C:/Users/zxxuh/AppData/Local/UnrealEngine/Common/DerivedDataCache/Buckets/BulkDataList/1c/20/2e7b1547122cd2da41b59db4860841ec5a68.udd" 4449
"C:/Users/zxxuh/AppData/Local/UnrealEngine/Common/DerivedDataCache/Buckets/BulkDataList/29/9c/b12c39dc1c65b891258b2de83e9afd803bdf.udd" 4450
"C:/Users/zxxuh/AppData/Local/UnrealEngine/Common/DerivedDataCache/Buckets/BulkDataList/5c/94/05eb18b16a7e85708e3fb5dcbf839cb1fe4d.udd" 4451
"C:/Users/zxxuh/AppData/Local/UnrealEngine/Common/DerivedDataCache/Buckets/BulkDataList/ca/ff/8516618248c08e4aa8c6036461e493a110c6.udd" 4452
"C:/Users/zxxuh/AppData/Local/UnrealEngine/Common/DerivedDataCache/Buckets/BulkDataList/bb/1b/d0720fd81796d9ec28dbe030840b980aa833.udd" 4453
"C:/Users/zxxuh/AppData/Local/UnrealEngine/Common/DerivedDataCache/Buckets/BulkDataList/8e/3d/8af61eda5aa57ff4e8644d217f16e2b3fd2b.udd" 4454
"C:/Users/zxxuh/AppData/Local/UnrealEngine/Common/DerivedDataCache/Buckets/BulkDataList/c6/ee/3086e56a8d9cf816b037908bb4360ea7b5b8.udd" 4455
"C:/Users/zxxuh/AppData/Local/UnrealEngine/Common/DerivedDataCache/Buckets/BulkDataList/90/7a/d71fff728b8f9245aae71a33ddc78aa6b53a.udd" 4456
"C:/Users/zxxuh/AppData/Local/UnrealEngine/Common/DerivedDataCache/Buckets/BulkDataList/8e/6e/1dd69c111b93141385d0a95983db9fa4688a.udd" 4457
"C:/Users/zxxuh/AppData/Local/UnrealEngine/Common/DerivedDataCache/Buckets/BulkDataList/98/9c/fc00816890a5996736c980362113805b292b.udd" 4458
"C:/Users/zxxuh/AppData/Local/UnrealEngine/Common/DerivedDataCache/Buckets/BulkDataList/b1/c4/d366cef6131d356cc8e5e163e73728c99533.udd" 4459
"../../../Engine/Content/EngineMaterials/Substrate/Glints2/dict_0001_0021.uasset" 4460
"../../../Engine/Content/EngineMaterials/Substrate/Glints2/dict_0000_0190.uasset" 4461
"../../../Engine/Content/EngineMaterials/Substrate/Glints2/dict_0004_0145.uasset" 4462
"../../../Engine/Content/EngineMaterials/Substrate/Glints2/dict_0002_0229.uasset" 4463
"../../../Engine/Content/EngineMaterials/Substrate/Glints2/dict_0001_0116.uasset" 4464
"../../../Engine/Content/EngineMaterials/Substrate/Glints2/dict_0002_0215.uasset" 4465
"../../../Engine/Content/EngineMaterials/Substrate/Glints2/dict_0003_0134.uasset" 4466
"../../../Engine/Content/EngineMaterials/Substrate/Glints2/dict_0001_0082.uasset" 4467
"../../../Engine/Content/EngineMaterials/Substrate/Glints2/dict_0000_0133.uasset" 4468
"../../../Engine/Content/EngineMaterials/Substrate/Glints2/dict_0007_0220.uasset" 4469
"../../../Engine/Content/EngineMaterials/Substrate/Glints2/dict_0007_0084.uasset" 4470
"../../../Engine/Content/EngineMaterials/Substrate/Glints2/dict_0003_0071.uasset" 4471
"../../../Engine/Content/EngineMaterials/Substrate/Glints2/dict_0005_0065.uasset" 4472
"../../../Engine/Content/EngineMaterials/Substrate/Glints2/dict_0004_0212.uasset" 4473
"../../../Engine/Content/EngineMaterials/Substrate/Glints2/dict_0003_0215.uasset" 4474
"../../../Engine/Content/EngineMaterials/Substrate/Glints2/dict_0002_0127.uasset" 4475
"../../../Engine/Content/EngineMaterials/Substrate/Glints2/dict_0005_0206.uasset" 4476
"../../../Engine/Content/EngineMaterials/Substrate/Glints2/dict_0006_0065.uasset" 4477
"../../../Engine/Content/EngineMaterials/Substrate/Glints2/dict_0004_0117.uasset" 4478
"../../../Engine/Content/EngineMaterials/Substrate/Glints2/dict_0002_0073.uasset" 4479
"../../../Engine/Content/EngineMaterials/Substrate/Glints2/dict_0005_0128.uasset" 4480
"../../../Engine/Content/EngineMaterials/Substrate/Glints2/dict_0003_0102.uasset" 4481
"../../../Engine/Content/EngineMaterials/Substrate/Glints2/dict_0007_0021.uasset" 4482
"../../../Engine/Content/EngineMaterials/Substrate/Glints2/dict_0001_0058.uasset" 4483
"../../../Engine/Content/EngineMaterials/Substrate/Glints2/dict_0006_0241.uasset" 4484
"C:/Users/zxxuh/AppData/Local/UnrealEngine/Common/DerivedDataCache/Buckets/BulkDataList/7c/f7/db55c1ba9ac9ac15856e3b078e6d7f0c8067.udd" 4485
"C:/Users/zxxuh/AppData/Local/UnrealEngine/Common/DerivedDataCache/Buckets/BulkDataList/22/18/3723ae113eb16b7eb1004028ef877b4e3818.udd" 4486
"../../../Engine/Content/EngineMaterials/Substrate/Glints2/dict_0006_0106.uasset" 4487
"C:/Users/zxxuh/AppData/Local/UnrealEngine/Common/DerivedDataCache/Buckets/BulkDataList/79/94/d4a18b3b92ccf395336a07e7e38c81f36a87.udd" 4488
"../../../Engine/Content/EngineMaterials/Substrate/Glints2/dict_0004_0063.uasset" 4489
"C:/Users/zxxuh/AppData/Local/UnrealEngine/Common/DerivedDataCache/Buckets/BulkDataList/ee/a4/638916bd4fbe6e8e59553df327e48f19cd8b.udd" 4490
"../../../Engine/Content/EngineMaterials/Substrate/Glints2/dict_0004_0105.uasset" 4491
"C:/Users/zxxuh/AppData/Local/UnrealEngine/Common/DerivedDataCache/Buckets/BulkDataList/65/8c/379ee62fe2d56940703824a40d94d255d28c.udd" 4492
"../../../Engine/Content/EngineMaterials/Substrate/Glints2/dict_0006_0248.uasset" 4493
"C:/Users/zxxuh/AppData/Local/UnrealEngine/Common/DerivedDataCache/Buckets/BulkDataList/51/6f/87fc8dc5c7bf341f36740054fd47bd5c505d.udd" 4494
"../../../Engine/Content/EngineMaterials/Substrate/Glints2/dict_0007_0003.uasset" 4495
"C:/Users/zxxuh/AppData/Local/UnrealEngine/Common/DerivedDataCache/Buckets/BulkDataList/41/6b/298e9f12938a97fd2b741eb7acf956197656.udd" 4496
"../../../Engine/Content/EngineMaterials/Substrate/Glints2/dict_0005_0009.uasset" 4497
"C:/Users/zxxuh/AppData/Local/UnrealEngine/Common/DerivedDataCache/Buckets/BulkDataList/9f/c8/64d3f313b2aea2afcc2ed2bcfc221feab6ab.udd" 4498
"../../../Engine/Content/EngineMaterials/Substrate/Glints2/dict_0001_0025.uasset" 4499
"C:/Users/zxxuh/AppData/Local/UnrealEngine/Common/DerivedDataCache/Buckets/BulkDataList/e8/f7/82685db96d80d37a01f530d28ac2d94fbf7e.udd" 4500
"C:/Users/zxxuh/AppData/Local/UnrealEngine/Common/DerivedDataCache/Buckets/BulkDataList/0f/88/d9d19a1f1b201bd4560557c209a68ef01ae4.udd" 4501
"C:/Users/zxxuh/AppData/Local/UnrealEngine/Common/DerivedDataCache/Buckets/BulkDataList/c4/bf/512fad9fadb15cfbe8bb2d5eebc9aaa73215.udd" 4502
"C:/Users/zxxuh/AppData/Local/UnrealEngine/Common/DerivedDataCache/Buckets/BulkDataList/a5/5a/bbcf347146d191581f7c6f9d5d1742c8610b.udd" 4503
"C:/Users/zxxuh/AppData/Local/UnrealEngine/Common/DerivedDataCache/Buckets/BulkDataList/e2/0a/225c75c1f4589d6c0e546d005d0e4472b888.udd" 4504
"C:/Users/zxxuh/AppData/Local/UnrealEngine/Common/DerivedDataCache/Buckets/BulkDataList/0d/d3/d010180b7a26317c3a49462ec044ba24f5df.udd" 4505
"C:/Users/zxxuh/AppData/Local/UnrealEngine/Common/DerivedDataCache/Buckets/BulkDataList/23/e5/788780883ef05b33c971855012b7200c2f9d.udd" 4506
"C:/Users/zxxuh/AppData/Local/UnrealEngine/Common/DerivedDataCache/Buckets/BulkDataList/5b/50/b7a12c04e4f9aa2ab0a5968aa8fe3ced89e9.udd" 4507
"C:/Users/zxxuh/AppData/Local/UnrealEngine/Common/DerivedDataCache/Buckets/BulkDataList/29/fb/0544afdeccbfe97614ee8dcd15b381a80d83.udd" 4508
"C:/Users/zxxuh/AppData/Local/UnrealEngine/Common/DerivedDataCache/Buckets/BulkDataList/fd/61/7b181c5a9ad686354ea36deb31dc409e2b4b.udd" 4509
"C:/Users/zxxuh/AppData/Local/UnrealEngine/Common/DerivedDataCache/Buckets/BulkDataList/77/54/3789b391dabf42949757391e68dc6fb4faee.udd" 4510
"C:/Users/zxxuh/AppData/Local/UnrealEngine/Common/DerivedDataCache/Buckets/BulkDataList/38/93/f504699e5a3d24494cb4d1e8d33c6b5174c4.udd" 4511
"C:/Users/zxxuh/AppData/Local/UnrealEngine/Common/DerivedDataCache/Buckets/BulkDataList/2a/ac/8bc81718f4b7d59cd46f0a77f3f4925fe219.udd" 4512
"C:/Users/zxxuh/AppData/Local/UnrealEngine/Common/DerivedDataCache/Buckets/BulkDataList/fe/0c/2f8f034925ab83f4e71b5f581fbd430193a0.udd" 4513
"C:/Users/zxxuh/AppData/Local/UnrealEngine/Common/DerivedDataCache/Buckets/BulkDataList/ea/c1/5a79a2d9f6648e5c499c6850bb0dbedaa92b.udd" 4514
"C:/Users/zxxuh/AppData/Local/UnrealEngine/Common/DerivedDataCache/Buckets/BulkDataList/10/55/02e2ccf385b768eee0315129ccc7354c0563.udd" 4515
"C:/Users/zxxuh/AppData/Local/UnrealEngine/Common/DerivedDataCache/Buckets/BulkDataList/07/98/03be2c4ca87fd7a6f83524741e1e0a699283.udd" 4516
"C:/Users/zxxuh/AppData/Local/UnrealEngine/Common/DerivedDataCache/Buckets/BulkDataList/82/55/f91895b203a27e0703f3c6a06a7ddc77e5f6.udd" 4517
"C:/Users/zxxuh/AppData/Local/UnrealEngine/Common/DerivedDataCache/Buckets/BulkDataList/a7/11/c8aa7d11e1af0dd029f5c5b9cceceec9e228.udd" 4518
"C:/Users/zxxuh/AppData/Local/UnrealEngine/Common/DerivedDataCache/Buckets/BulkDataList/d0/b4/f79ca8222aafec50f1ca1395c01d2eaea7d7.udd" 4519
"C:/Users/zxxuh/AppData/Local/UnrealEngine/Common/DerivedDataCache/Buckets/BulkDataList/26/2e/4a0f2eb084206da0bda3b5b3390ccddcfd5d.udd" 4520
"C:/Users/zxxuh/AppData/Local/UnrealEngine/Common/DerivedDataCache/Buckets/BulkDataList/64/3c/535c08a37d7538ba3ada9d40353ae73c789f.udd" 4521
"C:/Users/zxxuh/AppData/Local/UnrealEngine/Common/DerivedDataCache/Buckets/BulkDataList/8d/e4/20c6629133a259498b36c1cf1e03a252349b.udd" 4522
"C:/Users/zxxuh/AppData/Local/UnrealEngine/Common/DerivedDataCache/Buckets/BulkDataList/eb/2e/9993e7f3a0decc12a459d1192feb4df20ec6.udd" 4523
"../../../Engine/Content/EngineMaterials/Substrate/Glints2/dict_0007_0241.uasset" 4524
"../../../Engine/Content/EngineMaterials/Substrate/Glints2/dict_0005_0198.uasset" 4525
"../../../Engine/Content/EngineMaterials/Substrate/Glints2/dict_0007_0229.uasset" 4526
"../../../Engine/Content/EngineMaterials/Substrate/Glints2/dict_0001_0237.uasset" 4527
"../../../Engine/Content/EngineMaterials/Substrate/Glints2/dict_0002_0034.uasset" 4528
"../../../Engine/Content/EngineMaterials/Substrate/Glints2/dict_0007_0071.uasset" 4529
"../../../Engine/Content/EngineMaterials/Substrate/Glints2/dict_0006_0149.uasset" 4530
"../../../Engine/Content/EngineMaterials/Substrate/Glints2/dict_0006_0207.uasset" 4531
"../../../Engine/Content/EngineMaterials/Substrate/Glints2/dict_0002_0095.uasset" 4532
"../../../Engine/Content/EngineMaterials/Substrate/Glints2/dict_0000_0020.uasset" 4533
"../../../Engine/Content/EngineMaterials/Substrate/Glints2/dict_0000_0036.uasset" 4534
"../../../Engine/Content/EngineMaterials/Substrate/Glints2/dict_0003_0178.uasset" 4535
"../../../Engine/Content/EngineMaterials/Substrate/Glints2/dict_0007_0196.uasset" 4536
"../../../Engine/Content/EngineMaterials/Substrate/Glints2/dict_0001_0245.uasset" 4537
"../../../Engine/Content/EngineMaterials/Substrate/Glints2/dict_0000_0082.uasset" 4538
"../../../Engine/Content/EngineMaterials/Substrate/Glints2/dict_0007_0047.uasset" 4539
"../../../Engine/Content/EngineMaterials/Substrate/Glints2/dict_0003_0077.uasset" 4540
"../../../Engine/Content/EngineMaterials/Substrate/Glints2/dict_0002_0232.uasset" 4541
"../../../Engine/Content/EngineMaterials/Substrate/Glints2/dict_0006_0095.uasset" 4542
"../../../Engine/Content/EngineMaterials/Substrate/Glints2/dict_0007_0001.uasset" 4543
"../../../Engine/Content/EngineMaterials/Substrate/Glints2/dict_0002_0183.uasset" 4544
"../../../Engine/Content/EngineMaterials/Substrate/Glints2/dict_0003_0137.uasset" 4545
"../../../Engine/Content/EngineMaterials/Substrate/Glints2/dict_0007_0215.uasset" 4546
"../../../Engine/Content/EngineMaterials/Substrate/Glints2/dict_0000_0129.uasset" 4547
"C:/Users/zxxuh/AppData/Local/UnrealEngine/Common/DerivedDataCache/Buckets/BulkDataList/69/1a/d3c7292125fb303cc34ab28278657175682f.udd" 4548
"../../../Engine/Content/EngineMaterials/Substrate/Glints2/dict_0002_0137.uasset" 4549
"C:/Users/zxxuh/AppData/Local/UnrealEngine/Common/DerivedDataCache/Buckets/BulkDataList/91/99/807d39d2ac6f3f276138595210479a9e9d0b.udd" 4550
"../../../Engine/Content/EngineMaterials/Substrate/Glints2/dict_0007_0094.uasset" 4551
"C:/Users/zxxuh/AppData/Local/UnrealEngine/Common/DerivedDataCache/Buckets/BulkDataList/23/f1/b6734b280908fbbca63477171d516d0bcfd6.udd" 4552
"../../../Engine/Content/EngineMaterials/Substrate/Glints2/dict_0005_0123.uasset" 4553
"C:/Users/zxxuh/AppData/Local/UnrealEngine/Common/DerivedDataCache/Buckets/BulkDataList/0f/3e/0bed63f92e117ac221044752829d7f21b6e6.udd" 4554
"../../../Engine/Content/EngineMaterials/Substrate/Glints2/dict_0004_0040.uasset" 4555
"C:/Users/zxxuh/AppData/Local/UnrealEngine/Common/DerivedDataCache/Buckets/BulkDataList/12/cb/46e890c92db8638e8350810b2599aeef317c.udd" 4556
"../../../Engine/Content/EngineMaterials/Substrate/Glints2/dict_0003_0073.uasset" 4557
"C:/Users/zxxuh/AppData/Local/UnrealEngine/Common/DerivedDataCache/Buckets/BulkDataList/f4/ca/96caac377d73ac38561b6ed909a3d279b83b.udd" 4558
"../../../Engine/Content/EngineMaterials/Substrate/Glints2/dict_0002_0236.uasset" 4559
"C:/Users/zxxuh/AppData/Local/UnrealEngine/Common/DerivedDataCache/Buckets/BulkDataList/cd/d9/64469150c09e30e0741904bd77d532d8e59e.udd" 4560
"../../../Engine/Content/EngineMaterials/Substrate/Glints2/dict_0006_0173.uasset" 4561
"C:/Users/zxxuh/AppData/Local/UnrealEngine/Common/DerivedDataCache/Buckets/BulkDataList/76/d7/e11bb101f81bf9c73795a6491558a53972d9.udd" 4562
"../../../Engine/Content/EngineMaterials/Substrate/Glints2/dict_0002_0096.uasset" 4563
"C:/Users/zxxuh/AppData/Local/UnrealEngine/Common/DerivedDataCache/Buckets/BulkDataList/4b/68/17c011f0a0afe6225a3fc67485221c615e62.udd" 4564
"C:/Users/zxxuh/AppData/Local/UnrealEngine/Common/DerivedDataCache/Buckets/BulkDataList/15/d0/50415b8920f57c0f4549649e966867c22db6.udd" 4565
"C:/Users/zxxuh/AppData/Local/UnrealEngine/Common/DerivedDataCache/Buckets/BulkDataList/88/b5/eb83f1d043e4ab26d885ee44915d3fdbd0ec.udd" 4566
"C:/Users/zxxuh/AppData/Local/UnrealEngine/Common/DerivedDataCache/Buckets/BulkDataList/1d/11/b7949e7f17d54d8d62448e47572b3ffc5d22.udd" 4567
"C:/Users/zxxuh/AppData/Local/UnrealEngine/Common/DerivedDataCache/Buckets/BulkDataList/c9/1f/71eebc0301b8026f3a39188bee030f331cda.udd" 4568
"C:/Users/zxxuh/AppData/Local/UnrealEngine/Common/DerivedDataCache/Buckets/BulkDataList/02/5c/70678a6bad354c44abe7d5522a5bbdba4005.udd" 4569
"C:/Users/zxxuh/AppData/Local/UnrealEngine/Common/DerivedDataCache/Buckets/BulkDataList/e4/cd/22b909baf75689a9398fc972c33e26df1fe9.udd" 4570
"C:/Users/zxxuh/AppData/Local/UnrealEngine/Common/DerivedDataCache/Buckets/BulkDataList/29/6d/5f3faeec6e4246ded8c8a710b29d703e98cf.udd" 4571
"C:/Users/zxxuh/AppData/Local/UnrealEngine/Common/DerivedDataCache/Buckets/BulkDataList/f6/f3/d30c0d0c849bbce9b43253ae9242ef307576.udd" 4572
"C:/Users/zxxuh/AppData/Local/UnrealEngine/Common/DerivedDataCache/Buckets/BulkDataList/95/a7/19644d7c54b15f960d97fa65befea5767536.udd" 4573
"C:/Users/zxxuh/AppData/Local/UnrealEngine/Common/DerivedDataCache/Buckets/BulkDataList/b2/59/735b3df98f407c48dd0825c909d5890f5e51.udd" 4574
"C:/Users/zxxuh/AppData/Local/UnrealEngine/Common/DerivedDataCache/Buckets/BulkDataList/eb/44/3a3231859f44affbec6e9a67aa573496a295.udd" 4575
"C:/Users/zxxuh/AppData/Local/UnrealEngine/Common/DerivedDataCache/Buckets/BulkDataList/75/4d/d1e76b1c57ee5d5a6de1554a113899a77616.udd" 4576
"C:/Users/zxxuh/AppData/Local/UnrealEngine/Common/DerivedDataCache/Buckets/BulkDataList/d3/6e/995deaa028a95724da4a2685b4ad09f9b807.udd" 4577
"C:/Users/zxxuh/AppData/Local/UnrealEngine/Common/DerivedDataCache/Buckets/BulkDataList/2f/47/050225d0df242dbeb5c1aa034910cb49fddb.udd" 4578
"C:/Users/zxxuh/AppData/Local/UnrealEngine/Common/DerivedDataCache/Buckets/BulkDataList/8c/96/ae06ffae9e00b849418d4846b827fb59bad1.udd" 4579
"C:/Users/zxxuh/AppData/Local/UnrealEngine/Common/DerivedDataCache/Buckets/BulkDataList/52/c9/a13b33b5f87c3538c39a5287f247f6f44650.udd" 4580
"C:/Users/zxxuh/AppData/Local/UnrealEngine/Common/DerivedDataCache/Buckets/BulkDataList/ce/7e/3be919dfa1f211619e3ad1ddb211a1bef6de.udd" 4581
"C:/Users/zxxuh/AppData/Local/UnrealEngine/Common/DerivedDataCache/Buckets/BulkDataList/53/e5/c0b2f2df8003e2b99ad278243757947d0846.udd" 4582
"C:/Users/zxxuh/AppData/Local/UnrealEngine/Common/DerivedDataCache/Buckets/BulkDataList/81/64/31098ecaf9d4270dfca3fcb9464bb09f83f5.udd" 4583
"C:/Users/zxxuh/AppData/Local/UnrealEngine/Common/DerivedDataCache/Buckets/BulkDataList/fe/e2/c4105f75a020dcdabd09ceb5523cfdea5a6c.udd" 4584
"C:/Users/zxxuh/AppData/Local/UnrealEngine/Common/DerivedDataCache/Buckets/BulkDataList/b9/5b/539430c9f82e7fc4cc63971f9cd4cc93424b.udd" 4585
"C:/Users/zxxuh/AppData/Local/UnrealEngine/Common/DerivedDataCache/Buckets/BulkDataList/7a/bc/163114033719768ddc20c2b3f4356d84b3be.udd" 4586
"C:/Users/zxxuh/AppData/Local/UnrealEngine/Common/DerivedDataCache/Buckets/BulkDataList/03/30/779dc76ed9b016a93bca3ddadc905e140d81.udd" 4587
"../../../Engine/Content/EngineMaterials/Substrate/Glints2/dict_0003_0210.uasset" 4588
"../../../Engine/Content/EngineMaterials/Substrate/Glints2/dict_0007_0048.uasset" 4589
"../../../Engine/Content/EngineMaterials/Substrate/Glints2/dict_0007_0153.uasset" 4590
"../../../Engine/Content/EngineMaterials/Substrate/Glints2/dict_0006_0057.uasset" 4591
"../../../Engine/Content/EngineMaterials/Substrate/Glints2/dict_0001_0173.uasset" 4592
"../../../Engine/Content/EngineMaterials/Substrate/Glints2/dict_0000_0080.uasset" 4593
"../../../Engine/Content/EngineMaterials/Substrate/Glints2/dict_0001_0062.uasset" 4594
"../../../Engine/Content/EngineMaterials/Substrate/Glints2/dict_0006_0216.uasset" 4595
"../../../Engine/Content/EngineMaterials/Substrate/Glints2/dict_0007_0063.uasset" 4596
"../../../Engine/Content/EngineMaterials/Substrate/Glints2/dict_0001_0248.uasset" 4597
"../../../Engine/Content/EngineMaterials/Substrate/Glints2/dict_0002_0097.uasset" 4598
"../../../Engine/Content/EngineMaterials/Substrate/Glints2/dict_0006_0014.uasset" 4599
"../../../Engine/Content/EngineMaterials/Substrate/Glints2/dict_0005_0148.uasset" 4600
"../../../Engine/Content/EngineMaterials/Substrate/Glints2/dict_0001_0038.uasset" 4601
"../../../Engine/Content/EngineMaterials/Substrate/Glints2/dict_0001_0165.uasset" 4602
"../../../Engine/Content/EngineMaterials/Substrate/Glints2/dict_0007_0151.uasset" 4603
"../../../Engine/Content/EngineMaterials/Substrate/Glints2/dict_0003_0247.uasset" 4604
"../../../Engine/Content/EngineMaterials/Substrate/Glints2/dict_0004_0150.uasset" 4605
"../../../Engine/Content/EngineMaterials/Substrate/Glints2/dict_0007_0130.uasset" 4606
"../../../Engine/Content/EngineMaterials/Substrate/Glints2/dict_0007_0157.uasset" 4607
"../../../Engine/Content/EngineMaterials/Substrate/Glints2/dict_0002_0237.uasset" 4608
"../../../Engine/Content/EngineMaterials/Substrate/Glints2/dict_0007_0137.uasset" 4609
"../../../Engine/Content/EngineMaterials/Substrate/Glints2/dict_0005_0125.uasset" 4610
"../../../Engine/Content/EngineMaterials/Substrate/Glints2/dict_0000_0077.uasset" 4611
"C:/Users/zxxuh/AppData/Local/UnrealEngine/Common/DerivedDataCache/Buckets/BulkDataList/f9/48/0da9372782c99c03bf88bfa90e4f6af6fe1b.udd" 4612
"../../../Engine/Content/EngineMaterials/Substrate/Glints2/dict_0005_0200.uasset" 4613
"C:/Users/zxxuh/AppData/Local/UnrealEngine/Common/DerivedDataCache/Buckets/BulkDataList/cb/c9/4da49295e8a49d731109eca4007dc65f3bc3.udd" 4614
"../../../Engine/Content/EngineMaterials/Substrate/Glints2/dict_0003_0151.uasset" 4615
"C:/Users/zxxuh/AppData/Local/UnrealEngine/Common/DerivedDataCache/Buckets/BulkDataList/df/a7/cbb7382fb405e824a98cd8a8a8aba4c7ef2f.udd" 4616
"../../../Engine/Content/EngineMaterials/Substrate/Glints2/dict_0003_0059.uasset" 4617
"C:/Users/zxxuh/AppData/Local/UnrealEngine/Common/DerivedDataCache/Buckets/BulkDataList/eb/4e/009258a643a5b985e9a7cb6ea7fe27e85245.udd" 4618
"../../../Engine/Content/EngineMaterials/Substrate/Glints2/dict_0002_0144.uasset" 4619
"C:/Users/zxxuh/AppData/Local/UnrealEngine/Common/DerivedDataCache/Buckets/BulkDataList/2c/a3/58dbac7855a1aeeb332b33359e585118d30f.udd" 4620
"../../../Engine/Content/EngineMaterials/Substrate/Glints2/dict_0000_0093.uasset" 4621
"C:/Users/zxxuh/AppData/Local/UnrealEngine/Common/DerivedDataCache/Buckets/BulkDataList/99/29/c7d8d70a0cf465fa96643c8e8e310034f38f.udd" 4622
"../../../Engine/Content/EngineMaterials/Substrate/Glints2/dict_0001_0044.uasset" 4623
"C:/Users/zxxuh/AppData/Local/UnrealEngine/Common/DerivedDataCache/Buckets/BulkDataList/47/01/5419d8c7de837409fc7fbeab321189a73d6c.udd" 4624
"../../../Engine/Content/EngineMaterials/Substrate/Glints2/dict_0005_0173.uasset" 4625
"C:/Users/zxxuh/AppData/Local/UnrealEngine/Common/DerivedDataCache/Buckets/BulkDataList/37/6f/4486c5bfc4833406820edfe3e754d805dfc3.udd" 4626
"../../../Engine/Content/EngineMaterials/Substrate/Glints2/dict_0007_0240.uasset" 4627
"C:/Users/zxxuh/AppData/Local/UnrealEngine/Common/DerivedDataCache/Buckets/BulkDataList/66/b8/c98a6f319486ebd47182c446af6e5f71e017.udd" 4628
"C:/Users/zxxuh/AppData/Local/UnrealEngine/Common/DerivedDataCache/Buckets/BulkDataList/ee/b1/395684188a4944a55a61e0c2b668c8072664.udd" 4629
"C:/Users/zxxuh/AppData/Local/UnrealEngine/Common/DerivedDataCache/Buckets/BulkDataList/31/df/6beaee25ea8b562c1c8cab5422e7da3dc6b5.udd" 4630
"C:/Users/zxxuh/AppData/Local/UnrealEngine/Common/DerivedDataCache/Buckets/BulkDataList/08/b6/efc90f399e7aff43669577d3f08903da2fe5.udd" 4631
"C:/Users/zxxuh/AppData/Local/UnrealEngine/Common/DerivedDataCache/Buckets/BulkDataList/6a/18/6a963324d16632ad0b676467d98be167a9cd.udd" 4632
"C:/Users/zxxuh/AppData/Local/UnrealEngine/Common/DerivedDataCache/Buckets/BulkDataList/99/99/6778a01291bbea3d903b1870b20d31d2adc6.udd" 4633
"C:/Users/zxxuh/AppData/Local/UnrealEngine/Common/DerivedDataCache/Buckets/BulkDataList/e7/52/fcc2bf7154b601d86aee4e920349f88cdd5c.udd" 4634
"C:/Users/zxxuh/AppData/Local/UnrealEngine/Common/DerivedDataCache/Buckets/BulkDataList/56/55/b4f4fb3f1d1c506a0e546aac6a2a4c333eb8.udd" 4635
"C:/Users/zxxuh/AppData/Local/UnrealEngine/Common/DerivedDataCache/Buckets/BulkDataList/69/f3/e1a5c3010fb121f8e9ecf388f3b6cf38d094.udd" 4636
"C:/Users/zxxuh/AppData/Local/UnrealEngine/Common/DerivedDataCache/Buckets/BulkDataList/55/08/1a5061f972c90fedf2f6fc86372aee74fc88.udd" 4637
"C:/Users/zxxuh/AppData/Local/UnrealEngine/Common/DerivedDataCache/Buckets/BulkDataList/5b/e5/d3e1339aa752615cf4264358703fef81149c.udd" 4638
"C:/Users/zxxuh/AppData/Local/UnrealEngine/Common/DerivedDataCache/Buckets/BulkDataList/f0/5b/ade887f8ea2d36444eaa54820dafbb73065f.udd" 4639
"C:/Users/zxxuh/AppData/Local/UnrealEngine/Common/DerivedDataCache/Buckets/BulkDataList/9f/fe/eebb532968445c97ad6769114ad3ded40577.udd" 4640
"C:/Users/zxxuh/AppData/Local/UnrealEngine/Common/DerivedDataCache/Buckets/BulkDataList/1a/df/678592c9cc6f97edcf350d1f089ec069dca3.udd" 4641
"C:/Users/zxxuh/AppData/Local/UnrealEngine/Common/DerivedDataCache/Buckets/BulkDataList/99/89/fd18507f0d13d24bc1d34ef0566c3ea09fd2.udd" 4642
"C:/Users/zxxuh/AppData/Local/UnrealEngine/Common/DerivedDataCache/Buckets/BulkDataList/41/88/a5ca084cb5de8bf0076266ce82a873e3a0b0.udd" 4643
"C:/Users/zxxuh/AppData/Local/UnrealEngine/Common/DerivedDataCache/Buckets/BulkDataList/f2/e6/ea778386891d691c34214a20a9377ebd9c8a.udd" 4644
"C:/Users/zxxuh/AppData/Local/UnrealEngine/Common/DerivedDataCache/Buckets/BulkDataList/1d/9b/a1c4bf01d47a89381b445dadb539ba1ed60f.udd" 4645
"C:/Users/zxxuh/AppData/Local/UnrealEngine/Common/DerivedDataCache/Buckets/BulkDataList/a2/7a/dd312625b1b8abce4fb8ea239556a44fd0ec.udd" 4646
"C:/Users/zxxuh/AppData/Local/UnrealEngine/Common/DerivedDataCache/Buckets/BulkDataList/64/14/6835a675a3d89d6a684bf5cd63e468704c9f.udd" 4647
"C:/Users/zxxuh/AppData/Local/UnrealEngine/Common/DerivedDataCache/Buckets/BulkDataList/c0/58/c93781e699f2fadd893f9e4d769196643fc1.udd" 4648
"C:/Users/zxxuh/AppData/Local/UnrealEngine/Common/DerivedDataCache/Buckets/BulkDataList/a1/66/445433bb433963de714a01536c34004ac7b8.udd" 4649
"C:/Users/zxxuh/AppData/Local/UnrealEngine/Common/DerivedDataCache/Buckets/BulkDataList/01/4e/3c6049cc04bd511e74cc19f43c349a246ea2.udd" 4650
"C:/Users/zxxuh/AppData/Local/UnrealEngine/Common/DerivedDataCache/Buckets/BulkDataList/5c/dc/365b3d084cce529207cfa30facac8418f8db.udd" 4651
"../../../Engine/Content/EngineMaterials/Substrate/Glints2/dict_0002_0015.uasset" 4652
"../../../Engine/Content/EngineMaterials/Substrate/Glints2/dict_0006_0080.uasset" 4653
"../../../Engine/Content/EngineMaterials/Substrate/Glints2/dict_0005_0021.uasset" 4654
"../../../Engine/Content/EngineMaterials/Substrate/Glints2/dict_0006_0210.uasset" 4655
"../../../Engine/Content/EngineMaterials/Substrate/Glints2/dict_0004_0176.uasset" 4656
"../../../Engine/Content/EngineMaterials/Substrate/Glints2/dict_0000_0162.uasset" 4657
"../../../Engine/Content/EngineMaterials/Substrate/Glints2/dict_0000_0208.uasset" 4658
"../../../Engine/Content/EngineMaterials/Substrate/Glints2/dict_0004_0188.uasset" 4659
"../../../Engine/Content/EngineMaterials/Substrate/Glints2/dict_0005_0052.uasset" 4660
"../../../Engine/Content/EngineMaterials/Substrate/Glints2/dict_0000_0118.uasset" 4661
"../../../Engine/Content/EngineMaterials/Substrate/Glints2/dict_0004_0248.uasset" 4662
"../../../Engine/Content/EngineMaterials/Substrate/Glints2/dict_0002_0032.uasset" 4663
"../../../Engine/Content/EngineMaterials/Substrate/Glints2/dict_0007_0136.uasset" 4664
"../../../Engine/Content/EngineMaterials/Substrate/Glints2/dict_0006_0082.uasset" 4665
"../../../Engine/Content/EngineMaterials/Substrate/Glints2/dict_0000_0057.uasset" 4666
"../../../Engine/Content/EngineMaterials/Substrate/Glints2/dict_0007_0012.uasset" 4667
"../../../Engine/Content/EngineMaterials/Substrate/Glints2/dict_0004_0054.uasset" 4668
"../../../Engine/Content/EngineMaterials/Substrate/Glints2/dict_0007_0144.uasset" 4669
"../../../Engine/Content/EngineMaterials/Substrate/Glints2/dict_0003_0093.uasset" 4670
"../../../Engine/Content/EngineMaterials/Substrate/Glints2/dict_0001_0162.uasset" 4671
"../../../Engine/Content/EngineMaterials/Substrate/Glints2/dict_0000_0066.uasset" 4672
"../../../Engine/Content/EngineMaterials/Substrate/Glints2/dict_0005_0252.uasset" 4673
"../../../Engine/Content/EngineMaterials/Substrate/Glints2/dict_0002_0059.uasset" 4674
"../../../Engine/Content/EngineMaterials/Substrate/Glints2/dict_0000_0168.uasset" 4675
"C:/Users/zxxuh/AppData/Local/UnrealEngine/Common/DerivedDataCache/Buckets/BulkDataList/0e/ab/84f8b363e10267e69a82cacd0e355d597ee5.udd" 4676
"../../../Engine/Content/EngineMaterials/Substrate/Glints2/dict_0003_0245.uasset" 4677
"C:/Users/zxxuh/AppData/Local/UnrealEngine/Common/DerivedDataCache/Buckets/BulkDataList/ac/43/04a9edb94fabcd0e5d80e9a42d7e3300370b.udd" 4678
"../../../Engine/Content/EngineMaterials/Substrate/Glints2/dict_0001_0034.uasset" 4679
"C:/Users/zxxuh/AppData/Local/UnrealEngine/Common/DerivedDataCache/Buckets/BulkDataList/88/03/72f075e36eb5d54abce6060b8215b3be5e7f.udd" 4680
"../../../Engine/Content/EngineMaterials/Substrate/Glints2/dict_0006_0028.uasset" 4681
"C:/Users/zxxuh/AppData/Local/UnrealEngine/Common/DerivedDataCache/Buckets/BulkDataList/6d/a1/4aa2125ef1bc561021cd076566ef2c3cc670.udd" 4682
"../../../Engine/Content/EngineMaterials/Substrate/Glints2/dict_0005_0108.uasset" 4683
"C:/Users/zxxuh/AppData/Local/UnrealEngine/Common/DerivedDataCache/Buckets/BulkDataList/7c/b2/abfec94813759964a8234c7140b29b34860c.udd" 4684
"../../../Engine/Content/EngineMaterials/Substrate/Glints2/dict_0005_0017.uasset" 4685
"C:/Users/zxxuh/AppData/Local/UnrealEngine/Common/DerivedDataCache/Buckets/BulkDataList/91/73/e6db6c9462fd70571ae972e996c847c94cb3.udd" 4686
"../../../Engine/Content/EngineMaterials/Substrate/Glints2/dict_0005_0093.uasset" 4687
"C:/Users/zxxuh/AppData/Local/UnrealEngine/Common/DerivedDataCache/Buckets/BulkDataList/71/63/2825f1a50853a9d778aeecdd7af225d0636b.udd" 4688
"../../../Engine/Content/EngineMaterials/Substrate/Glints2/dict_0004_0007.uasset" 4689
"C:/Users/zxxuh/AppData/Local/UnrealEngine/Common/DerivedDataCache/Buckets/BulkDataList/a0/57/f345082aea66f09ebc34cdbe04bb8ae6f1dc.udd" 4690
"../../../Engine/Content/EngineMaterials/Substrate/Glints2/dict_0000_0227.uasset" 4691
"C:/Users/zxxuh/AppData/Local/UnrealEngine/Common/DerivedDataCache/Buckets/BulkDataList/65/0d/5eba58b0954f1b28d4c4cf86f70fef328abf.udd" 4692
"C:/Users/zxxuh/AppData/Local/UnrealEngine/Common/DerivedDataCache/Buckets/BulkDataList/c8/5e/bca3034a37c21e435ce7626f3a56f39f0d33.udd" 4693
"C:/Users/zxxuh/AppData/Local/UnrealEngine/Common/DerivedDataCache/Buckets/BulkDataList/70/30/99ee163cbe9b653f6251cff12f15ca3935cb.udd" 4694
"C:/Users/zxxuh/AppData/Local/UnrealEngine/Common/DerivedDataCache/Buckets/BulkDataList/6f/f4/33c17f8d59ad1e94837fb9dc81456f3ebd1e.udd" 4695
"C:/Users/zxxuh/AppData/Local/UnrealEngine/Common/DerivedDataCache/Buckets/BulkDataList/c5/6d/71acc016e4ff8d193a64f83703719270b0ae.udd" 4696
"C:/Users/zxxuh/AppData/Local/UnrealEngine/Common/DerivedDataCache/Buckets/BulkDataList/86/8f/ffa3b63b8a48e1e8094b607dbb41a0bab269.udd" 4697
"C:/Users/zxxuh/AppData/Local/UnrealEngine/Common/DerivedDataCache/Buckets/BulkDataList/dc/34/db5072915da5160b950320e77a802f7731a2.udd" 4698
"C:/Users/zxxuh/AppData/Local/UnrealEngine/Common/DerivedDataCache/Buckets/BulkDataList/68/70/95176f72eb935b62e3808a56bcf42579a517.udd" 4699
"C:/Users/zxxuh/AppData/Local/UnrealEngine/Common/DerivedDataCache/Buckets/BulkDataList/30/34/292bae0758e42fc0952e01aaf189258bb268.udd" 4700
"C:/Users/zxxuh/AppData/Local/UnrealEngine/Common/DerivedDataCache/Buckets/BulkDataList/2d/9a/46748f2bafe96cf519738afe7a5c1b9c0e0b.udd" 4701
"C:/Users/zxxuh/AppData/Local/UnrealEngine/Common/DerivedDataCache/Buckets/BulkDataList/eb/41/30c6889ed158293ff814ca89720d2a520dde.udd" 4702
"C:/Users/zxxuh/AppData/Local/UnrealEngine/Common/DerivedDataCache/Buckets/BulkDataList/ab/1f/5ebb406bf0edce5cbd254b863900687d6809.udd" 4703
"C:/Users/zxxuh/AppData/Local/UnrealEngine/Common/DerivedDataCache/Buckets/BulkDataList/73/25/39822db0cc60bc8cc39b91f44b00e6f6701f.udd" 4704
"C:/Users/zxxuh/AppData/Local/UnrealEngine/Common/DerivedDataCache/Buckets/BulkDataList/78/3d/b32b3596c5bd4bca1e042bd63843d5b75129.udd" 4705
"C:/Users/zxxuh/AppData/Local/UnrealEngine/Common/DerivedDataCache/Buckets/BulkDataList/f6/d4/0594f4f123fe7f8c0d70a5573b2d2615b83e.udd" 4706
"C:/Users/zxxuh/AppData/Local/UnrealEngine/Common/DerivedDataCache/Buckets/BulkDataList/ea/1d/c23773b6c9e2edaab5d54f355fc49bf543bf.udd" 4707
"C:/Users/zxxuh/AppData/Local/UnrealEngine/Common/DerivedDataCache/Buckets/BulkDataList/4c/1e/1e4bd6cb90cfde09bed6be5f93416bd85651.udd" 4708
"C:/Users/zxxuh/AppData/Local/UnrealEngine/Common/DerivedDataCache/Buckets/BulkDataList/b6/60/a95f823962ae19e3e67bf7babfbe4a6892fe.udd" 4709
"C:/Users/zxxuh/AppData/Local/UnrealEngine/Common/DerivedDataCache/Buckets/BulkDataList/a8/b0/8e0079b6475255dca32fe161ec1410590b62.udd" 4710
"C:/Users/zxxuh/AppData/Local/UnrealEngine/Common/DerivedDataCache/Buckets/BulkDataList/8b/4b/19287fc2e934fd234ad8ec67f299ac4dcb21.udd" 4711
"C:/Users/zxxuh/AppData/Local/UnrealEngine/Common/DerivedDataCache/Buckets/BulkDataList/ad/bc/fd88c595d6192d896997c7d1ddf7128da659.udd" 4712
"C:/Users/zxxuh/AppData/Local/UnrealEngine/Common/DerivedDataCache/Buckets/BulkDataList/e4/6e/59620747ba1ddc8d307dd415f487da4f6027.udd" 4713
"C:/Users/zxxuh/AppData/Local/UnrealEngine/Common/DerivedDataCache/Buckets/BulkDataList/57/4e/8609def7bc236d35dafbf5372bf126927a8f.udd" 4714
"C:/Users/zxxuh/AppData/Local/UnrealEngine/Common/DerivedDataCache/Buckets/BulkDataList/86/06/53a596edc010d0b5bd25449cbe2e1a7a5ee7.udd" 4715
"../../../Engine/Content/EngineMaterials/Substrate/Glints2/dict_0000_0018.uasset" 4716
"../../../Engine/Content/EngineMaterials/Substrate/Glints2/dict_0007_0128.uasset" 4717
"../../../Engine/Content/EngineMaterials/Substrate/Glints2/dict_0006_0062.uasset" 4718
"../../../Engine/Content/EngineMaterials/Substrate/Glints2/dict_0003_0083.uasset" 4719
"../../../Engine/Content/EngineMaterials/Substrate/Glints2/dict_0002_0049.uasset" 4720
"../../../Engine/Content/EngineMaterials/Substrate/Glints2/dict_0001_0239.uasset" 4721
"../../../Engine/Content/EngineMaterials/Substrate/Glints2/dict_0007_0163.uasset" 4722
"../../../Engine/Content/EngineMaterials/Substrate/Glints2/dict_0007_0058.uasset" 4723
"../../../Engine/Content/EngineMaterials/Substrate/Glints2/dict_0000_0105.uasset" 4724
"../../../Engine/Content/EngineMaterials/Substrate/Glints2/dict_0003_0235.uasset" 4725
"../../../Engine/Content/EngineMaterials/Substrate/Glints2/dict_0000_0110.uasset" 4726
"../../../Engine/Content/EngineMaterials/Substrate/Glints2/dict_0002_0018.uasset" 4727
"../../../Engine/Content/EngineMaterials/Substrate/Glints2/dict_0000_0016.uasset" 4728
"../../../Engine/Content/EngineMaterials/Substrate/Glints2/dict_0006_0025.uasset" 4729
"../../../Engine/Content/EngineMaterials/Substrate/Glints2/dict_0006_0202.uasset" 4730
"../../../Engine/Content/EngineMaterials/Substrate/Glints2/dict_0007_0222.uasset" 4731
"../../../Engine/Content/EngineMaterials/Substrate/Glints2/dict_0005_0133.uasset" 4732
"../../../Engine/Content/EngineMaterials/Substrate/Glints2/dict_0007_0171.uasset" 4733
"../../../Engine/Content/EngineMaterials/Substrate/Glints2/dict_0007_0211.uasset" 4734
"../../../Engine/Content/EngineMaterials/Substrate/Glints2/dict_0004_0119.uasset" 4735
"../../../Engine/Content/EngineMaterials/Substrate/Glints2/dict_0006_0193.uasset" 4736
"../../../Engine/Content/EngineMaterials/Substrate/Glints2/dict_0007_0119.uasset" 4737
"../../../Engine/Content/EngineMaterials/Substrate/Glints2/dict_0001_0177.uasset" 4738
"../../../Engine/Content/EngineMaterials/Substrate/Glints2/dict_0003_0065.uasset" 4739
"C:/Users/zxxuh/AppData/Local/UnrealEngine/Common/DerivedDataCache/Buckets/BulkDataList/bf/30/d8c5a65f34f69011e13b0d3e4afec3f88aec.udd" 4740
"../../../Engine/Content/EngineMaterials/Substrate/Glints2/dict_0006_0055.uasset" 4741
"C:/Users/zxxuh/AppData/Local/UnrealEngine/Common/DerivedDataCache/Buckets/BulkDataList/54/f6/aad44d509a5947cf8617d235c9ca6c02b01a.udd" 4742
"../../../Engine/Content/EngineMaterials/Substrate/Glints2/dict_0001_0010.uasset" 4743
"C:/Users/zxxuh/AppData/Local/UnrealEngine/Common/DerivedDataCache/Buckets/BulkDataList/68/79/4e42cbed841fa1ff9e31511c72a7cf281d74.udd" 4744
"../../../Engine/Content/EngineMaterials/Substrate/Glints2/dict_0000_0142.uasset" 4745
"C:/Users/zxxuh/AppData/Local/UnrealEngine/Common/DerivedDataCache/Buckets/BulkDataList/de/1a/9bcf6822f0829ac8a828e3e07b4ed355f98b.udd" 4746
"../../../Engine/Content/EngineMaterials/Substrate/Glints2/dict_0004_0158.uasset" 4747
"C:/Users/zxxuh/AppData/Local/UnrealEngine/Common/DerivedDataCache/Buckets/BulkDataList/26/5a/8069970e16c504fd45e128f62195ea1fa41b.udd" 4748
"../../../Engine/Content/EngineMaterials/Substrate/Glints2/dict_0001_0145.uasset" 4749
"C:/Users/zxxuh/AppData/Local/UnrealEngine/Common/DerivedDataCache/Buckets/BulkDataList/26/21/7cf3504e5e203c7cea6390d773535a4b13aa.udd" 4750
"../../../Engine/Content/EngineMaterials/Substrate/Glints2/dict_0001_0056.uasset" 4751
"C:/Users/zxxuh/AppData/Local/UnrealEngine/Common/DerivedDataCache/Buckets/BulkDataList/2c/8f/e3f7dea21b0e00c2c749edd3f6b09127847e.udd" 4752
"../../../Engine/Content/EngineMaterials/Substrate/Glints2/dict_0007_0095.uasset" 4753
"C:/Users/zxxuh/AppData/Local/UnrealEngine/Common/DerivedDataCache/Buckets/BulkDataList/e7/09/50dba2a2604390ae929e0720cf5a6319e3c0.udd" 4754
"../../../Engine/Content/EngineMaterials/Substrate/Glints2/dict_0007_0087.uasset" 4755
"C:/Users/zxxuh/AppData/Local/UnrealEngine/Common/DerivedDataCache/Buckets/BulkDataList/4b/a6/2458fc26b5cec5da9954b2bf66277840da0d.udd" 4756
"C:/Users/zxxuh/AppData/Local/UnrealEngine/Common/DerivedDataCache/Buckets/BulkDataList/a0/9f/8a7a0ba2e28c9923b29d5ddd3a500108ddd1.udd" 4757
"C:/Users/zxxuh/AppData/Local/UnrealEngine/Common/DerivedDataCache/Buckets/BulkDataList/d3/7f/e86eed49d558ae9c4c2d558a090c441e0207.udd" 4758
"C:/Users/zxxuh/AppData/Local/UnrealEngine/Common/DerivedDataCache/Buckets/BulkDataList/8b/b0/9364d4dd67bb193293ed52fe292036e5f55f.udd" 4759
"C:/Users/zxxuh/AppData/Local/UnrealEngine/Common/DerivedDataCache/Buckets/BulkDataList/24/4f/900acc5da015e170e7b87e2c5fc47a71fda1.udd" 4760
"C:/Users/zxxuh/AppData/Local/UnrealEngine/Common/DerivedDataCache/Buckets/BulkDataList/ed/9e/66a64d1a026402b8140db65e126d7815ac59.udd" 4761
"C:/Users/zxxuh/AppData/Local/UnrealEngine/Common/DerivedDataCache/Buckets/BulkDataList/c4/9b/c96e655d0f626b5a9a52cfe83f58c79304d1.udd" 4762
"C:/Users/zxxuh/AppData/Local/UnrealEngine/Common/DerivedDataCache/Buckets/BulkDataList/23/58/d2aea7c4f3f49034a14ea8230b7be6a56a2e.udd" 4763
"C:/Users/zxxuh/AppData/Local/UnrealEngine/Common/DerivedDataCache/Buckets/BulkDataList/10/52/0e90fcb386b057e9d4e7157ad51e739df3e7.udd" 4764
"C:/Users/zxxuh/AppData/Local/UnrealEngine/Common/DerivedDataCache/Buckets/BulkDataList/39/2c/ca010730f92d41be655592b3a50fbea1aa3d.udd" 4765
"C:/Users/zxxuh/AppData/Local/UnrealEngine/Common/DerivedDataCache/Buckets/BulkDataList/07/2c/e5f3f3cd9622b51a6f6817eec57e7260c49b.udd" 4766
"C:/Users/zxxuh/AppData/Local/UnrealEngine/Common/DerivedDataCache/Buckets/BulkDataList/37/8f/157f59a90723685d897acc79a4cfbd9176e4.udd" 4767
"C:/Users/zxxuh/AppData/Local/UnrealEngine/Common/DerivedDataCache/Buckets/BulkDataList/c9/ab/b67a5a13a3bcde7a0b1574e11bfcd4e28cf2.udd" 4768
"C:/Users/zxxuh/AppData/Local/UnrealEngine/Common/DerivedDataCache/Buckets/BulkDataList/34/97/737ee444984973df5b1689c25074d62fe5e1.udd" 4769
"C:/Users/zxxuh/AppData/Local/UnrealEngine/Common/DerivedDataCache/Buckets/BulkDataList/07/42/51bd0212880ff0390eaa76d294b034dabd0b.udd" 4770
"C:/Users/zxxuh/AppData/Local/UnrealEngine/Common/DerivedDataCache/Buckets/BulkDataList/f5/18/9dadde0736ec131a03a96a909e463649bf92.udd" 4771
"C:/Users/zxxuh/AppData/Local/UnrealEngine/Common/DerivedDataCache/Buckets/BulkDataList/0a/f1/d6f1cf1eb94bb6a00295fb0a33a59223f4ce.udd" 4772
"C:/Users/zxxuh/AppData/Local/UnrealEngine/Common/DerivedDataCache/Buckets/BulkDataList/40/f7/361058d1504cfd0dec679b11ed2185667289.udd" 4773
"C:/Users/zxxuh/AppData/Local/UnrealEngine/Common/DerivedDataCache/Buckets/BulkDataList/bd/e4/e91c17421505a24d0fd4641e92e351b387e3.udd" 4774
"C:/Users/zxxuh/AppData/Local/UnrealEngine/Common/DerivedDataCache/Buckets/BulkDataList/13/16/f96f5df0a21c2f7ae77f83feeffd784cd7bc.udd" 4775
"C:/Users/zxxuh/AppData/Local/UnrealEngine/Common/DerivedDataCache/Buckets/BulkDataList/9f/87/6f31cfab465abe752c34db16d1c6d343ae12.udd" 4776
"C:/Users/zxxuh/AppData/Local/UnrealEngine/Common/DerivedDataCache/Buckets/BulkDataList/0f/ec/38fc61ad5375825c55f8746b756e18593980.udd" 4777
"C:/Users/zxxuh/AppData/Local/UnrealEngine/Common/DerivedDataCache/Buckets/BulkDataList/bc/a9/fab7b713d98c50c179542d7843ef3c1eb466.udd" 4778
"C:/Users/zxxuh/AppData/Local/UnrealEngine/Common/DerivedDataCache/Buckets/BulkDataList/88/ad/9ecdd63c0776a4787f1e71c7c942aa1d56b7.udd" 4779
"../../../Engine/Content/EngineMaterials/Substrate/Glints2/dict_0001_0123.uasset" 4780
"../../../Engine/Content/EngineMaterials/Substrate/Glints2/dict_0001_0231.uasset" 4781
"../../../Engine/Content/EngineMaterials/Substrate/Glints2/dict_0001_0221.uasset" 4782
"../../../Engine/Content/EngineMaterials/Substrate/Glints2/dict_0000_0134.uasset" 4783
"../../../Engine/Content/EngineMaterials/Substrate/Glints2/dict_0001_0110.uasset" 4784
"../../../Engine/Content/EngineMaterials/Substrate/Glints2/dict_0001_0250.uasset" 4785
"../../../Engine/Content/EngineMaterials/Substrate/Glints2/dict_0004_0035.uasset" 4786
"../../../Engine/Content/EngineMaterials/Substrate/Glints2/dict_0000_0188.uasset" 4787
"../../../Engine/Content/EngineMaterials/Substrate/Glints2/dict_0003_0219.uasset" 4788
"../../../Engine/Content/EngineMaterials/Substrate/Glints2/dict_0000_0229.uasset" 4789
"../../../Engine/Content/EngineMaterials/Substrate/Glints2/dict_0007_0064.uasset" 4790
"../../../Engine/Content/EngineMaterials/Substrate/Glints2/dict_0005_0142.uasset" 4791
"../../../Engine/Content/EngineMaterials/Substrate/Glints2/dict_0005_0236.uasset" 4792
"../../../Engine/Content/EngineMaterials/Substrate/Glints2/dict_0001_0118.uasset" 4793
"../../../Engine/Content/EngineMaterials/Substrate/Glints2/dict_0002_0241.uasset" 4794
"../../../Engine/Content/EngineMaterials/Substrate/Glints2/dict_0006_0174.uasset" 4795
"../../../Engine/Content/EngineMaterials/Substrate/Glints2/dict_0005_0112.uasset" 4796
"../../../Engine/Content/EngineMaterials/Substrate/Glints2/dict_0003_0037.uasset" 4797
"../../../Engine/Content/EngineMaterials/Substrate/Glints2/dict_0001_0101.uasset" 4798
"../../../Engine/Content/EngineMaterials/Substrate/Glints2/dict_0007_0004.uasset" 4799
"../../../Engine/Content/EngineMaterials/Substrate/Glints2/dict_0000_0145.uasset" 4800
"../../../Engine/Content/EngineMaterials/Substrate/Glints2/dict_0003_0218.uasset" 4801
"../../../Engine/Content/EngineMaterials/Substrate/Glints2/dict_0002_0124.uasset" 4802
"../../../Engine/Content/EngineMaterials/Substrate/Glints2/dict_0004_0230.uasset" 4803
"C:/Users/zxxuh/AppData/Local/UnrealEngine/Common/DerivedDataCache/Buckets/BulkDataList/2e/ad/04b0fb54cd2e8a7428302d28251b3e677b18.udd" 4804
"../../../Engine/Content/EngineMaterials/Substrate/Glints2/dict_0007_0088.uasset" 4805
"C:/Users/zxxuh/AppData/Local/UnrealEngine/Common/DerivedDataCache/Buckets/BulkDataList/76/8f/32b0ade58bc35d5396d2d97fdb6f14d96bf7.udd" 4806
"../../../Engine/Content/EngineMaterials/Substrate/Glints2/dict_0002_0065.uasset" 4807
"C:/Users/zxxuh/AppData/Local/UnrealEngine/Common/DerivedDataCache/Buckets/BulkDataList/31/69/46efeef41a7f6bd65613a44620d2094844d6.udd" 4808
"../../../Engine/Content/EngineMaterials/Substrate/Glints2/dict_0006_0194.uasset" 4809
"C:/Users/zxxuh/AppData/Local/UnrealEngine/Common/DerivedDataCache/Buckets/BulkDataList/be/c1/8ce19c68e5350f92be093600446aa3c9b7f9.udd" 4810
"../../../Engine/Content/EngineMaterials/Substrate/Glints2/dict_0003_0020.uasset" 4811
"C:/Users/zxxuh/AppData/Local/UnrealEngine/Common/DerivedDataCache/Buckets/BulkDataList/cd/09/9a5974c3904da34019a97511cee17232801d.udd" 4812
"../../../Engine/Content/EngineMaterials/Substrate/Glints2/dict_0002_0122.uasset" 4813
"C:/Users/zxxuh/AppData/Local/UnrealEngine/Common/DerivedDataCache/Buckets/BulkDataList/9f/3d/20c225dea959a9dc6b517fdd0227d1578037.udd" 4814
"../../../Engine/Content/EngineMaterials/Substrate/Glints2/dict_0001_0129.uasset" 4815
"C:/Users/zxxuh/AppData/Local/UnrealEngine/Common/DerivedDataCache/Buckets/BulkDataList/70/3f/c2dab09003e463d269acc9aac05ebcd41847.udd" 4816
"../../../Engine/Content/EngineMaterials/Substrate/Glints2/dict_0005_0234.uasset" 4817
"C:/Users/zxxuh/AppData/Local/UnrealEngine/Common/DerivedDataCache/Buckets/BulkDataList/24/45/8f4bce56f70c008987c351e26cb9e0431b2e.udd" 4818
"../../../Engine/Content/EngineMaterials/Substrate/Glints2/dict_0003_0250.uasset" 4819
"C:/Users/zxxuh/AppData/Local/UnrealEngine/Common/DerivedDataCache/Buckets/BulkDataList/e1/ce/7e3ca42d54411d24f6010ef53650be34d837.udd" 4820
"C:/Users/zxxuh/AppData/Local/UnrealEngine/Common/DerivedDataCache/Buckets/BulkDataList/e7/69/a3804fce91ad429e9d07ebe963b5f4d35118.udd" 4821
"C:/Users/zxxuh/AppData/Local/UnrealEngine/Common/DerivedDataCache/Buckets/BulkDataList/ac/38/6d5ba8a1e7a48fce641b131a54d2948325a4.udd" 4822
"C:/Users/zxxuh/AppData/Local/UnrealEngine/Common/DerivedDataCache/Buckets/BulkDataList/a8/e3/64e778019fc4971cb2a758fdd3fd3a26c3b9.udd" 4823
"C:/Users/zxxuh/AppData/Local/UnrealEngine/Common/DerivedDataCache/Buckets/BulkDataList/43/68/b7e7735fdd8a3514f77f123ce6d4dd9201db.udd" 4824
"C:/Users/zxxuh/AppData/Local/UnrealEngine/Common/DerivedDataCache/Buckets/BulkDataList/9b/6f/4c52e13198b05a3fc16ff281f3e8bc1b4f75.udd" 4825
"C:/Users/zxxuh/AppData/Local/UnrealEngine/Common/DerivedDataCache/Buckets/BulkDataList/63/91/379a16f25f878aea9ee2a0d5145d9586adf3.udd" 4826
"C:/Users/zxxuh/AppData/Local/UnrealEngine/Common/DerivedDataCache/Buckets/BulkDataList/08/28/b42fdf0451b6736021e8089d0dd4e302e6f5.udd" 4827
"C:/Users/zxxuh/AppData/Local/UnrealEngine/Common/DerivedDataCache/Buckets/BulkDataList/55/28/ef3c4c9f669e45d090897646f779c299ff99.udd" 4828
"C:/Users/zxxuh/AppData/Local/UnrealEngine/Common/DerivedDataCache/Buckets/BulkDataList/62/40/81ce5de3681038c050c3f2adfca62a9496c0.udd" 4829
"C:/Users/zxxuh/AppData/Local/UnrealEngine/Common/DerivedDataCache/Buckets/BulkDataList/a8/68/1ec97e4c2f5b9a9c8810db30391337a77a4d.udd" 4830
"C:/Users/zxxuh/AppData/Local/UnrealEngine/Common/DerivedDataCache/Buckets/BulkDataList/4d/7e/e674ad89396f28490ef48f53f7b739318cbc.udd" 4831
"C:/Users/zxxuh/AppData/Local/UnrealEngine/Common/DerivedDataCache/Buckets/BulkDataList/43/de/dce3b2ba90dd14e9535929ba3db6d92fb6c5.udd" 4832
"C:/Users/zxxuh/AppData/Local/UnrealEngine/Common/DerivedDataCache/Buckets/BulkDataList/69/c1/73e7978d962646815ddbdef3ae7bfb7a677d.udd" 4833
"C:/Users/zxxuh/AppData/Local/UnrealEngine/Common/DerivedDataCache/Buckets/BulkDataList/17/6e/ded6489966d00668fd3814eb3e196963b56b.udd" 4834
"C:/Users/zxxuh/AppData/Local/UnrealEngine/Common/DerivedDataCache/Buckets/BulkDataList/a1/a6/cb617d20a9e1f2905d069fef893c30603f3b.udd" 4835
"C:/Users/zxxuh/AppData/Local/UnrealEngine/Common/DerivedDataCache/Buckets/BulkDataList/80/f9/8091a94078851e521a9c9ccd8041a1ad2326.udd" 4836
"C:/Users/zxxuh/AppData/Local/UnrealEngine/Common/DerivedDataCache/Buckets/BulkDataList/05/e6/927f9cc6f73b9cf611b152506362b2237515.udd" 4837
"C:/Users/zxxuh/AppData/Local/UnrealEngine/Common/DerivedDataCache/Buckets/BulkDataList/28/94/4d1b32a2bbe5c1711ba83568d6fdb44ae6d6.udd" 4838
"C:/Users/zxxuh/AppData/Local/UnrealEngine/Common/DerivedDataCache/Buckets/BulkDataList/2a/85/642f92a143f754d1090acdf3a504471d8491.udd" 4839
"C:/Users/zxxuh/AppData/Local/UnrealEngine/Common/DerivedDataCache/Buckets/BulkDataList/64/99/f4a3486a4d8c18921d24643cc1248558930b.udd" 4840
"C:/Users/zxxuh/AppData/Local/UnrealEngine/Common/DerivedDataCache/Buckets/BulkDataList/6b/ef/2b52af758b8dccfd9158a3257febe067d35a.udd" 4841
"C:/Users/zxxuh/AppData/Local/UnrealEngine/Common/DerivedDataCache/Buckets/BulkDataList/0b/29/b2d7c4650a7cf29b2bb1b61282b9ed169506.udd" 4842
"C:/Users/zxxuh/AppData/Local/UnrealEngine/Common/DerivedDataCache/Buckets/BulkDataList/47/67/841dba6272171b6faa063154a821b206321d.udd" 4843
"../../../Engine/Content/EngineMaterials/Substrate/Glints2/dict_0005_0110.uasset" 4844
"../../../Engine/Content/EngineMaterials/Substrate/Glints2/dict_0002_0184.uasset" 4845
"../../../Engine/Content/EngineMaterials/Substrate/Glints2/dict_0005_0213.uasset" 4846
"../../../Engine/Content/EngineMaterials/Substrate/Glints2/dict_0007_0013.uasset" 4847
"../../../Engine/Content/EngineMaterials/Substrate/Glints2/dict_0006_0108.uasset" 4848
"../../../Engine/Content/EngineMaterials/Substrate/Glints2/dict_0006_0100.uasset" 4849
"../../../Engine/Content/EngineMaterials/Substrate/Glints2/dict_0007_0121.uasset" 4850
"../../../Engine/Content/EngineMaterials/Substrate/Glints2/dict_0004_0030.uasset" 4851
"../../../Engine/Content/EngineMaterials/Substrate/Glints2/dict_0006_0165.uasset" 4852
"../../../Engine/Content/EngineMaterials/Substrate/Glints2/dict_0005_0107.uasset" 4853
"../../../Engine/Content/EngineMaterials/Substrate/Glints2/dict_0007_0044.uasset" 4854
"../../../Engine/Content/EngineMaterials/Substrate/Glints2/dict_0004_0103.uasset" 4855
"../../../Engine/Content/EngineMaterials/Substrate/Glints2/dict_0003_0060.uasset" 4856
"../../../Engine/Content/EngineMaterials/Substrate/Glints2/dict_0001_0092.uasset" 4857
"../../../Engine/Content/EngineMaterials/Substrate/Glints2/dict_0002_0125.uasset" 4858
"../../../Engine/Content/EngineMaterials/Substrate/Glints2/dict_0007_0000.uasset" 4859
"../../../Engine/Content/EngineMaterials/Substrate/Glints2/dict_0004_0113.uasset" 4860
"../../../Engine/Content/EngineMaterials/Substrate/Glints2/dict_0005_0160.uasset" 4861
"../../../Engine/Content/EngineMaterials/Substrate/Glints2/dict_0004_0236.uasset" 4862
"../../../Engine/Content/EngineMaterials/Substrate/Glints2/dict_0002_0198.uasset" 4863
"../../../Engine/Content/EngineMaterials/Substrate/Glints2/dict_0000_0099.uasset" 4864
"../../../Engine/Content/EngineMaterials/Substrate/Glints2/dict_0000_0244.uasset" 4865
"../../../Engine/Content/EngineMaterials/Substrate/Glints2/dict_0004_0147.uasset" 4866
"../../../Engine/Content/EngineMaterials/Substrate/Glints2/dict_0006_0071.uasset" 4867
"C:/Users/zxxuh/AppData/Local/UnrealEngine/Common/DerivedDataCache/Buckets/BulkDataList/fe/a6/45090b0e72e4e718a758a6461a512607b5f8.udd" 4868
"../../../Engine/Content/EngineMaterials/Substrate/Glints2/dict_0000_0025.uasset" 4869
"C:/Users/zxxuh/AppData/Local/UnrealEngine/Common/DerivedDataCache/Buckets/BulkDataList/08/12/a360398d7332b719cbf239a4dae9281c558d.udd" 4870
"../../../Engine/Content/EngineMaterials/Substrate/Glints2/dict_0003_0167.uasset" 4871
"C:/Users/zxxuh/AppData/Local/UnrealEngine/Common/DerivedDataCache/Buckets/BulkDataList/6d/8b/a5f90d23c55cd3361616777c2d9253065739.udd" 4872
"../../../Engine/Content/EngineMaterials/Substrate/Glints2/dict_0004_0227.uasset" 4873
"C:/Users/zxxuh/AppData/Local/UnrealEngine/Common/DerivedDataCache/Buckets/BulkDataList/9f/dd/1327222e0836fc7b57acefb109f061072c8e.udd" 4874
"../../../Engine/Content/EngineMaterials/Substrate/Glints2/dict_0001_0180.uasset" 4875
"C:/Users/zxxuh/AppData/Local/UnrealEngine/Common/DerivedDataCache/Buckets/BulkDataList/bb/0e/8ceac70ee8087f57245ec61d1a4cffcc2af6.udd" 4876
"../../../Engine/Content/EngineMaterials/Substrate/Glints2/dict_0000_0108.uasset" 4877
"C:/Users/zxxuh/AppData/Local/UnrealEngine/Common/DerivedDataCache/Buckets/BulkDataList/98/31/f61956c0504805920aad0a1589ee3eb83c8d.udd" 4878
"../../../Engine/Content/EngineMaterials/Substrate/Glints2/dict_0002_0182.uasset" 4879
"C:/Users/zxxuh/AppData/Local/UnrealEngine/Common/DerivedDataCache/Buckets/BulkDataList/02/38/8b08074d101e8da5ddd9a0b19dcff9b2f769.udd" 4880
"../../../Engine/Content/EngineMaterials/Substrate/Glints2/dict_0002_0167.uasset" 4881
"C:/Users/zxxuh/AppData/Local/UnrealEngine/Common/DerivedDataCache/Buckets/BulkDataList/4a/4e/34a04f897c81a5f2ae1607935ede1d159e20.udd" 4882
"../../../Engine/Content/EngineMaterials/Substrate/Glints2/dict_0006_0002.uasset" 4883
"C:/Users/zxxuh/AppData/Local/UnrealEngine/Common/DerivedDataCache/Buckets/BulkDataList/77/73/38480fa1da0638db6222e1407e93c1823d75.udd" 4884
"C:/Users/zxxuh/AppData/Local/UnrealEngine/Common/DerivedDataCache/Buckets/BulkDataList/37/6a/b6e95902769d418f91b7c4d3ead6769c27bd.udd" 4885
"C:/Users/zxxuh/AppData/Local/UnrealEngine/Common/DerivedDataCache/Buckets/BulkDataList/31/04/a273c142963d533401ff0f8183eec0def1f0.udd" 4886
"C:/Users/zxxuh/AppData/Local/UnrealEngine/Common/DerivedDataCache/Buckets/BulkDataList/1a/df/06e82e0f544b69da2ef9e7e2ffda2e3ffb11.udd" 4887
"C:/Users/zxxuh/AppData/Local/UnrealEngine/Common/DerivedDataCache/Buckets/BulkDataList/cd/0d/8d7622e74c91ead4a7419e631cff2a30cb53.udd" 4888
"C:/Users/zxxuh/AppData/Local/UnrealEngine/Common/DerivedDataCache/Buckets/BulkDataList/4a/a3/5d5f88595d2877fff0f10c2b4119d68cb9cb.udd" 4889
"C:/Users/zxxuh/AppData/Local/UnrealEngine/Common/DerivedDataCache/Buckets/BulkDataList/73/b6/ae2935cbfeb0d9bc12d24109e785106360e5.udd" 4890
"C:/Users/zxxuh/AppData/Local/UnrealEngine/Common/DerivedDataCache/Buckets/BulkDataList/bf/77/fc249984a1c069f36b9f0a40a86980dba9f2.udd" 4891
"C:/Users/zxxuh/AppData/Local/UnrealEngine/Common/DerivedDataCache/Buckets/BulkDataList/21/bb/fdbee06c339eaad2ea84723179bd8acdba30.udd" 4892
"C:/Users/zxxuh/AppData/Local/UnrealEngine/Common/DerivedDataCache/Buckets/BulkDataList/4e/9d/9aba0788a1de47fbd6fe70b5654d9f2dda55.udd" 4893
"C:/Users/zxxuh/AppData/Local/UnrealEngine/Common/DerivedDataCache/Buckets/BulkDataList/fe/fd/0fef35d961de3a46b72cb4b636ca76d1f5a1.udd" 4894
"C:/Users/zxxuh/AppData/Local/UnrealEngine/Common/DerivedDataCache/Buckets/BulkDataList/63/87/638dfafccf21309f34d9962474b68bd52891.udd" 4895
"C:/Users/zxxuh/AppData/Local/UnrealEngine/Common/DerivedDataCache/Buckets/BulkDataList/33/e6/9447374de98332ceef6770ca61119f9f4676.udd" 4896
"C:/Users/zxxuh/AppData/Local/UnrealEngine/Common/DerivedDataCache/Buckets/BulkDataList/b3/76/36e486aa69b1f9cefd79f08e9b67f9cb5261.udd" 4897
"C:/Users/zxxuh/AppData/Local/UnrealEngine/Common/DerivedDataCache/Buckets/BulkDataList/e8/fa/16bba3f9e9950903b91e6052b3f27b630bf0.udd" 4898
"C:/Users/zxxuh/AppData/Local/UnrealEngine/Common/DerivedDataCache/Buckets/BulkDataList/ee/e9/4b2fb369c0b6330a4582a8e7855468709992.udd" 4899
"C:/Users/zxxuh/AppData/Local/UnrealEngine/Common/DerivedDataCache/Buckets/BulkDataList/49/60/8194266b028c3362d947b241df51c9c299fd.udd" 4900
"C:/Users/zxxuh/AppData/Local/UnrealEngine/Common/DerivedDataCache/Buckets/BulkDataList/7c/17/5ce6f1618f020c5b02fd7c17392caa556e94.udd" 4901
"C:/Users/zxxuh/AppData/Local/UnrealEngine/Common/DerivedDataCache/Buckets/BulkDataList/ff/16/e19981c717197370a1ee7758323b2f079f3b.udd" 4902
"C:/Users/zxxuh/AppData/Local/UnrealEngine/Common/DerivedDataCache/Buckets/BulkDataList/78/63/ebdb980fd3617e220157b34249e8e0fec8a9.udd" 4903
"C:/Users/zxxuh/AppData/Local/UnrealEngine/Common/DerivedDataCache/Buckets/BulkDataList/20/44/a87fb2ef489a9d081255b51f14aab2af6595.udd" 4904
"C:/Users/zxxuh/AppData/Local/UnrealEngine/Common/DerivedDataCache/Buckets/BulkDataList/b8/37/733620b76063f765eaaab63bb0d2c3b14255.udd" 4905
"C:/Users/zxxuh/AppData/Local/UnrealEngine/Common/DerivedDataCache/Buckets/BulkDataList/ef/a0/bcc3761a7d04f1d1a66e537964ef28559563.udd" 4906
"C:/Users/zxxuh/AppData/Local/UnrealEngine/Common/DerivedDataCache/Buckets/BulkDataList/72/65/d940ce04964b98b4272dfc42726ccf81e3a8.udd" 4907
"../../../Engine/Content/EngineMaterials/Substrate/Glints2/dict_0005_0040.uasset" 4908
"../../../Engine/Content/EngineMaterials/Substrate/Glints2/dict_0001_0028.uasset" 4909
"../../../Engine/Content/EngineMaterials/Substrate/Glints2/dict_0005_0070.uasset" 4910
"../../../Engine/Content/EngineMaterials/Substrate/Glints2/dict_0004_0016.uasset" 4911
"../../../Engine/Content/EngineMaterials/Substrate/Glints2/dict_0005_0048.uasset" 4912
"../../../Engine/Content/EngineMaterials/Substrate/Glints2/dict_0003_0162.uasset" 4913
"../../../Engine/Content/EngineMaterials/Substrate/Glints2/dict_0004_0210.uasset" 4914
"../../../Engine/Content/EngineMaterials/Substrate/Glints2/dict_0003_0174.uasset" 4915
"../../../Engine/Content/EngineMaterials/Substrate/Glints2/dict_0003_0160.uasset" 4916
"../../../Engine/Content/EngineMaterials/Substrate/Glints2/dict_0003_0041.uasset" 4917
"../../../Engine/Content/EngineMaterials/Substrate/Glints2/dict_0001_0085.uasset" 4918
"../../../Engine/Content/EngineMaterials/Substrate/Glints2/dict_0004_0228.uasset" 4919
"../../../Engine/Content/EngineMaterials/Substrate/Glints2/dict_0001_0046.uasset" 4920
"../../../Engine/Content/EngineMaterials/Substrate/Glints2/dict_0003_0190.uasset" 4921
"../../../Engine/Content/EngineMaterials/Substrate/Glints2/dict_0000_0092.uasset" 4922
"../../../Engine/Content/EngineMaterials/Substrate/Glints2/dict_0000_0251.uasset" 4923
"../../../Engine/Content/EngineMaterials/Substrate/Glints2/dict_0005_0073.uasset" 4924
"../../../Engine/Content/EngineMaterials/Substrate/Glints2/dict_0002_0064.uasset" 4925
"../../../Engine/Content/EngineMaterials/Substrate/Glints2/dict_0005_0060.uasset" 4926
"../../../Engine/Content/EngineMaterials/Substrate/Glints2/dict_0004_0192.uasset" 4927
"../../../Engine/Content/EngineMaterials/Substrate/Glints2/dict_0007_0212.uasset" 4928
"../../../Engine/Content/EngineMaterials/Substrate/Glints2/dict_0003_0049.uasset" 4929
"../../../Engine/Content/EngineMaterials/Substrate/Glints2/dict_0006_0109.uasset" 4930
"../../../Engine/Content/EngineMaterials/Substrate/Glints2/dict_0003_0034.uasset" 4931
"C:/Users/zxxuh/AppData/Local/UnrealEngine/Common/DerivedDataCache/Buckets/BulkDataList/3c/af/59b70fa6207479b073bcd5c01d3cf97264cc.udd" 4932
"../../../Engine/Content/EngineMaterials/Substrate/Glints2/dict_0001_0073.uasset" 4933
"C:/Users/zxxuh/AppData/Local/UnrealEngine/Common/DerivedDataCache/Buckets/BulkDataList/e1/d2/a1dc50bd81138cd0efeb68b8f725afa8c222.udd" 4934
"../../../Engine/Content/EngineMaterials/Substrate/Glints2/dict_0001_0047.uasset" 4935
"C:/Users/zxxuh/AppData/Local/UnrealEngine/Common/DerivedDataCache/Buckets/BulkDataList/5b/b6/5706182e26ad3604210bb48dd0fa9e4e035b.udd" 4936
"../../../Engine/Content/EngineMaterials/Substrate/Glints2/dict_0002_0045.uasset" 4937
"C:/Users/zxxuh/AppData/Local/UnrealEngine/Common/DerivedDataCache/Buckets/BulkDataList/57/97/79d6a941f233d0cf2a71a7d77e777e684a0a.udd" 4938
"../../../Engine/Content/EngineMaterials/Substrate/Glints2/dict_0001_0054.uasset" 4939
"C:/Users/zxxuh/AppData/Local/UnrealEngine/Common/DerivedDataCache/Buckets/BulkDataList/65/dd/f8eff1f430bfcfa9afcd128a0117c98bdbce.udd" 4940
"../../../Engine/Content/EngineMaterials/Substrate/Glints2/dict_0006_0156.uasset" 4941
"C:/Users/zxxuh/AppData/Local/UnrealEngine/Common/DerivedDataCache/Buckets/BulkDataList/32/9d/9cf94a423d7e0807c04c123e81d545dde0de.udd" 4942
"../../../Engine/Content/EngineMaterials/Substrate/Glints2/dict_0006_0228.uasset" 4943
"C:/Users/zxxuh/AppData/Local/UnrealEngine/Common/DerivedDataCache/Buckets/BulkDataList/52/d0/cc4de09643eb64199cea80234d6790f4a793.udd" 4944
"../../../Engine/Content/EngineMaterials/Substrate/Glints2/dict_0000_0051.uasset" 4945
"C:/Users/zxxuh/AppData/Local/UnrealEngine/Common/DerivedDataCache/Buckets/BulkDataList/38/e9/d82a1ec5e765fb70c7ed8597d344bf9e9010.udd" 4946
"../../../Engine/Content/EngineMaterials/Substrate/Glints2/dict_0006_0220.uasset" 4947
"C:/Users/zxxuh/AppData/Local/UnrealEngine/Common/DerivedDataCache/Buckets/BulkDataList/58/c3/a6ece2c53e55ca37fe92021c15e77187a270.udd" 4948
"C:/Users/zxxuh/AppData/Local/UnrealEngine/Common/DerivedDataCache/Buckets/BulkDataList/78/04/c572b341bfeeb0966fd817679dd98d515988.udd" 4949
"C:/Users/zxxuh/AppData/Local/UnrealEngine/Common/DerivedDataCache/Buckets/BulkDataList/12/70/61f432564523f9e5eb6b2b57e255caf7fdeb.udd" 4950
"C:/Users/zxxuh/AppData/Local/UnrealEngine/Common/DerivedDataCache/Buckets/BulkDataList/1c/15/270091996cf4103d2707924aa7ec5e46459f.udd" 4951
"C:/Users/zxxuh/AppData/Local/UnrealEngine/Common/DerivedDataCache/Buckets/BulkDataList/4b/60/5b5580be4a85ffedca101660f0428f611a0c.udd" 4952
"C:/Users/zxxuh/AppData/Local/UnrealEngine/Common/DerivedDataCache/Buckets/BulkDataList/fc/8a/18a8212deb266e078204b179f20b3f740d53.udd" 4953
"C:/Users/zxxuh/AppData/Local/UnrealEngine/Common/DerivedDataCache/Buckets/BulkDataList/15/81/d67e70e338c789cbeb57fe2b26dbd08d0767.udd" 4954
"C:/Users/zxxuh/AppData/Local/UnrealEngine/Common/DerivedDataCache/Buckets/BulkDataList/f0/2b/df4bd7049fe8a205ae14efd852ace761ce95.udd" 4955
"C:/Users/zxxuh/AppData/Local/UnrealEngine/Common/DerivedDataCache/Buckets/BulkDataList/ab/ce/e84db583ee6011af823fec34d642ecfd0845.udd" 4956
"C:/Users/zxxuh/AppData/Local/UnrealEngine/Common/DerivedDataCache/Buckets/BulkDataList/8c/7f/a347bec4cff2fab132f34c5520aafd2a6dd5.udd" 4957
"C:/Users/zxxuh/AppData/Local/UnrealEngine/Common/DerivedDataCache/Buckets/BulkDataList/a1/a1/77791280c3b40f4fe3146e058247a233db08.udd" 4958
"C:/Users/zxxuh/AppData/Local/UnrealEngine/Common/DerivedDataCache/Buckets/BulkDataList/0f/8b/8fb72937bdf7bba43e2296b52ad3e0f96812.udd" 4959
"C:/Users/zxxuh/AppData/Local/UnrealEngine/Common/DerivedDataCache/Buckets/BulkDataList/d1/38/75bf9d0bd47d942df073f5a437889d8a250d.udd" 4960
"C:/Users/zxxuh/AppData/Local/UnrealEngine/Common/DerivedDataCache/Buckets/BulkDataList/b1/b1/1485fee4d78ea8f1be14823fa1d538b38724.udd" 4961
"C:/Users/zxxuh/AppData/Local/UnrealEngine/Common/DerivedDataCache/Buckets/BulkDataList/89/f7/6ad27e446f1e15acfcba4eafeed44dd66b01.udd" 4962
"C:/Users/zxxuh/AppData/Local/UnrealEngine/Common/DerivedDataCache/Buckets/BulkDataList/16/bc/75dc2b24e971677fd2f75127b614280f9cfc.udd" 4963
"C:/Users/zxxuh/AppData/Local/UnrealEngine/Common/DerivedDataCache/Buckets/BulkDataList/dd/ff/f16b553c97455ab3949df43b1b57bd4f123d.udd" 4964
"C:/Users/zxxuh/AppData/Local/UnrealEngine/Common/DerivedDataCache/Buckets/BulkDataList/37/65/7eb111cf9111e848b9f15051cb13be2e93cb.udd" 4965
"C:/Users/zxxuh/AppData/Local/UnrealEngine/Common/DerivedDataCache/Buckets/BulkDataList/c7/9c/d64852050a6b99ae95453ab0629ec96a5c54.udd" 4966
"C:/Users/zxxuh/AppData/Local/UnrealEngine/Common/DerivedDataCache/Buckets/BulkDataList/35/cf/4ed0bde91b320c7e2634e227fccbb7037d00.udd" 4967
"C:/Users/zxxuh/AppData/Local/UnrealEngine/Common/DerivedDataCache/Buckets/BulkDataList/07/a8/463b0a4e196bd6005eb1d857d0a98f1ab580.udd" 4968
"C:/Users/zxxuh/AppData/Local/UnrealEngine/Common/DerivedDataCache/Buckets/BulkDataList/9a/27/ce968ac80abc4e40d842124d120bc2f33fc5.udd" 4969
"C:/Users/zxxuh/AppData/Local/UnrealEngine/Common/DerivedDataCache/Buckets/BulkDataList/1c/6f/676da68a8b7b6f9afb3668c975332d6c7e2f.udd" 4970
"C:/Users/zxxuh/AppData/Local/UnrealEngine/Common/DerivedDataCache/Buckets/BulkDataList/e8/20/cbd6a4b4be94cbb275c5bca3d4473bb1e2e0.udd" 4971
"../../../Engine/Content/EngineMaterials/Substrate/Glints2/dict_0007_0224.uasset" 4972
"../../../Engine/Content/EngineMaterials/Substrate/Glints2/dict_0005_0166.uasset" 4973
"../../../Engine/Content/EngineMaterials/Substrate/Glints2/dict_0004_0109.uasset" 4974
"../../../Engine/Content/EngineMaterials/Substrate/Glints2/dict_0002_0027.uasset" 4975
"../../../Engine/Content/EngineMaterials/Substrate/Glints2/dict_0005_0024.uasset" 4976
"../../../Engine/Content/EngineMaterials/Substrate/Glints2/dict_0003_0074.uasset" 4977
"../../../Engine/Content/EngineMaterials/Substrate/Glints2/dict_0004_0004.uasset" 4978
"../../../Engine/Content/EngineMaterials/Substrate/Glints2/dict_0000_0254.uasset" 4979
"../../../Engine/Content/EngineMaterials/Substrate/Glints2/dict_0000_0021.uasset" 4980
"../../../Engine/Content/EngineMaterials/Substrate/Glints2/dict_0003_0145.uasset" 4981
"../../../Engine/Content/EngineMaterials/Substrate/Glints2/dict_0002_0255.uasset" 4982
"../../../Engine/Content/EngineMaterials/Substrate/Glints2/dict_0006_0059.uasset" 4983
"../../../Engine/Content/EngineMaterials/Substrate/Glints2/dict_0004_0208.uasset" 4984
"../../../Engine/Content/EngineMaterials/Substrate/Glints2/dict_0002_0075.uasset" 4985
"../../../Engine/Content/EngineMaterials/Substrate/Glints2/dict_0001_0097.uasset" 4986
"../../../Engine/Content/EngineMaterials/Substrate/Glints2/dict_0001_0139.uasset" 4987
"../../../Engine/Content/EngineMaterials/Substrate/Glints2/dict_0002_0000.uasset" 4988
"../../../Engine/Content/EngineMaterials/Substrate/Glints2/dict_0004_0120.uasset" 4989
"../../../Engine/Content/EngineMaterials/Substrate/Glints2/dict_0000_0215.uasset" 4990
"../../../Engine/Content/EngineMaterials/Substrate/Glints2/dict_0004_0201.uasset" 4991
"../../../Engine/Content/EngineMaterials/Substrate/Glints2/dict_0001_0178.uasset" 4992
"../../../Engine/Content/EngineMaterials/Substrate/Glints2/dict_0001_0102.uasset" 4993
"../../../Engine/Content/EngineMaterials/Substrate/Glints2/dict_0001_0012.uasset" 4994
"../../../Engine/Content/EngineMaterials/Substrate/Glints2/dict_0002_0089.uasset" 4995
"C:/Users/zxxuh/AppData/Local/UnrealEngine/Common/DerivedDataCache/Buckets/BulkDataList/c6/c7/e05073eb83fcf77704d5951f993b720032ca.udd" 4996
"../../../Engine/Content/EngineMaterials/Substrate/Glints2/dict_0000_0002.uasset" 4997
"C:/Users/zxxuh/AppData/Local/UnrealEngine/Common/DerivedDataCache/Buckets/BulkDataList/9f/71/1742cc237402a50cf1bd8c78907be3ce4bda.udd" 4998
"../../../Engine/Content/EngineMaterials/Substrate/Glints2/dict_0003_0198.uasset" 4999
"C:/Users/zxxuh/AppData/Local/UnrealEngine/Common/DerivedDataCache/Buckets/BulkDataList/a5/ca/4fa6da386e9f35acc058aa750c31297aa40a.udd" 5000
"../../../Engine/Content/EngineMaterials/Substrate/Glints2/dict_0003_0195.uasset" 5001
"C:/Users/zxxuh/AppData/Local/UnrealEngine/Common/DerivedDataCache/Buckets/BulkDataList/cd/c1/425cb9e4f516102829176171e6a5ed42e967.udd" 5002
"../../../Engine/Content/EngineMaterials/Substrate/Glints2/dict_0007_0206.uasset" 5003
"C:/Users/zxxuh/AppData/Local/UnrealEngine/Common/DerivedDataCache/Buckets/BulkDataList/ac/5c/08a16ad16516cbd79e198bf57754fd91cc2c.udd" 5004
"../../../Engine/Content/EngineMaterials/Substrate/Glints2/dict_0006_0101.uasset" 5005
"C:/Users/zxxuh/AppData/Local/UnrealEngine/Common/DerivedDataCache/Buckets/BulkDataList/e0/eb/be90c11e29c81cfd6aa6f862e80b0b619dd3.udd" 5006
"../../../Engine/Content/EngineMaterials/Substrate/Glints2/dict_0005_0117.uasset" 5007
"C:/Users/zxxuh/AppData/Local/UnrealEngine/Common/DerivedDataCache/Buckets/BulkDataList/d3/88/03128fb8aa1852c7abd85cc69941b47df465.udd" 5008
"../../../Engine/Content/EngineMaterials/Substrate/Glints2/dict_0001_0112.uasset" 5009
"C:/Users/zxxuh/AppData/Local/UnrealEngine/Common/DerivedDataCache/Buckets/BulkDataList/2f/c7/ce13189256bd73ccba5a76de2f9e7569b4f0.udd" 5010
"../../../Engine/Content/EngineMaterials/Substrate/Glints2/dict_0006_0227.uasset" 5011
"C:/Users/zxxuh/AppData/Local/UnrealEngine/Common/DerivedDataCache/Buckets/BulkDataList/70/f3/19228068fc1f05abe80f58977071398d0c70.udd" 5012
"C:/Users/zxxuh/AppData/Local/UnrealEngine/Common/DerivedDataCache/Buckets/BulkDataList/ce/47/e3865ed6d7de0f094b948feaedced42c1a88.udd" 5013
"C:/Users/zxxuh/AppData/Local/UnrealEngine/Common/DerivedDataCache/Buckets/BulkDataList/3d/6f/3774b69eab12d8e04762d7483edff8bd786e.udd" 5014
"C:/Users/zxxuh/AppData/Local/UnrealEngine/Common/DerivedDataCache/Buckets/BulkDataList/1d/60/0fe2608fad81629340df0adcbade447f82c9.udd" 5015
"C:/Users/zxxuh/AppData/Local/UnrealEngine/Common/DerivedDataCache/Buckets/BulkDataList/1a/83/fbbf46babcaf5f48d32823469ea6ef797f19.udd" 5016
"C:/Users/zxxuh/AppData/Local/UnrealEngine/Common/DerivedDataCache/Buckets/BulkDataList/39/26/5e3db48ce9548f4651176191558bf7255829.udd" 5017
"C:/Users/zxxuh/AppData/Local/UnrealEngine/Common/DerivedDataCache/Buckets/BulkDataList/25/fe/c745bb634be97566670fd7905134576a7f66.udd" 5018
"C:/Users/zxxuh/AppData/Local/UnrealEngine/Common/DerivedDataCache/Buckets/BulkDataList/32/cf/f1dc156712925379e640e225b85a5e6bb379.udd" 5019
"C:/Users/zxxuh/AppData/Local/UnrealEngine/Common/DerivedDataCache/Buckets/BulkDataList/31/1b/781db0c6b526ff2428a1f1d0fae72b49f5b0.udd" 5020
"C:/Users/zxxuh/AppData/Local/UnrealEngine/Common/DerivedDataCache/Buckets/BulkDataList/4a/2d/45cf3bb884d99218ab46f398aee305065c06.udd" 5021
"C:/Users/zxxuh/AppData/Local/UnrealEngine/Common/DerivedDataCache/Buckets/BulkDataList/40/cb/913c4996b64878ccc10ab49d5f180a0fa422.udd" 5022
"C:/Users/zxxuh/AppData/Local/UnrealEngine/Common/DerivedDataCache/Buckets/BulkDataList/db/b0/30241f1effe2112e927f05fb311826562d1b.udd" 5023
"C:/Users/zxxuh/AppData/Local/UnrealEngine/Common/DerivedDataCache/Buckets/BulkDataList/f3/e7/a1d62dc1b498bc4e1149fdc44de87ed7a914.udd" 5024
"C:/Users/zxxuh/AppData/Local/UnrealEngine/Common/DerivedDataCache/Buckets/BulkDataList/2c/d9/192d352a593c884af86aefe3e0108c326ec4.udd" 5025
"C:/Users/zxxuh/AppData/Local/UnrealEngine/Common/DerivedDataCache/Buckets/BulkDataList/47/f8/5db785a34ad17e030e8984a1d964d81611e3.udd" 5026
"C:/Users/zxxuh/AppData/Local/UnrealEngine/Common/DerivedDataCache/Buckets/BulkDataList/80/09/b0bf6b2a7d5f404cf95d3ba537735bbc3c34.udd" 5027
"C:/Users/zxxuh/AppData/Local/UnrealEngine/Common/DerivedDataCache/Buckets/BulkDataList/9f/06/931681a2ec4f259c9c226a63d19d13c21901.udd" 5028
"C:/Users/zxxuh/AppData/Local/UnrealEngine/Common/DerivedDataCache/Buckets/BulkDataList/0d/9f/93bfcfb3d5c743181f4b7c54bc661d9e2ade.udd" 5029
"C:/Users/zxxuh/AppData/Local/UnrealEngine/Common/DerivedDataCache/Buckets/BulkDataList/bc/ec/ee3f6b891184680d7f48dd4df212516c9750.udd" 5030
"C:/Users/zxxuh/AppData/Local/UnrealEngine/Common/DerivedDataCache/Buckets/BulkDataList/71/bd/a25eda8eb5be12d3d5324322630478980010.udd" 5031
"C:/Users/zxxuh/AppData/Local/UnrealEngine/Common/DerivedDataCache/Buckets/BulkDataList/8e/3c/de33cb4fc7d4a60bfe6ab24373d7af36aeb5.udd" 5032
"C:/Users/zxxuh/AppData/Local/UnrealEngine/Common/DerivedDataCache/Buckets/BulkDataList/db/f9/5de31d8950763e3da52dde1463e98b2a9250.udd" 5033
"C:/Users/zxxuh/AppData/Local/UnrealEngine/Common/DerivedDataCache/Buckets/BulkDataList/0f/fe/b525bd3c349403c7d9a62849cc268c70c649.udd" 5034
"C:/Users/zxxuh/AppData/Local/UnrealEngine/Common/DerivedDataCache/Buckets/BulkDataList/fc/71/2f3d6b80aed6d3e3956172169243bfdc649f.udd" 5035
"../../../Engine/Content/EngineMaterials/Substrate/Glints2/dict_0007_0225.uasset" 5036
"../../../Engine/Content/EngineMaterials/Substrate/Glints2/dict_0006_0087.uasset" 5037
"../../../Engine/Content/EngineMaterials/Substrate/Glints2/dict_0004_0153.uasset" 5038
"../../../Engine/Content/EngineMaterials/Substrate/Glints2/dict_0007_0173.uasset" 5039
"../../../Engine/Content/EngineMaterials/Substrate/Glints2/dict_0000_0143.uasset" 5040
"../../../Engine/Content/EngineMaterials/Substrate/Glints2/dict_0001_0081.uasset" 5041
"../../../Engine/Content/EngineMaterials/Substrate/Glints2/dict_0000_0203.uasset" 5042
"../../../Engine/Content/EngineMaterials/Substrate/Glints2/dict_0003_0204.uasset" 5043
"../../../Engine/Content/EngineMaterials/Substrate/Glints2/dict_0003_0081.uasset" 5044
"../../../Engine/Content/EngineMaterials/Substrate/Glints2/dict_0002_0217.uasset" 5045
"../../../Engine/Content/EngineMaterials/Substrate/Glints2/dict_0002_0180.uasset" 5046
"../../../Engine/Content/EngineMaterials/Substrate/Glints2/dict_0002_0240.uasset" 5047
"../../../Engine/Content/EngineMaterials/Substrate/Glints2/dict_0007_0250.uasset" 5048
"../../../Engine/Content/EngineMaterials/Substrate/Glints2/dict_0003_0149.uasset" 5049
"../../../Engine/Content/EngineMaterials/Substrate/Glints2/dict_0007_0109.uasset" 5050
"../../../Engine/Content/EngineMaterials/Substrate/Glints2/dict_0000_0098.uasset" 5051
"../../../Engine/Content/EngineMaterials/Substrate/Glints2/dict_0003_0003.uasset" 5052
"../../../Engine/Content/EngineMaterials/Substrate/Glints2/dict_0003_0234.uasset" 5053
"../../../Engine/Content/EngineMaterials/Substrate/Glints2/dict_0002_0234.uasset" 5054
"../../../Engine/Content/EngineMaterials/Substrate/Glints2/dict_0005_0035.uasset" 5055
"../../../Engine/Content/EngineMaterials/Substrate/Glints2/dict_0006_0198.uasset" 5056
"../../../Engine/Content/EngineMaterials/Substrate/Glints2/dict_0001_0243.uasset" 5057
"../../../Engine/Content/EngineMaterials/Substrate/Glints2/dict_0003_0248.uasset" 5058
"../../../Engine/Content/EngineMaterials/Substrate/Glints2/dict_0000_0231.uasset" 5059
"C:/Users/zxxuh/AppData/Local/UnrealEngine/Common/DerivedDataCache/Buckets/BulkDataList/a5/d1/6d712ef475528e078568c791cf62729b3701.udd" 5060
"../../../Engine/Content/EngineMaterials/Substrate/Glints2/dict_0007_0191.uasset" 5061
"C:/Users/zxxuh/AppData/Local/UnrealEngine/Common/DerivedDataCache/Buckets/BulkDataList/5e/f1/88726b656f862533f07a3c4b0ae77927e14c.udd" 5062
"../../../Engine/Content/EngineMaterials/Substrate/Glints2/dict_0003_0139.uasset" 5063
"C:/Users/zxxuh/AppData/Local/UnrealEngine/Common/DerivedDataCache/Buckets/BulkDataList/f4/b4/047dbb883ac2f67f5d585efb83dcabc5d975.udd" 5064
"../../../Engine/Content/EngineMaterials/Substrate/Glints2/dict_0004_0107.uasset" 5065
"C:/Users/zxxuh/AppData/Local/UnrealEngine/Common/DerivedDataCache/Buckets/BulkDataList/96/6b/3145400945d59046c9b3fad9e243d1c196f9.udd" 5066
"../../../Engine/Content/EngineMaterials/Substrate/Glints2/dict_0002_0192.uasset" 5067
"C:/Users/zxxuh/AppData/Local/UnrealEngine/Common/DerivedDataCache/Buckets/BulkDataList/f2/ed/31a7bd33769ba14aadaf5bf2db7fa0f51310.udd" 5068
"../../../Engine/Content/EngineMaterials/Substrate/Glints2/dict_0002_0159.uasset" 5069
"C:/Users/zxxuh/AppData/Local/UnrealEngine/Common/DerivedDataCache/Buckets/BulkDataList/52/20/cefcc8c8c34774fd7cac04b8fb709b764063.udd" 5070
"../../../Engine/Content/EngineMaterials/Substrate/Glints2/dict_0002_0093.uasset" 5071
"C:/Users/zxxuh/AppData/Local/UnrealEngine/Common/DerivedDataCache/Buckets/BulkDataList/49/76/e07de7c6a0303575abe0cb59a64d8cce84ee.udd" 5072
"../../../Engine/Content/EngineMaterials/Substrate/Glints2/dict_0007_0043.uasset" 5073
"C:/Users/zxxuh/AppData/Local/UnrealEngine/Common/DerivedDataCache/Buckets/BulkDataList/03/cb/5b32194c22b6560b9a3c8702f91698890b45.udd" 5074
"../../../Engine/Content/EngineMaterials/Substrate/Glints2/dict_0003_0202.uasset" 5075
"C:/Users/zxxuh/AppData/Local/UnrealEngine/Common/DerivedDataCache/Buckets/BulkDataList/03/1d/7a3d75128cf1b1054b9971682c54b219444b.udd" 5076
"C:/Users/zxxuh/AppData/Local/UnrealEngine/Common/DerivedDataCache/Buckets/BulkDataList/75/6c/f41d3c44efebafe4812e2686b253d091158e.udd" 5077
"C:/Users/zxxuh/AppData/Local/UnrealEngine/Common/DerivedDataCache/Buckets/BulkDataList/27/22/1e06682efb6576b7dc1a481322384ab47a57.udd" 5078
"C:/Users/zxxuh/AppData/Local/UnrealEngine/Common/DerivedDataCache/Buckets/BulkDataList/55/a6/430ae74fe73d12aae7adbeaee36b3fc191e4.udd" 5079
"C:/Users/zxxuh/AppData/Local/UnrealEngine/Common/DerivedDataCache/Buckets/BulkDataList/4f/60/d904b638684b04d5bad723d1407f56f8e100.udd" 5080
"C:/Users/zxxuh/AppData/Local/UnrealEngine/Common/DerivedDataCache/Buckets/BulkDataList/1c/89/048471971a3507f1084fb7a180e82460e1d7.udd" 5081
"C:/Users/zxxuh/AppData/Local/UnrealEngine/Common/DerivedDataCache/Buckets/BulkDataList/e2/c5/b3fdd29c8031e4b6a48e67903bcefab75bea.udd" 5082
"C:/Users/zxxuh/AppData/Local/UnrealEngine/Common/DerivedDataCache/Buckets/BulkDataList/c1/bb/6b7eab5be3594dc04ac03d4d8e676abc3068.udd" 5083
"C:/Users/zxxuh/AppData/Local/UnrealEngine/Common/DerivedDataCache/Buckets/BulkDataList/b7/58/1493641dab9626a853d4c7b061f2b8f1c252.udd" 5084
"C:/Users/zxxuh/AppData/Local/UnrealEngine/Common/DerivedDataCache/Buckets/BulkDataList/07/a7/584f06ce9488a41e81e7527556324e2ebc4d.udd" 5085
"C:/Users/zxxuh/AppData/Local/UnrealEngine/Common/DerivedDataCache/Buckets/BulkDataList/25/79/97c55d309a4ac22e6248ae782c1cbc4cd7c2.udd" 5086
"C:/Users/zxxuh/AppData/Local/UnrealEngine/Common/DerivedDataCache/Buckets/BulkDataList/f0/19/89ac29f286e42c880b48fffbb94cad47d048.udd" 5087
"C:/Users/zxxuh/AppData/Local/UnrealEngine/Common/DerivedDataCache/Buckets/BulkDataList/1f/29/2e14e300f04caf743d6610b7659a98fef416.udd" 5088
"C:/Users/zxxuh/AppData/Local/UnrealEngine/Common/DerivedDataCache/Buckets/BulkDataList/d4/bf/ac59c558beba8a67e1d48447e29236d2a593.udd" 5089
"C:/Users/zxxuh/AppData/Local/UnrealEngine/Common/DerivedDataCache/Buckets/BulkDataList/c8/39/9d04075c9bd53c1b619afb80d7dc401a6f7b.udd" 5090
"C:/Users/zxxuh/AppData/Local/UnrealEngine/Common/DerivedDataCache/Buckets/BulkDataList/bf/cb/d42721dc5af5058a03292a1c0e9113c5f458.udd" 5091
"C:/Users/zxxuh/AppData/Local/UnrealEngine/Common/DerivedDataCache/Buckets/BulkDataList/94/24/5e1adfd68d8dd21c738f16a6294a4f986da6.udd" 5092
"C:/Users/zxxuh/AppData/Local/UnrealEngine/Common/DerivedDataCache/Buckets/BulkDataList/44/7b/a50de9dacc540cdbcae17bc1ac62c9b03690.udd" 5093
"C:/Users/zxxuh/AppData/Local/UnrealEngine/Common/DerivedDataCache/Buckets/BulkDataList/af/29/ab0c3a4ab6b8560ae76fdc59925249cef868.udd" 5094
"C:/Users/zxxuh/AppData/Local/UnrealEngine/Common/DerivedDataCache/Buckets/BulkDataList/5c/44/62c3213d95433d6c4d136f37f51eef067a26.udd" 5095
"C:/Users/zxxuh/AppData/Local/UnrealEngine/Common/DerivedDataCache/Buckets/BulkDataList/33/c5/8177ec53bff5b34a47348103296fd45adca1.udd" 5096
"C:/Users/zxxuh/AppData/Local/UnrealEngine/Common/DerivedDataCache/Buckets/BulkDataList/bd/d1/418eb92a4ba5c38b58eee43a166ece238818.udd" 5097
"C:/Users/zxxuh/AppData/Local/UnrealEngine/Common/DerivedDataCache/Buckets/BulkDataList/33/db/a73ea7874deea51fd62d4745b9627361635b.udd" 5098
"C:/Users/zxxuh/AppData/Local/UnrealEngine/Common/DerivedDataCache/Buckets/BulkDataList/f4/dd/ea949dd30dab7c9c01f6617db97ed17b568b.udd" 5099
"../../../Engine/Content/EngineMaterials/Substrate/Glints2/dict_0007_0112.uasset" 5100
"../../../Engine/Content/EngineMaterials/Substrate/Glints2/dict_0003_0173.uasset" 5101
"../../../Engine/Content/EngineMaterials/Substrate/Glints2/dict_0007_0208.uasset" 5102
"../../../Engine/Content/EngineMaterials/Substrate/Glints2/dict_0002_0239.uasset" 5103
"../../../Engine/Content/EngineMaterials/Substrate/Glints2/dict_0003_0097.uasset" 5104
"../../../Engine/Content/EngineMaterials/Substrate/Glints2/dict_0007_0046.uasset" 5105
"../../../Engine/Content/EngineMaterials/Substrate/Glints2/dict_0000_0159.uasset" 5106
"../../../Engine/Content/EngineMaterials/Substrate/Glints2/dict_0001_0042.uasset" 5107
"../../../Engine/Content/EngineMaterials/Substrate/Glints2/dict_0001_0109.uasset" 5108
"../../../Engine/Content/EngineMaterials/Substrate/Glints2/dict_0003_0243.uasset" 5109
"../../../Engine/Content/EngineMaterials/Substrate/Glints2/dict_0007_0146.uasset" 5110
"../../../Engine/Content/EngineMaterials/Substrate/Glints2/dict_0005_0061.uasset" 5111
"../../../Engine/Content/EngineMaterials/Substrate/Glints2/dict_0001_0095.uasset" 5112
"../../../Engine/Content/EngineMaterials/Substrate/Glints2/dict_0006_0097.uasset" 5113
"../../../Engine/Content/EngineMaterials/Substrate/Glints2/dict_0002_0181.uasset" 5114
"../../../Engine/Content/EngineMaterials/Substrate/Glints2/dict_0007_0014.uasset" 5115
"../../../Engine/Content/EngineMaterials/Substrate/Glints2/dict_0001_0078.uasset" 5116
"../../../Engine/Content/EngineMaterials/Substrate/Glints2/dict_0003_0104.uasset" 5117
"../../../Engine/Content/EngineMaterials/Substrate/Glints2/dict_0002_0080.uasset" 5118
"../../../Engine/Content/EngineMaterials/Substrate/Glints2/dict_0007_0255.uasset" 5119
"../../../Engine/Content/EngineMaterials/Substrate/Glints2/dict_0002_0052.uasset" 5120
"../../../Engine/Content/EngineMaterials/Substrate/Glints2/dict_0002_0231.uasset" 5121
"../../../Engine/Content/EngineMaterials/Substrate/Glints2/dict_0005_0075.uasset" 5122
"../../../Engine/Content/EngineMaterials/Substrate/Glints2/dict_0000_0073.uasset" 5123
"C:/Users/zxxuh/AppData/Local/UnrealEngine/Common/DerivedDataCache/Buckets/BulkDataList/68/4a/1b0672e64c2dac306d17e27f52ff68694deb.udd" 5124
"../../../Engine/Content/EngineMaterials/Substrate/Glints2/dict_0002_0037.uasset" 5125
"C:/Users/zxxuh/AppData/Local/UnrealEngine/Common/DerivedDataCache/Buckets/BulkDataList/6c/d1/b3313d5e7df5c791df545b2c8ff62d3a2670.udd" 5126
"../../../Engine/Content/EngineMaterials/Substrate/Glints2/dict_0006_0056.uasset" 5127
"C:/Users/zxxuh/AppData/Local/UnrealEngine/Common/DerivedDataCache/Buckets/BulkDataList/ce/a9/5769f908ced3ad93d3816b8b18dfd3477539.udd" 5128
"../../../Engine/Content/EngineMaterials/Substrate/Glints2/dict_0001_0104.uasset" 5129
"C:/Users/zxxuh/AppData/Local/UnrealEngine/Common/DerivedDataCache/Buckets/BulkDataList/a5/2c/52a9550dcb50e21c9d11a70767687434d181.udd" 5130
"../../../Engine/Content/EngineMaterials/Substrate/Glints2/dict_0001_0033.uasset" 5131
"C:/Users/zxxuh/AppData/Local/UnrealEngine/Common/DerivedDataCache/Buckets/BulkDataList/42/95/ddf4d301d6aaea544cb29455cdf5701f5119.udd" 5132
"../../../Engine/Content/EngineMaterials/Substrate/Glints2/dict_0007_0227.uasset" 5133
"C:/Users/zxxuh/AppData/Local/UnrealEngine/Common/DerivedDataCache/Buckets/BulkDataList/2e/10/a04e5133a8158279010187d5855c44a3e4dd.udd" 5134
"../../../Engine/Content/EngineMaterials/Substrate/Glints2/dict_0006_0195.uasset" 5135
"C:/Users/zxxuh/AppData/Local/UnrealEngine/Common/DerivedDataCache/Buckets/BulkDataList/5a/58/ad739bdce67625dc1db83872d931af435a0a.udd" 5136
"../../../Engine/Content/EngineMaterials/Substrate/Glints2/dict_0005_0129.uasset" 5137
"C:/Users/zxxuh/AppData/Local/UnrealEngine/Common/DerivedDataCache/Buckets/BulkDataList/fc/c4/8e12c18e84b99edf66b38a02d126444278f4.udd" 5138
"../../../Engine/Content/EngineMaterials/Substrate/Glints2/dict_0006_0231.uasset" 5139
"C:/Users/zxxuh/AppData/Local/UnrealEngine/Common/DerivedDataCache/Buckets/BulkDataList/7a/e8/4aa6d3cffac55025e445036d30bd168df35f.udd" 5140
"C:/Users/zxxuh/AppData/Local/UnrealEngine/Common/DerivedDataCache/Buckets/BulkDataList/bc/18/ac7a10dbfce457115baf1f6d67f2aaa2f3cb.udd" 5141
"C:/Users/zxxuh/AppData/Local/UnrealEngine/Common/DerivedDataCache/Buckets/BulkDataList/39/78/016f696e09b9e58f084cde7e28d3e9efbdaf.udd" 5142
"C:/Users/zxxuh/AppData/Local/UnrealEngine/Common/DerivedDataCache/Buckets/BulkDataList/69/fb/10fde64e2d7291448339afa45e7069fb8954.udd" 5143
"C:/Users/zxxuh/AppData/Local/UnrealEngine/Common/DerivedDataCache/Buckets/BulkDataList/17/29/3f5da7d6f25e98427ebff70ccd203a83d294.udd" 5144
"C:/Users/zxxuh/AppData/Local/UnrealEngine/Common/DerivedDataCache/Buckets/BulkDataList/88/5f/fd3565ae2c4b1cd75862beb57edf66f21991.udd" 5145
"C:/Users/zxxuh/AppData/Local/UnrealEngine/Common/DerivedDataCache/Buckets/BulkDataList/fa/d2/63f7b6ce7ae726966260a0b26bd4d9062cb5.udd" 5146
"C:/Users/zxxuh/AppData/Local/UnrealEngine/Common/DerivedDataCache/Buckets/BulkDataList/06/ad/6fc2dddd8e0dab456f48cc1250dd9f424a3e.udd" 5147
"C:/Users/zxxuh/AppData/Local/UnrealEngine/Common/DerivedDataCache/Buckets/BulkDataList/88/d7/c88dc0528faa8122314991c0cbac202c3a02.udd" 5148
"C:/Users/zxxuh/AppData/Local/UnrealEngine/Common/DerivedDataCache/Buckets/BulkDataList/5b/7f/569b453b1645618df811c78ca0ebff6de021.udd" 5149
"C:/Users/zxxuh/AppData/Local/UnrealEngine/Common/DerivedDataCache/Buckets/BulkDataList/25/81/f6d68f7eb5c4a0f957f5dc00b1b0c0088562.udd" 5150
"C:/Users/zxxuh/AppData/Local/UnrealEngine/Common/DerivedDataCache/Buckets/BulkDataList/1d/54/b66d1d5005f1156340f4ef4c2dd589516116.udd" 5151
"C:/Users/zxxuh/AppData/Local/UnrealEngine/Common/DerivedDataCache/Buckets/BulkDataList/c0/98/7df5975f920ad475d3a046f39e0b06d53f41.udd" 5152
"C:/Users/zxxuh/AppData/Local/UnrealEngine/Common/DerivedDataCache/Buckets/BulkDataList/fd/74/2590121e585afb7b34d1de07263a116d693b.udd" 5153
"C:/Users/zxxuh/AppData/Local/UnrealEngine/Common/DerivedDataCache/Buckets/BulkDataList/2e/b0/4e390b511f26835b2fed326ea96673cd90d8.udd" 5154
"C:/Users/zxxuh/AppData/Local/UnrealEngine/Common/DerivedDataCache/Buckets/BulkDataList/f2/6c/a47a49bd92c488d56064fab2af6cedf31d77.udd" 5155
"C:/Users/zxxuh/AppData/Local/UnrealEngine/Common/DerivedDataCache/Buckets/BulkDataList/8b/43/8f13dc16b766af718d0659752a6b2da69a77.udd" 5156
"C:/Users/zxxuh/AppData/Local/UnrealEngine/Common/DerivedDataCache/Buckets/BulkDataList/86/7f/9288233545f386e0e33b8916547094943fdb.udd" 5157
"C:/Users/zxxuh/AppData/Local/UnrealEngine/Common/DerivedDataCache/Buckets/BulkDataList/d8/72/5d03ad930ae6e6d0eacb3a39ac3948ffd8a3.udd" 5158
"C:/Users/zxxuh/AppData/Local/UnrealEngine/Common/DerivedDataCache/Buckets/BulkDataList/5d/06/4c29c3c9dade4bfac51e6226ec5825047208.udd" 5159
"C:/Users/zxxuh/AppData/Local/UnrealEngine/Common/DerivedDataCache/Buckets/BulkDataList/ea/e1/6d6bccd5fe234e1371e63f093b43d5c8c728.udd" 5160
"C:/Users/zxxuh/AppData/Local/UnrealEngine/Common/DerivedDataCache/Buckets/BulkDataList/f9/5e/7215f69a532da38b93300950569c9e4c27ef.udd" 5161
"C:/Users/zxxuh/AppData/Local/UnrealEngine/Common/DerivedDataCache/Buckets/BulkDataList/ee/14/f1b6f5db5877155369617e10133425f9cc60.udd" 5162
"C:/Users/zxxuh/AppData/Local/UnrealEngine/Common/DerivedDataCache/Buckets/BulkDataList/f9/41/704e05f91bee837b7c35e3f858683ea0b121.udd" 5163
"../../../Engine/Content/EngineMaterials/Substrate/Glints2/dict_0003_0018.uasset" 5164
"../../../Engine/Content/EngineMaterials/Substrate/Glints2/dict_0007_0139.uasset" 5165
"../../../Engine/Content/EngineMaterials/Substrate/Glints2/dict_0006_0118.uasset" 5166
"../../../Engine/Content/EngineMaterials/Substrate/Glints2/dict_0000_0064.uasset" 5167
"../../../Engine/Content/EngineMaterials/Substrate/Glints2/dict_0000_0141.uasset" 5168
"../../../Engine/Content/EngineMaterials/Substrate/Glints2/dict_0001_0147.uasset" 5169
"../../../Engine/Content/EngineMaterials/Substrate/Glints2/dict_0000_0128.uasset" 5170
"../../../Engine/Content/EngineMaterials/Substrate/Glints2/dict_0004_0207.uasset" 5171
"../../../Engine/Content/EngineMaterials/Substrate/Glints2/dict_0004_0050.uasset" 5172
"../../../Engine/Content/EngineMaterials/Substrate/Glints2/dict_0004_0089.uasset" 5173
"../../../Engine/Content/EngineMaterials/Substrate/Glints2/dict_0006_0015.uasset" 5174
"../../../Engine/Content/EngineMaterials/Substrate/Glints2/dict_0001_0143.uasset" 5175
"../../../Engine/Content/EngineMaterials/Substrate/Glints2/dict_0002_0013.uasset" 5176
"../../../Engine/Content/EngineMaterials/Substrate/Glints2/dict_0003_0050.uasset" 5177
"../../../Engine/Content/EngineMaterials/Substrate/Glints2/dict_0002_0078.uasset" 5178
"../../../Engine/Content/EngineMaterials/Substrate/Glints2/dict_0001_0223.uasset" 5179
"../../../Engine/Content/EngineMaterials/Substrate/Glints2/dict_0007_0239.uasset" 5180
"../../../Engine/Content/EngineMaterials/Substrate/Glints2/dict_0005_0249.uasset" 5181
"../../../Engine/Content/EngineMaterials/Substrate/Glints2/dict_0003_0033.uasset" 5182
"../../../Engine/Content/EngineMaterials/Substrate/Glints2/dict_0002_0129.uasset" 5183
"../../../Engine/Content/EngineMaterials/Substrate/Glints2/dict_0004_0185.uasset" 5184
"../../../Engine/Content/EngineMaterials/Substrate/Glints2/dict_0002_0201.uasset" 5185
"../../../Engine/Content/EngineMaterials/Substrate/Glints2/dict_0003_0143.uasset" 5186
"../../../Engine/Content/EngineMaterials/Substrate/Glints2/dict_0001_0043.uasset" 5187
"C:/Users/zxxuh/AppData/Local/UnrealEngine/Common/DerivedDataCache/Buckets/BulkDataList/b3/b2/f236bb23c07f31caa7bc5b1df8b6134816a3.udd" 5188
"../../../Engine/Content/EngineMaterials/Substrate/Glints2/dict_0004_0255.uasset" 5189
"C:/Users/zxxuh/AppData/Local/UnrealEngine/Common/DerivedDataCache/Buckets/BulkDataList/46/d2/d7083c0a23a1bb0817c7724e22b72af4e59a.udd" 5190
"../../../Engine/Content/EngineMaterials/Substrate/Glints2/dict_0005_0137.uasset" 5191
"C:/Users/zxxuh/AppData/Local/UnrealEngine/Common/DerivedDataCache/Buckets/BulkDataList/2b/35/a1676e5a10a7460933c2023c9710c1307de3.udd" 5192
"../../../Engine/Content/EngineMaterials/Substrate/Glints2/dict_0007_0219.uasset" 5193
"C:/Users/zxxuh/AppData/Local/UnrealEngine/Common/DerivedDataCache/Buckets/BulkDataList/84/cf/9a8d3353036916787ae5703253454b1af32e.udd" 5194
"../../../Engine/Content/EngineMaterials/Substrate/Glints2/dict_0005_0154.uasset" 5195
"C:/Users/zxxuh/AppData/Local/UnrealEngine/Common/DerivedDataCache/Buckets/BulkDataList/9d/74/e67b2a76ea0a799f9f0ffd1ade3e1db03c5b.udd" 5196
"../../../Engine/Content/EngineMaterials/Substrate/Glints2/dict_0004_0173.uasset" 5197
"C:/Users/zxxuh/AppData/Local/UnrealEngine/Common/DerivedDataCache/Buckets/BulkDataList/94/d4/aa1cf5169fba914984af2f9ca97fc401637d.udd" 5198
"../../../Engine/Content/EngineMaterials/Substrate/Glints2/dict_0005_0190.uasset" 5199
"C:/Users/zxxuh/AppData/Local/UnrealEngine/Common/DerivedDataCache/Buckets/BulkDataList/b6/fa/d475b715caf7b7690ead3493847b32161013.udd" 5200
"../../../Engine/Content/EngineMaterials/Substrate/Glints2/dict_0000_0070.uasset" 5201
"C:/Users/zxxuh/AppData/Local/UnrealEngine/Common/DerivedDataCache/Buckets/BulkDataList/b0/d3/3cf58dbe178b8015ed58159ba7861d56c066.udd" 5202
"../../../Engine/Content/EngineMaterials/Substrate/Glints2/dict_0001_0144.uasset" 5203
"C:/Users/zxxuh/AppData/Local/UnrealEngine/Common/DerivedDataCache/Buckets/BulkDataList/c8/7b/e158cecadf31dd056f32682568264979327e.udd" 5204
"C:/Users/zxxuh/AppData/Local/UnrealEngine/Common/DerivedDataCache/Buckets/BulkDataList/8a/71/5fcd3c95544b57230be4bf1a07fbdb3b4c5d.udd" 5205
"C:/Users/zxxuh/AppData/Local/UnrealEngine/Common/DerivedDataCache/Buckets/BulkDataList/b3/f5/c3bce26aaf52892c6da2db4c9a83bbf3ce9c.udd" 5206
"C:/Users/zxxuh/AppData/Local/UnrealEngine/Common/DerivedDataCache/Buckets/BulkDataList/bf/36/d883dfc812292b048c1f005ed7d3c843a68e.udd" 5207
"C:/Users/zxxuh/AppData/Local/UnrealEngine/Common/DerivedDataCache/Buckets/BulkDataList/9a/f6/407a816fee21b945d860218ae9d6cc28d07b.udd" 5208
"C:/Users/zxxuh/AppData/Local/UnrealEngine/Common/DerivedDataCache/Buckets/BulkDataList/28/2a/3c75aedb3d45b6e52cfb060bda27d8c327ff.udd" 5209
"C:/Users/zxxuh/AppData/Local/UnrealEngine/Common/DerivedDataCache/Buckets/BulkDataList/8e/b4/07961222f377cf646fec902dea838238b271.udd" 5210
"C:/Users/zxxuh/AppData/Local/UnrealEngine/Common/DerivedDataCache/Buckets/BulkDataList/93/9c/4b58f4f3a5a21438ea9c7fe31491625f8da3.udd" 5211
"C:/Users/zxxuh/AppData/Local/UnrealEngine/Common/DerivedDataCache/Buckets/BulkDataList/98/a3/3805ee7135aed769dff22f29d72815a1aad5.udd" 5212
"C:/Users/zxxuh/AppData/Local/UnrealEngine/Common/DerivedDataCache/Buckets/BulkDataList/22/17/01e677917b4f108e374749273e5966190c72.udd" 5213
"C:/Users/zxxuh/AppData/Local/UnrealEngine/Common/DerivedDataCache/Buckets/BulkDataList/ab/44/388cf1b3c2617c7dd31bdd0a042eae5f8633.udd" 5214
"C:/Users/zxxuh/AppData/Local/UnrealEngine/Common/DerivedDataCache/Buckets/BulkDataList/3c/df/b7a8c48567dc5d179ded382c52672dc76951.udd" 5215
"C:/Users/zxxuh/AppData/Local/UnrealEngine/Common/DerivedDataCache/Buckets/BulkDataList/4d/7e/ec51f47c833a919a5cd217beba2c6910385e.udd" 5216
"C:/Users/zxxuh/AppData/Local/UnrealEngine/Common/DerivedDataCache/Buckets/BulkDataList/70/9c/5dfc748b31e23a4a0064270cd33abe4506eb.udd" 5217
"C:/Users/zxxuh/AppData/Local/UnrealEngine/Common/DerivedDataCache/Buckets/BulkDataList/33/4c/c8cecf90b84f7cf523e885810f6b2403c84f.udd" 5218
"C:/Users/zxxuh/AppData/Local/UnrealEngine/Common/DerivedDataCache/Buckets/BulkDataList/9f/be/13d95017141c0250ae9f162d577147abccac.udd" 5219
"C:/Users/zxxuh/AppData/Local/UnrealEngine/Common/DerivedDataCache/Buckets/BulkDataList/7d/9c/a12bdfc2c05b18f2594806b6719931005904.udd" 5220
"C:/Users/zxxuh/AppData/Local/UnrealEngine/Common/DerivedDataCache/Buckets/BulkDataList/3e/10/fae83b358bd638fd927c662eb92d7805f2de.udd" 5221
"C:/Users/zxxuh/AppData/Local/UnrealEngine/Common/DerivedDataCache/Buckets/BulkDataList/68/55/9869591ed083c07b3a275a5ba3baa70040c5.udd" 5222
"C:/Users/zxxuh/AppData/Local/UnrealEngine/Common/DerivedDataCache/Buckets/BulkDataList/58/e8/459651070970096a38d6b867f329a51c8f7b.udd" 5223
"C:/Users/zxxuh/AppData/Local/UnrealEngine/Common/DerivedDataCache/Buckets/BulkDataList/98/00/7f596b0d9b2901a7c2b95ce0e6d8661d5468.udd" 5224
"C:/Users/zxxuh/AppData/Local/UnrealEngine/Common/DerivedDataCache/Buckets/BulkDataList/6a/ff/a58a94496ccbf6294224c65c6bdd51a598d0.udd" 5225
"C:/Users/zxxuh/AppData/Local/UnrealEngine/Common/DerivedDataCache/Buckets/BulkDataList/87/dd/e296d88f93e84b5502a8fe812b815f7ce3df.udd" 5226
"C:/Users/zxxuh/AppData/Local/UnrealEngine/Common/DerivedDataCache/Buckets/BulkDataList/90/0e/296ad77710052cf9da3edfaf5ea7905d1d23.udd" 5227
"../../../Engine/Content/EngineMaterials/Substrate/Glints2/dict_0006_0146.uasset" 5228
"../../../Engine/Content/EngineMaterials/Substrate/Glints2/dict_0005_0247.uasset" 5229
"../../../Engine/Content/EngineMaterials/Substrate/Glints2/dict_0000_0094.uasset" 5230
"../../../Engine/Content/EngineMaterials/Substrate/Glints2/dict_0000_0163.uasset" 5231
"../../../Engine/Content/EngineMaterials/Substrate/Glints2/dict_0005_0000.uasset" 5232
"../../../Engine/Content/EngineMaterials/Substrate/Glints2/dict_0004_0194.uasset" 5233
"../../../Engine/Content/EngineMaterials/Substrate/Glints2/dict_0004_0112.uasset" 5234
"../../../Engine/Content/EngineMaterials/Substrate/Glints2/dict_0000_0176.uasset" 5235
"../../../Engine/Content/EngineMaterials/Substrate/Glints2/dict_0003_0010.uasset" 5236
"../../../Engine/Content/EngineMaterials/Substrate/Glints2/dict_0000_0078.uasset" 5237
"../../../Engine/Content/EngineMaterials/Substrate/Glints2/dict_0002_0112.uasset" 5238
"../../../Engine/Content/EngineMaterials/Substrate/Glints2/dict_0007_0170.uasset" 5239
"../../../Engine/Content/EngineMaterials/Substrate/Glints2/dict_0002_0176.uasset" 5240
"../../../Engine/Content/EngineMaterials/Substrate/Glints2/dict_0007_0039.uasset" 5241
"../../../Engine/Content/EngineMaterials/Substrate/Glints2/dict_0001_0229.uasset" 5242
"../../../Engine/Content/EngineMaterials/Substrate/Glints2/dict_0004_0072.uasset" 5243
"../../../Engine/Content/EngineMaterials/Substrate/Glints2/dict_0005_0187.uasset" 5244
"../../../Engine/Content/EngineMaterials/Substrate/Glints2/dict_0001_0026.uasset" 5245
"../../../Engine/Content/EngineMaterials/Substrate/Glints2/dict_0007_0242.uasset" 5246
"../../../Engine/Content/EngineMaterials/Substrate/Glints2/dict_0005_0162.uasset" 5247
"../../../Engine/Content/EngineMaterials/Substrate/Glints2/dict_0003_0000.uasset" 5248
"../../../Engine/Content/EngineMaterials/Substrate/Glints2/dict_0004_0149.uasset" 5249
"../../../Engine/Content/EngineMaterials/Substrate/Glints2/dict_0003_0187.uasset" 5250
"../../../Engine/Content/EngineMaterials/Substrate/Glints2/dict_0005_0218.uasset" 5251
"C:/Users/zxxuh/AppData/Local/UnrealEngine/Common/DerivedDataCache/Buckets/BulkDataList/e5/30/b659062534fcf1b8a555c51880c5fa71f838.udd" 5252
"../../../Engine/Content/EngineMaterials/Substrate/Glints2/dict_0001_0008.uasset" 5253
"C:/Users/zxxuh/AppData/Local/UnrealEngine/Common/DerivedDataCache/Buckets/BulkDataList/3c/52/b0d4203c82b8c683cb78d5c0080fa629db93.udd" 5254
"../../../Engine/Content/EngineMaterials/Substrate/Glints2/dict_0007_0189.uasset" 5255
"C:/Users/zxxuh/AppData/Local/UnrealEngine/Common/DerivedDataCache/Buckets/BulkDataList/a1/05/a97813ab41ce90c53ba6192e8a8f22d3014e.udd" 5256
"../../../Engine/Content/EngineMaterials/Substrate/Glints2/dict_0007_0214.uasset" 5257
"C:/Users/zxxuh/AppData/Local/UnrealEngine/Common/DerivedDataCache/Buckets/BulkDataList/cb/d5/f2153489c9bf3ee4fe75dd78b8285b668beb.udd" 5258
"../../../Engine/Content/EngineMaterials/Substrate/Glints2/dict_0005_0119.uasset" 5259
"C:/Users/zxxuh/AppData/Local/UnrealEngine/Common/DerivedDataCache/Buckets/BulkDataList/15/99/1fd263650f2906c38885b7c68152d587353e.udd" 5260
"../../../Engine/Content/EngineMaterials/Substrate/Glints2/dict_0003_0008.uasset" 5261
"C:/Users/zxxuh/AppData/Local/UnrealEngine/Common/DerivedDataCache/Buckets/BulkDataList/76/cf/65158428e30346e69e570a756fd9145d33da.udd" 5262
"../../../Engine/Content/EngineMaterials/Substrate/Glints2/dict_0007_0180.uasset" 5263
"C:/Users/zxxuh/AppData/Local/UnrealEngine/Common/DerivedDataCache/Buckets/BulkDataList/a5/7c/15eae336fe317ac114590d8108c1b7e7dc25.udd" 5264
"../../../Engine/Content/EngineMaterials/Substrate/Glints2/dict_0006_0000.uasset" 5265
"C:/Users/zxxuh/AppData/Local/UnrealEngine/Common/DerivedDataCache/Buckets/BulkDataList/56/9d/48089c64d9a814d761ec1d07e7fa314cf290.udd" 5266
"../../../Engine/Content/EngineMaterials/Substrate/Glints2/dict_0004_0148.uasset" 5267
"C:/Users/zxxuh/AppData/Local/UnrealEngine/Common/DerivedDataCache/Buckets/BulkDataList/22/ed/e23fe964e41cc60264c625ac960f35adc3e2.udd" 5268
"C:/Users/zxxuh/AppData/Local/UnrealEngine/Common/DerivedDataCache/Buckets/BulkDataList/d1/43/3a6354776ccd0bf6c4ef55d79cb690c8c389.udd" 5269
"C:/Users/zxxuh/AppData/Local/UnrealEngine/Common/DerivedDataCache/Buckets/BulkDataList/c6/c5/ebb15aa9d68b9d15e989554c247d2e244084.udd" 5270
"C:/Users/zxxuh/AppData/Local/UnrealEngine/Common/DerivedDataCache/Buckets/BulkDataList/b0/24/abd5b2e8c503d598b4108e9d67ab6a762f13.udd" 5271
"C:/Users/zxxuh/AppData/Local/UnrealEngine/Common/DerivedDataCache/Buckets/BulkDataList/3b/b8/276b7a5e4d66188f7ec2b93d60118a2492ac.udd" 5272
"C:/Users/zxxuh/AppData/Local/UnrealEngine/Common/DerivedDataCache/Buckets/BulkDataList/99/39/37dfd9cfde5f748a0f8839bc57a276ca7bfe.udd" 5273
"C:/Users/zxxuh/AppData/Local/UnrealEngine/Common/DerivedDataCache/Buckets/BulkDataList/45/1b/01ca3cb7d5333f39729b308f9d2f68943cad.udd" 5274
"C:/Users/zxxuh/AppData/Local/UnrealEngine/Common/DerivedDataCache/Buckets/BulkDataList/46/0b/e78965e987a12296ed680789a72c5add04eb.udd" 5275
"C:/Users/zxxuh/AppData/Local/UnrealEngine/Common/DerivedDataCache/Buckets/BulkDataList/ac/c8/6744655f1aa5307dec3e12997dd4db4f1f8d.udd" 5276
"C:/Users/zxxuh/AppData/Local/UnrealEngine/Common/DerivedDataCache/Buckets/BulkDataList/a4/0e/f0f540addef3a99ccdfc59c632bc45059636.udd" 5277
"C:/Users/zxxuh/AppData/Local/UnrealEngine/Common/DerivedDataCache/Buckets/BulkDataList/a3/cc/065fb87c38b351e05646129f60d43d56ca59.udd" 5278
"C:/Users/zxxuh/AppData/Local/UnrealEngine/Common/DerivedDataCache/Buckets/BulkDataList/af/9b/4d4d573b8e6c0a37c8a59e48835a94eebd20.udd" 5279
"C:/Users/zxxuh/AppData/Local/UnrealEngine/Common/DerivedDataCache/Buckets/BulkDataList/fd/06/6a160047ff831aa2e4b470a50c8fc3f650e9.udd" 5280
"C:/Users/zxxuh/AppData/Local/UnrealEngine/Common/DerivedDataCache/Buckets/BulkDataList/2d/ef/cb4ccce8ad6e49e678e2f1bbc59b3ce3de25.udd" 5281
"C:/Users/zxxuh/AppData/Local/UnrealEngine/Common/DerivedDataCache/Buckets/BulkDataList/34/6f/5af6c21c0b85cae9ba62e6ce7740ff1b3c22.udd" 5282
"C:/Users/zxxuh/AppData/Local/UnrealEngine/Common/DerivedDataCache/Buckets/BulkDataList/ae/66/3063af7c6365a21bf92c630d907f66dc4f39.udd" 5283
"C:/Users/zxxuh/AppData/Local/UnrealEngine/Common/DerivedDataCache/Buckets/BulkDataList/ab/d2/8f408f78797416e9f45a8c0fe31c3012214b.udd" 5284
"C:/Users/zxxuh/AppData/Local/UnrealEngine/Common/DerivedDataCache/Buckets/BulkDataList/63/49/e954b87c976443b343fa9025a8feb27e1b51.udd" 5285
"C:/Users/zxxuh/AppData/Local/UnrealEngine/Common/DerivedDataCache/Buckets/BulkDataList/21/73/3b0706fdcd5296ffd4f8ea60223b936fa3eb.udd" 5286
"C:/Users/zxxuh/AppData/Local/UnrealEngine/Common/DerivedDataCache/Buckets/BulkDataList/b4/32/9eec7f9c1960890e7c3eaa3366aa81afea4d.udd" 5287
"C:/Users/zxxuh/AppData/Local/UnrealEngine/Common/DerivedDataCache/Buckets/BulkDataList/45/cd/b889cb1837430d3c8435c1a91a5faca6709e.udd" 5288
"C:/Users/zxxuh/AppData/Local/UnrealEngine/Common/DerivedDataCache/Buckets/BulkDataList/40/43/4b7ad82040a74bd3a70304d2514db67c3a77.udd" 5289
"C:/Users/zxxuh/AppData/Local/UnrealEngine/Common/DerivedDataCache/Buckets/BulkDataList/26/61/11c28d5c7b5a3b8b7348b32dfa1ad323806a.udd" 5290
"C:/Users/zxxuh/AppData/Local/UnrealEngine/Common/DerivedDataCache/Buckets/BulkDataList/b9/6e/3e35ff3f3e927af7229298a56900a1e13e49.udd" 5291
"../../../Engine/Content/EngineMaterials/Substrate/Glints2/dict_0001_0134.uasset" 5292
"../../../Engine/Content/EngineMaterials/Substrate/Glints2/dict_0002_0163.uasset" 5293
"../../../Engine/Content/EngineMaterials/Substrate/Glints2/dict_0001_0067.uasset" 5294
"../../../Engine/Content/EngineMaterials/Substrate/Glints2/dict_0000_0224.uasset" 5295
"../../../Engine/Content/EngineMaterials/Substrate/Glints2/dict_0005_0194.uasset" 5296
"../../../Engine/Content/EngineMaterials/Substrate/Glints2/dict_0005_0006.uasset" 5297
"../../../Engine/Content/EngineMaterials/Substrate/Glints2/dict_0005_0141.uasset" 5298
"../../../Engine/Content/EngineMaterials/Substrate/Glints2/dict_0001_0193.uasset" 5299
"../../../Engine/Content/EngineMaterials/Substrate/Glints2/dict_0001_0215.uasset" 5300
"../../../Engine/Content/EngineMaterials/Substrate/Glints2/dict_0003_0029.uasset" 5301
"../../../Engine/Content/EngineMaterials/Substrate/Glints2/dict_0001_0196.uasset" 5302
"../../../Engine/Content/EngineMaterials/Substrate/Glints2/dict_0005_0091.uasset" 5303
"../../../Engine/Content/EngineMaterials/Substrate/Glints2/dict_0000_0248.uasset" 5304
"../../../Engine/Content/EngineMaterials/Substrate/Glints2/dict_0000_0068.uasset" 5305
"../../../Engine/Content/EngineMaterials/Substrate/Glints2/dict_0001_0238.uasset" 5306
"../../../Engine/Content/EngineMaterials/Substrate/Glints2/dict_0001_0094.uasset" 5307
"../../../Engine/Content/EngineMaterials/Substrate/Glints2/dict_0007_0193.uasset" 5308
"../../../Engine/Content/EngineMaterials/Substrate/Glints2/dict_0003_0170.uasset" 5309
"../../../Engine/Content/EngineMaterials/Substrate/Glints2/dict_0006_0016.uasset" 5310
"../../../Engine/Content/EngineMaterials/Substrate/Glints2/dict_0002_0053.uasset" 5311
"../../../Engine/Content/EngineMaterials/Substrate/Glints2/dict_0005_0242.uasset" 5312
"../../../Engine/Content/EngineMaterials/Substrate/Glints2/dict_0004_0252.uasset" 5313
"../../../Engine/Content/EngineMaterials/Substrate/Glints2/dict_0002_0228.uasset" 5314
"../../../Engine/Content/EngineMaterials/Substrate/Glints2/dict_0004_0123.uasset" 5315
"C:/Users/zxxuh/AppData/Local/UnrealEngine/Common/DerivedDataCache/Buckets/BulkDataList/d9/8d/a6baaf9c1d77f6f427cc61023d6e5f2c31e7.udd" 5316
"../../../Engine/Content/EngineMaterials/Substrate/Glints2/dict_0002_0023.uasset" 5317
"C:/Users/zxxuh/AppData/Local/UnrealEngine/Common/DerivedDataCache/Buckets/BulkDataList/3c/4c/2eab96b4eee333497d31717d146d4b2feaf8.udd" 5318
"../../../Engine/Content/EngineMaterials/Substrate/Glints2/dict_0000_0006.uasset" 5319
"C:/Users/zxxuh/AppData/Local/UnrealEngine/Common/DerivedDataCache/Buckets/BulkDataList/c8/1d/4a24cf2a097dc7efb8739b28387a839aac8e.udd" 5320
"../../../Engine/Content/EngineMaterials/Substrate/Glints2/dict_0006_0092.uasset" 5321
"C:/Users/zxxuh/AppData/Local/UnrealEngine/Common/DerivedDataCache/Buckets/BulkDataList/20/bf/1d6c4937fc592ae02e370226853160c860bd.udd" 5322
"../../../Engine/Content/EngineMaterials/Substrate/Glints2/dict_0006_0024.uasset" 5323
"C:/Users/zxxuh/AppData/Local/UnrealEngine/Common/DerivedDataCache/Buckets/BulkDataList/92/b8/debbef901a183f7d84131903715617b34c59.udd" 5324
"../../../Engine/Content/EngineMaterials/Substrate/Glints2/dict_0004_0225.uasset" 5325
"C:/Users/zxxuh/AppData/Local/UnrealEngine/Common/DerivedDataCache/Buckets/BulkDataList/2b/01/618103d1a1f0656bfa5499b57733f01e5726.udd" 5326
"../../../Engine/Content/EngineMaterials/Substrate/Glints2/dict_0004_0021.uasset" 5327
"C:/Users/zxxuh/AppData/Local/UnrealEngine/Common/DerivedDataCache/Buckets/BulkDataList/51/03/81534e5f2f2c3e9960344b1a385abca08387.udd" 5328
"../../../Engine/Content/EngineMaterials/Substrate/Glints2/dict_0002_0216.uasset" 5329
"C:/Users/zxxuh/AppData/Local/UnrealEngine/Common/DerivedDataCache/Buckets/BulkDataList/7f/a6/ccf9767130efd1da6403d3c1b65e5165334e.udd" 5330
"../../../Engine/Content/EngineMaterials/Substrate/Glints2/dict_0002_0016.uasset" 5331
"C:/Users/zxxuh/AppData/Local/UnrealEngine/Common/DerivedDataCache/Buckets/BulkDataList/0d/c7/4a4786d2e6221b225cefe040e5212e28d040.udd" 5332
"C:/Users/zxxuh/AppData/Local/UnrealEngine/Common/DerivedDataCache/Buckets/BulkDataList/06/73/05e2ee91a98a217d343f7832704eaf6338ce.udd" 5333
"C:/Users/zxxuh/AppData/Local/UnrealEngine/Common/DerivedDataCache/Buckets/BulkDataList/2f/8e/0eaf620a0205f822833c3a7dda96149fe0e7.udd" 5334
"C:/Users/zxxuh/AppData/Local/UnrealEngine/Common/DerivedDataCache/Buckets/BulkDataList/9f/d4/2736f2c04105e8f25b6b4568134404e40ae9.udd" 5335
"C:/Users/zxxuh/AppData/Local/UnrealEngine/Common/DerivedDataCache/Buckets/BulkDataList/cf/97/8cbe201911860867bf1c296bd97b021b0bf8.udd" 5336
"C:/Users/zxxuh/AppData/Local/UnrealEngine/Common/DerivedDataCache/Buckets/BulkDataList/96/f3/84690923f97a35219d9a1ae4802cb90dc9d2.udd" 5337
"C:/Users/zxxuh/AppData/Local/UnrealEngine/Common/DerivedDataCache/Buckets/BulkDataList/91/f7/e36f1f34355f1db029155e64be54684fcff3.udd" 5338
"C:/Users/zxxuh/AppData/Local/UnrealEngine/Common/DerivedDataCache/Buckets/BulkDataList/4e/18/43348a78e90a010c04fa686ef4e7db681be1.udd" 5339
"C:/Users/zxxuh/AppData/Local/UnrealEngine/Common/DerivedDataCache/Buckets/BulkDataList/e0/20/4b884149f007015c44938f834c0cdded0f92.udd" 5340
"C:/Users/zxxuh/AppData/Local/UnrealEngine/Common/DerivedDataCache/Buckets/BulkDataList/0e/d3/b941ac8df942d3a63ef10b9b7879e03b574b.udd" 5341
"C:/Users/zxxuh/AppData/Local/UnrealEngine/Common/DerivedDataCache/Buckets/BulkDataList/67/55/2b8cf373ca06e048e21f19218cc74ae4c4a5.udd" 5342
"C:/Users/zxxuh/AppData/Local/UnrealEngine/Common/DerivedDataCache/Buckets/BulkDataList/f1/f4/7f83b69a439068c83d30e7f10033eee6d661.udd" 5343
"C:/Users/zxxuh/AppData/Local/UnrealEngine/Common/DerivedDataCache/Buckets/BulkDataList/99/29/6b59f2527d95a82b95dbd801e14b6972a26e.udd" 5344
"C:/Users/zxxuh/AppData/Local/UnrealEngine/Common/DerivedDataCache/Buckets/BulkDataList/66/9b/490de1824fbeeccfb39df87029d421331242.udd" 5345
"C:/Users/zxxuh/AppData/Local/UnrealEngine/Common/DerivedDataCache/Buckets/BulkDataList/a6/8e/3943ea73d16a8de79274d478f6226e25149f.udd" 5346
"C:/Users/zxxuh/AppData/Local/UnrealEngine/Common/DerivedDataCache/Buckets/BulkDataList/d6/65/1c44c45eb9c8a313bd47270abbcc8c6c50b4.udd" 5347
"C:/Users/zxxuh/AppData/Local/UnrealEngine/Common/DerivedDataCache/Buckets/BulkDataList/c5/be/751061005eade5585ddf5b5c82a7dcb55fb2.udd" 5348
"C:/Users/zxxuh/AppData/Local/UnrealEngine/Common/DerivedDataCache/Buckets/BulkDataList/e4/be/6377cff4047b5418f74a9f367ff7285ef0b6.udd" 5349
"C:/Users/zxxuh/AppData/Local/UnrealEngine/Common/DerivedDataCache/Buckets/BulkDataList/4f/63/60a51734f55766438bc38ec0894771d02b59.udd" 5350
"C:/Users/zxxuh/AppData/Local/UnrealEngine/Common/DerivedDataCache/Buckets/BulkDataList/32/56/5734afc6152d516e74d0798995ccdb4ab925.udd" 5351
"C:/Users/zxxuh/AppData/Local/UnrealEngine/Common/DerivedDataCache/Buckets/BulkDataList/b4/70/ac0c292d2a1d15960b3afdfec570d5d23b01.udd" 5352
"C:/Users/zxxuh/AppData/Local/UnrealEngine/Common/DerivedDataCache/Buckets/BulkDataList/87/84/e71af2d41e5bb1de522a1cf6af2dd5f206fb.udd" 5353
"C:/Users/zxxuh/AppData/Local/UnrealEngine/Common/DerivedDataCache/Buckets/BulkDataList/95/93/14be19cf8a7963a8bd3b9ce6ee285901da2e.udd" 5354
"C:/Users/zxxuh/AppData/Local/UnrealEngine/Common/DerivedDataCache/Buckets/BulkDataList/0b/02/428fe6492bd8c3bb24714e84898187a22b95.udd" 5355
"../../../Engine/Content/EngineMaterials/Substrate/Glints2/dict_0002_0028.uasset" 5356
"../../../Engine/Content/EngineMaterials/Substrate/Glints2/dict_0004_0097.uasset" 5357
"../../../Engine/Content/EngineMaterials/Substrate/Glints2/dict_0002_0010.uasset" 5358
"../../../Engine/Content/EngineMaterials/Substrate/Glints2/dict_0005_0041.uasset" 5359
"../../../Engine/Content/EngineMaterials/Substrate/Glints2/dict_0006_0034.uasset" 5360
"../../../Engine/Content/EngineMaterials/Substrate/Glints2/dict_0003_0236.uasset" 5361
"../../../Engine/Content/EngineMaterials/Substrate/Glints2/dict_0003_0112.uasset" 5362
"../../../Engine/Content/EngineMaterials/Substrate/Glints2/dict_0000_0131.uasset" 5363
"../../../Engine/Content/EngineMaterials/Substrate/Glints2/dict_0003_0228.uasset" 5364
"../../../Engine/Content/EngineMaterials/Substrate/Glints2/dict_0000_0250.uasset" 5365
"../../../Engine/Content/EngineMaterials/Substrate/Glints2/dict_0001_0049.uasset" 5366
"../../../Engine/Content/EngineMaterials/Substrate/Glints2/dict_0004_0033.uasset" 5367
"../../../Engine/Content/EngineMaterials/Substrate/Glints2/dict_0002_0056.uasset" 5368
"../../../Engine/Content/EngineMaterials/Substrate/Glints2/dict_0000_0012.uasset" 5369
"../../../Engine/Content/EngineMaterials/Substrate/Glints2/dict_0005_0081.uasset" 5370
"../../../Engine/Content/EngineMaterials/Substrate/Glints2/dict_0007_0051.uasset" 5371
"../../../Engine/Content/EngineMaterials/Substrate/Glints2/dict_0003_0194.uasset" 5372
"../../../Engine/Content/EngineMaterials/Substrate/Glints2/dict_0005_0032.uasset" 5373
"../../../Engine/Content/EngineMaterials/Substrate/Glints2/dict_0002_0227.uasset" 5374
"../../../Engine/Content/EngineMaterials/Substrate/Glints2/dict_0000_0206.uasset" 5375
"../../../Engine/Content/EngineMaterials/Substrate/Glints2/dict_0001_0205.uasset" 5376
"../../../Engine/Content/EngineMaterials/Substrate/Glints2/dict_0001_0236.uasset" 5377
"../../../Engine/Content/EngineMaterials/Substrate/Glints2/dict_0003_0209.uasset" 5378
"../../../Engine/Content/EngineMaterials/Substrate/Glints2/dict_0001_0061.uasset" 5379
"C:/Users/zxxuh/AppData/Local/UnrealEngine/Common/DerivedDataCache/Buckets/BulkDataList/cc/4a/0f0f0f0f42811f1a9f144832c14f977ac095.udd" 5380
"../../../Engine/Content/EngineMaterials/Substrate/Glints2/dict_0000_0245.uasset" 5381
"C:/Users/zxxuh/AppData/Local/UnrealEngine/Common/DerivedDataCache/Buckets/BulkDataList/77/d8/d71c6c7f480b7a865a62020c634c572a1cb0.udd" 5382
"../../../Engine/Content/EngineMaterials/Substrate/Glints2/dict_0000_0071.uasset" 5383
"C:/Users/zxxuh/AppData/Local/UnrealEngine/Common/DerivedDataCache/Buckets/BulkDataList/d1/83/a3eae0b2c9994fcc6658adf70f114f3160ac.udd" 5384
"../../../Engine/Content/EngineMaterials/Substrate/Glints2/dict_0007_0188.uasset" 5385
"C:/Users/zxxuh/AppData/Local/UnrealEngine/Common/DerivedDataCache/Buckets/BulkDataList/79/a2/8c760225192b665cc4c294ba40b9d42dfde7.udd" 5386
"../../../Engine/Content/EngineMaterials/Substrate/Glints2/dict_0007_0167.uasset" 5387
"C:/Users/zxxuh/AppData/Local/UnrealEngine/Common/DerivedDataCache/Buckets/BulkDataList/60/5b/2d69ee41c75739aa785030a014b95f45aca1.udd" 5388
"../../../Engine/Content/EngineMaterials/Substrate/Glints2/dict_0005_0098.uasset" 5389
"C:/Users/zxxuh/AppData/Local/UnrealEngine/Common/DerivedDataCache/Buckets/BulkDataList/46/01/8b4e8e900ad9ef2b819f5b942d792c89a2cc.udd" 5390
"../../../Engine/Content/EngineMaterials/Substrate/Glints2/dict_0005_0233.uasset" 5391
"C:/Users/zxxuh/AppData/Local/UnrealEngine/Common/DerivedDataCache/Buckets/BulkDataList/3d/81/b3ba545815d476a36d9f242f4e88fd87824d.udd" 5392
"../../../Engine/Content/EngineMaterials/Substrate/Glints2/dict_0006_0255.uasset" 5393
"C:/Users/zxxuh/AppData/Local/UnrealEngine/Common/DerivedDataCache/Buckets/BulkDataList/20/57/b1b85eb1ccb6979cf9e560193cdfd0570e26.udd" 5394
"../../../Engine/Content/EngineMaterials/Substrate/Glints2/dict_0005_0181.uasset" 5395
"C:/Users/zxxuh/AppData/Local/UnrealEngine/Common/DerivedDataCache/Buckets/BulkDataList/7a/c2/5378f648d5bae7ec0f99ae870524df830da6.udd" 5396
"C:/Users/zxxuh/AppData/Local/UnrealEngine/Common/DerivedDataCache/Buckets/BulkDataList/7c/f0/8ec04a50cceea9460ec1275cca4a5b54c53b.udd" 5397
"C:/Users/zxxuh/AppData/Local/UnrealEngine/Common/DerivedDataCache/Buckets/BulkDataList/00/8c/ce3de02aff6f27547f80c0118852c8447aee.udd" 5398
"C:/Users/zxxuh/AppData/Local/UnrealEngine/Common/DerivedDataCache/Buckets/BulkDataList/86/d6/a0acc29a1c61fc67b8c8c954e323b9eedb35.udd" 5399
"C:/Users/zxxuh/AppData/Local/UnrealEngine/Common/DerivedDataCache/Buckets/BulkDataList/4a/2d/2d05bc78a756a05a57b6e8eb831e6b694d58.udd" 5400
"C:/Users/zxxuh/AppData/Local/UnrealEngine/Common/DerivedDataCache/Buckets/BulkDataList/60/a8/3557578fbbaf18b1b6a03d05671caa30f1dc.udd" 5401
"C:/Users/zxxuh/AppData/Local/UnrealEngine/Common/DerivedDataCache/Buckets/BulkDataList/7b/66/00bc07eb07d34f0479db859163bfd65e86e8.udd" 5402
"C:/Users/zxxuh/AppData/Local/UnrealEngine/Common/DerivedDataCache/Buckets/BulkDataList/81/bb/c08e936d16d7fb60ff309dd016ebf07339d4.udd" 5403
"C:/Users/zxxuh/AppData/Local/UnrealEngine/Common/DerivedDataCache/Buckets/BulkDataList/97/97/22a083c0a02445eaa4d70a1b9abe11633a6d.udd" 5404
"C:/Users/zxxuh/AppData/Local/UnrealEngine/Common/DerivedDataCache/Buckets/BulkDataList/31/d9/a5ffbcf00287ace4e6bf06b78f30753ba87d.udd" 5405
"C:/Users/zxxuh/AppData/Local/UnrealEngine/Common/DerivedDataCache/Buckets/BulkDataList/b1/24/db240d8a602a98416a9e3157aa700c038e4b.udd" 5406
"C:/Users/zxxuh/AppData/Local/UnrealEngine/Common/DerivedDataCache/Buckets/BulkDataList/fa/c2/11273959b4131f71b44bc4172c58b5e9fd51.udd" 5407
"C:/Users/zxxuh/AppData/Local/UnrealEngine/Common/DerivedDataCache/Buckets/BulkDataList/46/b9/34225cc0e60f5ec028bbc4805051678c729e.udd" 5408
"C:/Users/zxxuh/AppData/Local/UnrealEngine/Common/DerivedDataCache/Buckets/BulkDataList/55/6a/2dcf49f38c2635a385b82ad1b78e45afede7.udd" 5409
"C:/Users/zxxuh/AppData/Local/UnrealEngine/Common/DerivedDataCache/Buckets/BulkDataList/fd/d5/74e3600e960e557022e4fe26cd1283c42ec8.udd" 5410
"C:/Users/zxxuh/AppData/Local/UnrealEngine/Common/DerivedDataCache/Buckets/BulkDataList/05/4f/94aab1c89eb547b2356e6c81f834b00404bf.udd" 5411
"C:/Users/zxxuh/AppData/Local/UnrealEngine/Common/DerivedDataCache/Buckets/BulkDataList/ab/d9/56d5f25c296bc8f5aa15a2fb2b0c822338b3.udd" 5412
"C:/Users/zxxuh/AppData/Local/UnrealEngine/Common/DerivedDataCache/Buckets/BulkDataList/68/30/4bc283e860b98322d2d15797ce4755ce679a.udd" 5413
"C:/Users/zxxuh/AppData/Local/UnrealEngine/Common/DerivedDataCache/Buckets/BulkDataList/14/d9/fc5c6b6df47ce3846bbf24b7f6adcad9c4f9.udd" 5414
"C:/Users/zxxuh/AppData/Local/UnrealEngine/Common/DerivedDataCache/Buckets/BulkDataList/de/f1/849c8f04219e1f880e6d8e79a2f453094717.udd" 5415
"C:/Users/zxxuh/AppData/Local/UnrealEngine/Common/DerivedDataCache/Buckets/BulkDataList/9e/34/e9f6409162f683a080554881009fb23ed64f.udd" 5416
"C:/Users/zxxuh/AppData/Local/UnrealEngine/Common/DerivedDataCache/Buckets/BulkDataList/0e/f5/dbd4abc19130286fcf574b428c1684fce30c.udd" 5417
"C:/Users/zxxuh/AppData/Local/UnrealEngine/Common/DerivedDataCache/Buckets/BulkDataList/58/ad/2490f2ddc950246aab19bc980ef259be9b63.udd" 5418
"C:/Users/zxxuh/AppData/Local/UnrealEngine/Common/DerivedDataCache/Buckets/BulkDataList/64/f0/9b1239dacc8c041ab014882aca7592cfad9e.udd" 5419
"../../../Engine/Content/EngineMaterials/Substrate/Glints2/dict_0004_0066.uasset" 5420
"../../../Engine/Content/EngineMaterials/Substrate/Glints2/dict_0006_0090.uasset" 5421
"../../../Engine/Content/EngineMaterials/Substrate/Glints2/dict_0006_0217.uasset" 5422
"../../../Engine/Content/EngineMaterials/Substrate/Glints2/dict_0006_0188.uasset" 5423
"../../../Engine/Content/EngineMaterials/Substrate/Glints2/dict_0007_0148.uasset" 5424
"../../../Engine/Content/EngineMaterials/Substrate/Glints2/dict_0005_0014.uasset" 5425
"../../../Engine/Content/EngineMaterials/Substrate/Glints2/dict_0000_0249.uasset" 5426
"../../../Engine/Content/EngineMaterials/Substrate/Glints2/dict_0004_0186.uasset" 5427
"../../../Engine/Content/EngineMaterials/Substrate/Glints2/dict_0006_0233.uasset" 5428
"../../../Engine/Content/EngineMaterials/Substrate/Glints2/dict_0001_0103.uasset" 5429
"../../../Engine/Content/EngineMaterials/Substrate/Glints2/dict_0003_0240.uasset" 5430
"../../../Engine/Content/EngineMaterials/Substrate/Glints2/dict_0000_0195.uasset" 5431
"../../../Engine/Content/EngineMaterials/Substrate/Glints2/dict_0002_0224.uasset" 5432
"../../../Engine/Content/EngineMaterials/Substrate/Glints2/dict_0002_0132.uasset" 5433
"../../../Engine/Content/EngineMaterials/Substrate/Glints2/dict_0001_0202.uasset" 5434
"../../../Engine/Content/EngineMaterials/Substrate/Glints2/dict_0006_0250.uasset" 5435
"../../../Engine/Content/EngineMaterials/Substrate/Glints2/dict_0006_0153.uasset" 5436
"../../../Engine/Content/EngineMaterials/Substrate/Glints2/dict_0003_0079.uasset" 5437
"../../../Engine/Content/EngineMaterials/Substrate/Glints2/dict_0002_0085.uasset" 5438
"../../../Engine/Content/EngineMaterials/Substrate/Glints2/dict_0000_0111.uasset" 5439
"../../../Engine/Content/EngineMaterials/Substrate/Glints2/dict_0007_0055.uasset" 5440
"../../../Engine/Content/EngineMaterials/Substrate/Glints2/dict_0000_0104.uasset" 5441
"../../../Engine/Content/EngineMaterials/Substrate/Glints2/dict_0005_0251.uasset" 5442
"../../../Engine/Content/EngineMaterials/Substrate/Glints2/dict_0005_0013.uasset" 5443
"C:/Users/zxxuh/AppData/Local/UnrealEngine/Common/DerivedDataCache/Buckets/BulkDataList/81/b2/c4a07136b6e5cea76482970af7b3bda4bc85.udd" 5444
"../../../Engine/Content/EngineMaterials/Substrate/Glints2/dict_0005_0175.uasset" 5445
"C:/Users/zxxuh/AppData/Local/UnrealEngine/Common/DerivedDataCache/Buckets/BulkDataList/2b/2b/f8fb897368ed58587d09880d213b1185ad88.udd" 5446
"../../../Engine/Content/EngineMaterials/Substrate/Glints2/dict_0004_0136.uasset" 5447
"C:/Users/zxxuh/AppData/Local/UnrealEngine/Common/DerivedDataCache/Buckets/BulkDataList/1c/a1/703ca1967c061e9e0514f174a08dd6b2fb71.udd" 5448
"../../../Engine/Content/EngineMaterials/Substrate/Glints2/dict_0001_0075.uasset" 5449
"C:/Users/zxxuh/AppData/Local/UnrealEngine/Common/DerivedDataCache/Buckets/BulkDataList/7f/fe/862c95113c2c7139b911f1836185eeadfecc.udd" 5450
"../../../Engine/Content/EngineMaterials/Substrate/Glints2/dict_0007_0201.uasset" 5451
"C:/Users/zxxuh/AppData/Local/UnrealEngine/Common/DerivedDataCache/Buckets/BulkDataList/16/7c/12c4bb3ce20dfdccb8376db4331151a627e7.udd" 5452
"../../../Engine/Content/EngineMaterials/Substrate/Glints2/dict_0006_0221.uasset" 5453
"C:/Users/zxxuh/AppData/Local/UnrealEngine/Common/DerivedDataCache/Buckets/BulkDataList/42/a5/fe742d368f8dc7063bd66c0d2dd8cfc791c2.udd" 5454
"../../../Engine/Content/EngineMaterials/Substrate/Glints2/dict_0006_0131.uasset" 5455
"C:/Users/zxxuh/AppData/Local/UnrealEngine/Common/DerivedDataCache/Buckets/BulkDataList/25/72/910f3e68dd1b784d46204da9cacd1646d7e3.udd" 5456
"../../../Engine/Content/EngineMaterials/Substrate/Glints2/dict_0003_0051.uasset" 5457
"C:/Users/zxxuh/AppData/Local/UnrealEngine/Common/DerivedDataCache/Buckets/BulkDataList/c8/58/cfb2b4c7d7228e374cf487cd7c83205544bc.udd" 5458
"../../../Engine/Content/EngineMaterials/Substrate/Glints2/dict_0000_0058.uasset" 5459
"C:/Users/zxxuh/AppData/Local/UnrealEngine/Common/DerivedDataCache/Buckets/BulkDataList/84/ab/b55390bec8e1a4aeaebcb2d5a306146b313a.udd" 5460
"C:/Users/zxxuh/AppData/Local/UnrealEngine/Common/DerivedDataCache/Buckets/BulkDataList/17/7a/7b8a6f74b8790efcc3665cb83e7ef4a32c04.udd" 5461
"C:/Users/zxxuh/AppData/Local/UnrealEngine/Common/DerivedDataCache/Buckets/BulkDataList/27/8e/a7b3dee1ae2c9d5f8bdc2f080b8396d9ee38.udd" 5462
"C:/Users/zxxuh/AppData/Local/UnrealEngine/Common/DerivedDataCache/Buckets/BulkDataList/21/6f/8414674023fb1ca5702e7c8595fea46f36f8.udd" 5463
"C:/Users/zxxuh/AppData/Local/UnrealEngine/Common/DerivedDataCache/Buckets/BulkDataList/34/0a/245299eacfd829b09e344a556e8ae65d74a8.udd" 5464
"C:/Users/zxxuh/AppData/Local/UnrealEngine/Common/DerivedDataCache/Buckets/BulkDataList/2a/f2/43714076c371219f234228f66e63ee56fe1f.udd" 5465
"C:/Users/zxxuh/AppData/Local/UnrealEngine/Common/DerivedDataCache/Buckets/BulkDataList/3e/c1/507a26bb529575809f032ff0e9155820a742.udd" 5466
"C:/Users/zxxuh/AppData/Local/UnrealEngine/Common/DerivedDataCache/Buckets/BulkDataList/f9/8f/84b88d0c314b29b5376adfb6d07551884b3c.udd" 5467
"C:/Users/zxxuh/AppData/Local/UnrealEngine/Common/DerivedDataCache/Buckets/BulkDataList/23/c9/d6766f30a192d7f0cdb26c78db5e6638719c.udd" 5468
"C:/Users/zxxuh/AppData/Local/UnrealEngine/Common/DerivedDataCache/Buckets/BulkDataList/af/2c/0c405f14ed67767454f25d7994a27dd1698f.udd" 5469
"C:/Users/zxxuh/AppData/Local/UnrealEngine/Common/DerivedDataCache/Buckets/BulkDataList/47/a0/4e5e73a494c7a68bf1bf7e24793d856e3d05.udd" 5470
"C:/Users/zxxuh/AppData/Local/UnrealEngine/Common/DerivedDataCache/Buckets/BulkDataList/ac/c3/23181d51cac17cde3d7a8dae0634c563d07f.udd" 5471
"C:/Users/zxxuh/AppData/Local/UnrealEngine/Common/DerivedDataCache/Buckets/BulkDataList/4f/3a/a7c256dea2615a1ab465d6440749bcd9218a.udd" 5472
"C:/Users/zxxuh/AppData/Local/UnrealEngine/Common/DerivedDataCache/Buckets/BulkDataList/b8/7a/85c0a63aa6daf6f23e0e5ff2cd988571842c.udd" 5473
"C:/Users/zxxuh/AppData/Local/UnrealEngine/Common/DerivedDataCache/Buckets/BulkDataList/a3/11/27df69496ca86b23ab4ee48461793ee69f92.udd" 5474
"C:/Users/zxxuh/AppData/Local/UnrealEngine/Common/DerivedDataCache/Buckets/BulkDataList/ec/0a/fa34803159730de98337e38cd52dbe86ebdb.udd" 5475
"C:/Users/zxxuh/AppData/Local/UnrealEngine/Common/DerivedDataCache/Buckets/BulkDataList/d0/aa/4ecdbabc1251cee38b5afd8f840ecdafe8b7.udd" 5476
"C:/Users/zxxuh/AppData/Local/UnrealEngine/Common/DerivedDataCache/Buckets/BulkDataList/7f/a3/a3405a126c6e5231c30da062ce7a273c18a9.udd" 5477
"C:/Users/zxxuh/AppData/Local/UnrealEngine/Common/DerivedDataCache/Buckets/BulkDataList/55/f1/c423da3f959748178b1f59c1e1e8bc1bfe63.udd" 5478
"C:/Users/zxxuh/AppData/Local/UnrealEngine/Common/DerivedDataCache/Buckets/BulkDataList/12/5f/e955ce2e4d045b2180c6ba5c3b3d321afcd3.udd" 5479
"C:/Users/zxxuh/AppData/Local/UnrealEngine/Common/DerivedDataCache/Buckets/BulkDataList/5d/dd/7ae4695c2ca388738500dc8772e41b2c0ea3.udd" 5480
"C:/Users/zxxuh/AppData/Local/UnrealEngine/Common/DerivedDataCache/Buckets/BulkDataList/b3/85/414d66795c0f340b7c27729bff263b0db567.udd" 5481
"C:/Users/zxxuh/AppData/Local/UnrealEngine/Common/DerivedDataCache/Buckets/BulkDataList/09/26/733d08f59724380a0bbb817aa780ddcd965d.udd" 5482
"C:/Users/zxxuh/AppData/Local/UnrealEngine/Common/DerivedDataCache/Buckets/BulkDataList/16/90/2c8dfe2e212302f4bac3cad8e72e86efa9ec.udd" 5483
"../../../Engine/Content/EngineMaterials/Substrate/Glints2/dict_0004_0032.uasset" 5484
"../../../Engine/Content/EngineMaterials/Substrate/Glints2/dict_0004_0223.uasset" 5485
"../../../Engine/Content/EngineMaterials/Substrate/Glints2/dict_0006_0169.uasset" 5486
"../../../Engine/Content/EngineMaterials/Substrate/Glints2/dict_0003_0155.uasset" 5487
"../../../Engine/Content/EngineMaterials/Substrate/Glints2/dict_0006_0060.uasset" 5488
"../../../Engine/Content/EngineMaterials/Substrate/Glints2/dict_0000_0116.uasset" 5489
"../../../Engine/Content/EngineMaterials/Substrate/Glints2/dict_0003_0147.uasset" 5490
"../../../Engine/Content/EngineMaterials/Substrate/Glints2/dict_0004_0085.uasset" 5491
"../../../Engine/Content/EngineMaterials/Substrate/Glints2/dict_0003_0206.uasset" 5492
"../../../Engine/Content/EngineMaterials/Substrate/Glints2/dict_0005_0090.uasset" 5493
"../../../Engine/Content/EngineMaterials/Substrate/Glints2/dict_0002_0082.uasset" 5494
"../../../Engine/Content/EngineMaterials/Substrate/Glints2/dict_0006_0154.uasset" 5495
"../../../Engine/Content/EngineMaterials/Substrate/Glints2/dict_0007_0156.uasset" 5496
"../../../Engine/Content/EngineMaterials/Substrate/Glints2/dict_0007_0145.uasset" 5497
"../../../Engine/Content/EngineMaterials/Substrate/Glints2/dict_0006_0010.uasset" 5498
"../../../Engine/Content/EngineMaterials/Substrate/Glints2/dict_0003_0150.uasset" 5499
"../../../Engine/Content/EngineMaterials/Substrate/Glints2/dict_0006_0197.uasset" 5500
"../../../Engine/Content/EngineMaterials/Substrate/Glints2/dict_0006_0048.uasset" 5501
"../../../Engine/Content/EngineMaterials/Substrate/Glints2/dict_0005_0178.uasset" 5502
"../../../Engine/Content/EngineMaterials/Substrate/Glints2/dict_0005_0157.uasset" 5503
"../../../Engine/Content/EngineMaterials/Substrate/Glints2/dict_0007_0160.uasset" 5504
"../../../Engine/Content/EngineMaterials/Substrate/Glints2/dict_0004_0101.uasset" 5505
"../../../Engine/Content/EngineMaterials/Substrate/Glints2/dict_0003_0211.uasset" 5506
"../../../Engine/Content/EngineMaterials/Substrate/Glints2/dict_0003_0031.uasset" 5507
"C:/Users/zxxuh/AppData/Local/UnrealEngine/Common/DerivedDataCache/Buckets/BulkDataList/ca/7a/a688854622e7d7e346ee4dfc968f7d5b4c7b.udd" 5508
"../../../Engine/Content/EngineMaterials/Substrate/Glints2/dict_0007_0120.uasset" 5509
"C:/Users/zxxuh/AppData/Local/UnrealEngine/Common/DerivedDataCache/Buckets/BulkDataList/a5/98/5c6ce6e9954c2846f84393dc3696ebb4e5b9.udd" 5510
"../../../Engine/Content/EngineMaterials/Substrate/Glints2/dict_0005_0235.uasset" 5511
"C:/Users/zxxuh/AppData/Local/UnrealEngine/Common/DerivedDataCache/Buckets/BulkDataList/e0/58/b3d5556e2621d9c95bb4adc55f941440bfe1.udd" 5512
"../../../Engine/Content/EngineMaterials/Substrate/Glints2/dict_0003_0141.uasset" 5513
"C:/Users/zxxuh/AppData/Local/UnrealEngine/Common/DerivedDataCache/Buckets/BulkDataList/af/29/835403520c32f6775e7704d1b690554d2251.udd" 5514
"../../../Engine/Content/EngineMaterials/Substrate/Glints2/dict_0001_0069.uasset" 5515
"C:/Users/zxxuh/AppData/Local/UnrealEngine/Common/DerivedDataCache/Buckets/BulkDataList/de/ad/c6f1976683983026429b70c990dbadc74972.udd" 5516
"../../../Engine/Content/EngineMaterials/Substrate/Glints2/dict_0007_0231.uasset" 5517
"C:/Users/zxxuh/AppData/Local/UnrealEngine/Common/DerivedDataCache/Buckets/BulkDataList/7f/70/a4d74762752a2ec017303cf9217795e90f19.udd" 5518
"../../../Engine/Content/EngineMaterials/Substrate/Glints2/dict_0007_0075.uasset" 5519
"C:/Users/zxxuh/AppData/Local/UnrealEngine/Common/DerivedDataCache/Buckets/BulkDataList/73/47/e3bc46a804f22d638e0265fb515a33c2baff.udd" 5520
"../../../Engine/Content/EngineMaterials/Substrate/Glints2/dict_0000_0050.uasset" 5521
"C:/Users/zxxuh/AppData/Local/UnrealEngine/Common/DerivedDataCache/Buckets/BulkDataList/8c/90/f19af71834e0a7430b93771dd943879db1b9.udd" 5522
"../../../Engine/Content/EngineMaterials/Substrate/Glints2/dict_0005_0215.uasset" 5523
"C:/Users/zxxuh/AppData/Local/UnrealEngine/Common/DerivedDataCache/Buckets/BulkDataList/3d/88/6a4dce5991a3e19bc6248b2670c3d57dbd1f.udd" 5524
"C:/Users/zxxuh/AppData/Local/UnrealEngine/Common/DerivedDataCache/Buckets/BulkDataList/48/fd/10dd188f5989ab77d6328f2780e16a0d2bbd.udd" 5525
"C:/Users/zxxuh/AppData/Local/UnrealEngine/Common/DerivedDataCache/Buckets/BulkDataList/db/97/560450b0e5e377d9447fb50f615191ccf751.udd" 5526
"C:/Users/zxxuh/AppData/Local/UnrealEngine/Common/DerivedDataCache/Buckets/BulkDataList/eb/6d/55de5dd5056586665fe795c08a70c2a40561.udd" 5527
"C:/Users/zxxuh/AppData/Local/UnrealEngine/Common/DerivedDataCache/Buckets/BulkDataList/c3/97/2bfd096069c5038e753a858ded4367da58fd.udd" 5528
"C:/Users/zxxuh/AppData/Local/UnrealEngine/Common/DerivedDataCache/Buckets/BulkDataList/f2/e9/7ccacf24b7a969d7760f0bd54dfd0216024f.udd" 5529
"C:/Users/zxxuh/AppData/Local/UnrealEngine/Common/DerivedDataCache/Buckets/BulkDataList/d7/c1/e0ac25226a7a342315b28de274d81aaa517f.udd" 5530
"C:/Users/zxxuh/AppData/Local/UnrealEngine/Common/DerivedDataCache/Buckets/BulkDataList/a8/e0/26b0ec4e071e009eef092c3c2f239d21b54f.udd" 5531
"C:/Users/zxxuh/AppData/Local/UnrealEngine/Common/DerivedDataCache/Buckets/BulkDataList/31/35/97b1e110c4bc889ea7607a501df767d2efb4.udd" 5532
"C:/Users/zxxuh/AppData/Local/UnrealEngine/Common/DerivedDataCache/Buckets/BulkDataList/78/db/8e17b60bb2e718cedc6cbee858536cbbe49b.udd" 5533
"C:/Users/zxxuh/AppData/Local/UnrealEngine/Common/DerivedDataCache/Buckets/BulkDataList/7d/7e/b6561edf29824059f794168aafe7c8ae2534.udd" 5534
"C:/Users/zxxuh/AppData/Local/UnrealEngine/Common/DerivedDataCache/Buckets/BulkDataList/b1/8e/21e4a677addfaa416eb6fe403d200e397ad5.udd" 5535
"C:/Users/zxxuh/AppData/Local/UnrealEngine/Common/DerivedDataCache/Buckets/BulkDataList/5e/03/43746faa9f76087b93cb3811db908905805a.udd" 5536
"C:/Users/zxxuh/AppData/Local/UnrealEngine/Common/DerivedDataCache/Buckets/BulkDataList/f0/b0/04ff544c4e405ac3974a5a1fe6f42087da7a.udd" 5537
"C:/Users/zxxuh/AppData/Local/UnrealEngine/Common/DerivedDataCache/Buckets/BulkDataList/de/c6/fd75e11e717273caba613a3b4837e9d3eb90.udd" 5538
"C:/Users/zxxuh/AppData/Local/UnrealEngine/Common/DerivedDataCache/Buckets/BulkDataList/5b/74/6443a757643611cf3e39856e09393f4d7b19.udd" 5539
"C:/Users/zxxuh/AppData/Local/UnrealEngine/Common/DerivedDataCache/Buckets/BulkDataList/46/e3/45314471556ae0f990a77e8539014e94b960.udd" 5540
"C:/Users/zxxuh/AppData/Local/UnrealEngine/Common/DerivedDataCache/Buckets/BulkDataList/ce/f7/af3b57e90bfb58e6854128472a9eb0afcaec.udd" 5541
"C:/Users/zxxuh/AppData/Local/UnrealEngine/Common/DerivedDataCache/Buckets/BulkDataList/57/ea/49c6fffb4893210d8c1d3d7bcb9925a3609f.udd" 5542
"C:/Users/zxxuh/AppData/Local/UnrealEngine/Common/DerivedDataCache/Buckets/BulkDataList/45/37/b2c934de77954b1d7ff5c8f284670a60ab3f.udd" 5543
"C:/Users/zxxuh/AppData/Local/UnrealEngine/Common/DerivedDataCache/Buckets/BulkDataList/95/22/c9e88b3cbc21df2dfaed777656742a1fe3c7.udd" 5544
"C:/Users/zxxuh/AppData/Local/UnrealEngine/Common/DerivedDataCache/Buckets/BulkDataList/9b/42/a78a1465218ee278507a7dc124858b6d714e.udd" 5545
"C:/Users/zxxuh/AppData/Local/UnrealEngine/Common/DerivedDataCache/Buckets/BulkDataList/cb/17/f6ef68d7300740b03f8ff579420654b00ea1.udd" 5546
"C:/Users/zxxuh/AppData/Local/UnrealEngine/Common/DerivedDataCache/Buckets/BulkDataList/b4/3d/44b850d6928f62d250955964060f46364827.udd" 5547
"../../../Engine/Content/EngineMaterials/Substrate/Glints2/dict_0004_0065.uasset" 5548
"../../../Engine/Content/EngineMaterials/Substrate/Glints2/dict_0001_0251.uasset" 5549
"../../../Engine/Content/EngineMaterials/Substrate/Glints2/dict_0005_0145.uasset" 5550
"../../../Engine/Content/EngineMaterials/Substrate/Glints2/dict_0007_0092.uasset" 5551
"../../../Engine/Content/EngineMaterials/Substrate/Glints2/dict_0003_0106.uasset" 5552
"../../../Engine/Content/EngineMaterials/Substrate/Glints2/dict_0003_0254.uasset" 5553
"../../../Engine/Content/EngineMaterials/Substrate/Glints2/dict_0001_0130.uasset" 5554
"../../../Engine/Content/EngineMaterials/Substrate/Glints2/dict_0006_0067.uasset" 5555
"../../../Engine/Content/EngineMaterials/Substrate/Glints2/dict_0002_0055.uasset" 5556
"../../../Engine/Content/EngineMaterials/Substrate/Glints2/dict_0004_0187.uasset" 5557
"../../../Engine/Content/EngineMaterials/Substrate/Glints2/dict_0005_0248.uasset" 5558
"../../../Engine/Content/EngineMaterials/Substrate/Glints2/dict_0001_0014.uasset" 5559
"../../../Engine/Content/EngineMaterials/Substrate/Glints2/dict_0005_0140.uasset" 5560
"../../../Engine/Content/EngineMaterials/Substrate/Glints2/dict_0005_0124.uasset" 5561
"../../../Engine/Content/EngineMaterials/Substrate/Glints2/dict_0000_0130.uasset" 5562
"../../../Engine/Content/EngineMaterials/Substrate/Glints2/dict_0000_0127.uasset" 5563
"../../../Engine/Content/EngineMaterials/Substrate/Glints2/dict_0002_0111.uasset" 5564
"../../../Engine/Content/EngineMaterials/Substrate/Glints2/dict_0002_0222.uasset" 5565
"../../../Engine/Content/EngineMaterials/Substrate/Glints2/dict_0005_0208.uasset" 5566
"../../../Engine/Content/EngineMaterials/Substrate/Glints2/dict_0002_0046.uasset" 5567
"../../../Engine/Content/EngineMaterials/Substrate/Glints2/dict_0004_0200.uasset" 5568
"../../../Engine/Content/EngineMaterials/Substrate/Glints2/dict_0005_0229.uasset" 5569
"../../../Engine/Content/EngineMaterials/Substrate/Glints2/dict_0004_0221.uasset" 5570
"../../../Engine/Content/EngineMaterials/Substrate/Glints2/dict_0006_0214.uasset" 5571
"../../../Engine/Content/EngineMaterials/Substrate/Glints2/dict_0003_0146.uasset" 5572
"C:/Users/zxxuh/AppData/Local/UnrealEngine/Common/DerivedDataCache/Buckets/BulkDataList/b9/71/21ad4f5d53717c717600f3513d98c8dbc75b.udd" 5573
"C:/Users/zxxuh/AppData/Local/UnrealEngine/Common/DerivedDataCache/Buckets/BulkDataList/88/45/a5e11f43adf34fb5fca89598947344b1f79b.udd" 5574
"../../../Engine/Content/EngineMaterials/Substrate/Glints2/dict_0003_0113.uasset" 5575
"C:/Users/zxxuh/AppData/Local/UnrealEngine/Common/DerivedDataCache/Buckets/BulkDataList/ef/79/16bdf390782baed392a0a7037e1d3be56a2f.udd" 5576
"../../../Engine/Content/EngineMaterials/Substrate/Glints2/dict_0005_0089.uasset" 5577
"C:/Users/zxxuh/AppData/Local/UnrealEngine/Common/DerivedDataCache/Buckets/BulkDataList/04/9a/e2dab771baa8a275b47e2405500177f3973e.udd" 5578
"../../../Engine/Content/EngineMaterials/Substrate/Glints2/dict_0003_0089.uasset" 5579
"C:/Users/zxxuh/AppData/Local/UnrealEngine/Common/DerivedDataCache/Buckets/BulkDataList/a2/b5/8ca36b693b07e9086a81c833729f97c00bf4.udd" 5580
"../../../Engine/Content/EngineMaterials/Substrate/Glints2/dict_0001_0120.uasset" 5581
"C:/Users/zxxuh/AppData/Local/UnrealEngine/Common/DerivedDataCache/Buckets/BulkDataList/79/f6/576374a6e2b1801c25e36c4b5d3181e7a5ba.udd" 5582
"../../../Engine/Content/EngineMaterials/Substrate/Glints2/dict_0001_0174.uasset" 5583
"C:/Users/zxxuh/AppData/Local/UnrealEngine/Common/DerivedDataCache/Buckets/BulkDataList/02/0b/05aedcae9cb446cd1613135ce44e7ab95b94.udd" 5584
"../../../Engine/Content/EngineMaterials/Substrate/Glints2/dict_0006_0196.uasset" 5585
"C:/Users/zxxuh/AppData/Local/UnrealEngine/Common/DerivedDataCache/Buckets/BulkDataList/52/0a/b40de354cd58670f55992f7b871d6f4f0b38.udd" 5586
"../../../Engine/Content/EngineMaterials/Substrate/Glints2/dict_0005_0139.uasset" 5587
"C:/Users/zxxuh/AppData/Local/UnrealEngine/Common/DerivedDataCache/Buckets/BulkDataList/7e/5c/d49f0e3eca349143b44191e9fece5bdc46e2.udd" 5588
"C:/Users/zxxuh/AppData/Local/UnrealEngine/Common/DerivedDataCache/Buckets/BulkDataList/e1/8d/86d3017c8721e379f2793a4f8cfe893dcf16.udd" 5589
"C:/Users/zxxuh/AppData/Local/UnrealEngine/Common/DerivedDataCache/Buckets/BulkDataList/6d/c5/a619365221ffc76be97b1d289625f536e122.udd" 5590
"C:/Users/zxxuh/AppData/Local/UnrealEngine/Common/DerivedDataCache/Buckets/BulkDataList/12/05/f1dc458d99d9dca7abb2e120920220966883.udd" 5591
"C:/Users/zxxuh/AppData/Local/UnrealEngine/Common/DerivedDataCache/Buckets/BulkDataList/32/25/f52f28fce47d261db5e7481cc30c4b5de02e.udd" 5592
"C:/Users/zxxuh/AppData/Local/UnrealEngine/Common/DerivedDataCache/Buckets/BulkDataList/0c/a5/cb6c3c543b20c43d538e32b1c43fea11a313.udd" 5593
"C:/Users/zxxuh/AppData/Local/UnrealEngine/Common/DerivedDataCache/Buckets/BulkDataList/81/2e/91d92486417d982d5427e54f885d7424d74a.udd" 5594
"C:/Users/zxxuh/AppData/Local/UnrealEngine/Common/DerivedDataCache/Buckets/BulkDataList/ae/0f/03a15891140beefb5bc8b1456d519dc84011.udd" 5595
"C:/Users/zxxuh/AppData/Local/UnrealEngine/Common/DerivedDataCache/Buckets/BulkDataList/f3/81/42b9ba64c223e24e0f1f28c9b097a2cccba6.udd" 5596
"C:/Users/zxxuh/AppData/Local/UnrealEngine/Common/DerivedDataCache/Buckets/BulkDataList/02/b9/6ef30de41e9f1de8469ab1daac2f1dd5e798.udd" 5597
"C:/Users/zxxuh/AppData/Local/UnrealEngine/Common/DerivedDataCache/Buckets/BulkDataList/7f/4c/2b389ffb6c4640d33e55145c6d3b6b996af5.udd" 5598
"C:/Users/zxxuh/AppData/Local/UnrealEngine/Common/DerivedDataCache/Buckets/BulkDataList/74/40/3c2abf86ebd7d6595db5364274d710794484.udd" 5599
"C:/Users/zxxuh/AppData/Local/UnrealEngine/Common/DerivedDataCache/Buckets/BulkDataList/7f/81/a9c43700a524931600767aa71ed94ba15f1e.udd" 5600
"C:/Users/zxxuh/AppData/Local/UnrealEngine/Common/DerivedDataCache/Buckets/BulkDataList/7f/ee/31a884da03c9609235f8a349dd7377dcf464.udd" 5601
"C:/Users/zxxuh/AppData/Local/UnrealEngine/Common/DerivedDataCache/Buckets/BulkDataList/ef/6f/11f2cff4e7d06e6e4ea56fe5f64595bdfecd.udd" 5602
"C:/Users/zxxuh/AppData/Local/UnrealEngine/Common/DerivedDataCache/Buckets/BulkDataList/91/27/42a51a901e6b8962544c56e9138aff995ebf.udd" 5603
"C:/Users/zxxuh/AppData/Local/UnrealEngine/Common/DerivedDataCache/Buckets/BulkDataList/b1/da/6922610d86836800914a5c62b3ad6e65a39f.udd" 5604
"C:/Users/zxxuh/AppData/Local/UnrealEngine/Common/DerivedDataCache/Buckets/BulkDataList/82/2c/130bdeafc921cfb30e057e54b2a71e0c6c31.udd" 5605
"C:/Users/zxxuh/AppData/Local/UnrealEngine/Common/DerivedDataCache/Buckets/BulkDataList/10/92/551e23b0166ecddff77269da39c94e94e76f.udd" 5606
"C:/Users/zxxuh/AppData/Local/UnrealEngine/Common/DerivedDataCache/Buckets/BulkDataList/c6/07/530618b6222fc1c512ce1dbd2f7962c921ac.udd" 5607
"C:/Users/zxxuh/AppData/Local/UnrealEngine/Common/DerivedDataCache/Buckets/BulkDataList/d7/14/2e5b83e5e0d59f8f1e4e1dbd86fc79b5e3c9.udd" 5608
"C:/Users/zxxuh/AppData/Local/UnrealEngine/Common/DerivedDataCache/Buckets/BulkDataList/3f/ab/426c8eb10695f97d5680c8424c720c5aa2e2.udd" 5609
"C:/Users/zxxuh/AppData/Local/UnrealEngine/Common/DerivedDataCache/Buckets/BulkDataList/58/e1/565f24f143f41954d7b30147804021f965ec.udd" 5610
"C:/Users/zxxuh/AppData/Local/UnrealEngine/Common/DerivedDataCache/Buckets/BulkDataList/23/05/e92ab651a05203c6a75a3c68c4e936d4c498.udd" 5611
"../../../Engine/Content/EngineMaterials/Substrate/Glints2/dict_0006_0242.uasset" 5612
"../../../Engine/Content/EngineMaterials/Substrate/Glints2/dict_0004_0216.uasset" 5613
"../../../Engine/Content/EngineMaterials/Substrate/Glints2/dict_0002_0143.uasset" 5614
"../../../Engine/Content/EngineMaterials/Substrate/Glints2/dict_0005_0114.uasset" 5615
"../../../Engine/Content/EngineMaterials/Substrate/Glints2/dict_0003_0213.uasset" 5616
"../../../Engine/Content/EngineMaterials/Substrate/Glints2/dict_0004_0013.uasset" 5617
"../../../Engine/Content/EngineMaterials/Substrate/Glints2/dict_0000_0170.uasset" 5618
"../../../Engine/Content/EngineMaterials/Substrate/Glints2/dict_0007_0127.uasset" 5619
"../../../Engine/Content/EngineMaterials/Substrate/Glints2/dict_0004_0111.uasset" 5620
"../../../Engine/Content/EngineMaterials/Substrate/Glints2/dict_0003_0086.uasset" 5621
"../../../Engine/Content/EngineMaterials/Substrate/Glints2/dict_0006_0135.uasset" 5622
"../../../Engine/Content/EngineMaterials/Substrate/Glints2/dict_0003_0159.uasset" 5623
"../../../Engine/Content/EngineMaterials/Substrate/Glints2/dict_0004_0193.uasset" 5624
"../../../Engine/Content/EngineMaterials/Substrate/Glints2/dict_0001_0128.uasset" 5625
"../../../Engine/Content/EngineMaterials/Substrate/Glints2/dict_0007_0069.uasset" 5626
"../../../Engine/Content/EngineMaterials/Substrate/Glints2/dict_0001_0161.uasset" 5627
"../../../Engine/Content/EngineMaterials/Substrate/Glints2/dict_0000_0221.uasset" 5628
"../../../Engine/Content/EngineMaterials/Substrate/Glints2/dict_0006_0041.uasset" 5629
"../../../Engine/Content/EngineMaterials/Substrate/Glints2/dict_0000_0022.uasset" 5630
"../../../Engine/Content/EngineMaterials/Substrate/Glints2/dict_0002_0174.uasset" 5631
"../../../Engine/Content/EngineMaterials/Substrate/Glints2/dict_0005_0132.uasset" 5632
"../../../Engine/Content/EngineMaterials/Substrate/Glints2/dict_0007_0090.uasset" 5633
"../../../Engine/Content/EngineMaterials/Substrate/Glints2/dict_0005_0066.uasset" 5634
"../../../Engine/Content/EngineMaterials/Substrate/Glints2/dict_0002_0202.uasset" 5635
"C:/Users/zxxuh/AppData/Local/UnrealEngine/Common/DerivedDataCache/Buckets/BulkDataList/aa/27/a1fd5dab708cb06908dcd5b05ffe5ee8e4b5.udd" 5636
"../../../Engine/Content/EngineMaterials/Substrate/Glints2/dict_0002_0245.uasset" 5637
"C:/Users/zxxuh/AppData/Local/UnrealEngine/Common/DerivedDataCache/Buckets/BulkDataList/11/cf/1807016d4d744ad5ed1a25ec2b352c197dd4.udd" 5638
"../../../Engine/Content/EngineMaterials/Substrate/Glints2/dict_0000_0150.uasset" 5639
"C:/Users/zxxuh/AppData/Local/UnrealEngine/Common/DerivedDataCache/Buckets/BulkDataList/3d/09/d9962a624ebe344f6e6e6d7cc2f786c2560d.udd" 5640
"../../../Engine/Content/EngineMaterials/Substrate/Glints2/dict_0004_0142.uasset" 5641
"C:/Users/zxxuh/AppData/Local/UnrealEngine/Common/DerivedDataCache/Buckets/BulkDataList/ff/95/80cda6e1af895f89006592c1deaea8f7653d.udd" 5642
"../../../Engine/Content/EngineMaterials/Substrate/Glints2/dict_0001_0065.uasset" 5643
"C:/Users/zxxuh/AppData/Local/UnrealEngine/Common/DerivedDataCache/Buckets/BulkDataList/8a/d2/53ec03a6cf465e93f5ba54c6cc0155f67f6d.udd" 5644
"../../../Engine/Content/EngineMaterials/Substrate/Glints2/dict_0005_0069.uasset" 5645
"C:/Users/zxxuh/AppData/Local/UnrealEngine/Common/DerivedDataCache/Buckets/BulkDataList/ae/c8/4203235dba7309363888ec0df8d0d31601b8.udd" 5646
"../../../Engine/Content/EngineMaterials/Substrate/Glints2/dict_0000_0067.uasset" 5647
"C:/Users/zxxuh/AppData/Local/UnrealEngine/Common/DerivedDataCache/Buckets/BulkDataList/80/3e/84de2911dd9ccdb4940fd8911ef0d1b25bb4.udd" 5648
"../../../Engine/Content/EngineMaterials/Substrate/Glints2/dict_0006_0074.uasset" 5649
"C:/Users/zxxuh/AppData/Local/UnrealEngine/Common/DerivedDataCache/Buckets/BulkDataList/fa/86/26bb211a45877cd670fc4e203a1620433f08.udd" 5650
"../../../Engine/Content/EngineMaterials/Substrate/Glints2/dict_0001_0016.uasset" 5651
"C:/Users/zxxuh/AppData/Local/UnrealEngine/Common/DerivedDataCache/Buckets/BulkDataList/d9/09/763dbe83f01b34b27e136b77fe4118f284bc.udd" 5652
"C:/Users/zxxuh/AppData/Local/UnrealEngine/Common/DerivedDataCache/Buckets/BulkDataList/aa/08/72d9985fcbd891ec2a8420b584793e342360.udd" 5653
"C:/Users/zxxuh/AppData/Local/UnrealEngine/Common/DerivedDataCache/Buckets/BulkDataList/68/39/45dc356a96a95b3caa7c4669aa97f5c581c5.udd" 5654
"C:/Users/zxxuh/AppData/Local/UnrealEngine/Common/DerivedDataCache/Buckets/BulkDataList/66/ff/b67fcee9fea3ccdee6e0f6180e4dc26e5c0a.udd" 5655
"C:/Users/zxxuh/AppData/Local/UnrealEngine/Common/DerivedDataCache/Buckets/BulkDataList/3e/85/fb6e9a11d49ba58b01fd076221d51567e726.udd" 5656
"C:/Users/zxxuh/AppData/Local/UnrealEngine/Common/DerivedDataCache/Buckets/BulkDataList/29/70/b678fed1c643efefa47d025b1f9631e45b8e.udd" 5657
"C:/Users/zxxuh/AppData/Local/UnrealEngine/Common/DerivedDataCache/Buckets/BulkDataList/87/a1/762ab41e906708716a8f83d804bf2071f624.udd" 5658
"C:/Users/zxxuh/AppData/Local/UnrealEngine/Common/DerivedDataCache/Buckets/BulkDataList/06/2f/06edeb634ad0ad64191fbccdf34a013a8627.udd" 5659
"C:/Users/zxxuh/AppData/Local/UnrealEngine/Common/DerivedDataCache/Buckets/BulkDataList/e3/65/d8962f3586c6c54e5c8650cd01c01b7cc770.udd" 5660
"C:/Users/zxxuh/AppData/Local/UnrealEngine/Common/DerivedDataCache/Buckets/BulkDataList/4d/a0/fcb38295c7eb87ef46be9f075cf997c12384.udd" 5661
"C:/Users/zxxuh/AppData/Local/UnrealEngine/Common/DerivedDataCache/Buckets/BulkDataList/18/77/8b74930e169ebbd21d91313a755fe56e79bc.udd" 5662
"C:/Users/zxxuh/AppData/Local/UnrealEngine/Common/DerivedDataCache/Buckets/BulkDataList/ba/25/74706acaa558f465196b8ae78208ff3afe11.udd" 5663
"C:/Users/zxxuh/AppData/Local/UnrealEngine/Common/DerivedDataCache/Buckets/BulkDataList/51/e3/7b0d8021d3d62f70d4d63d1cffd314864662.udd" 5664
"C:/Users/zxxuh/AppData/Local/UnrealEngine/Common/DerivedDataCache/Buckets/BulkDataList/f7/e3/457a46edcfa0e3975475e0e083158c38e413.udd" 5665
"C:/Users/zxxuh/AppData/Local/UnrealEngine/Common/DerivedDataCache/Buckets/BulkDataList/9b/66/937de85b0f9e6a767a645d2b1cbedf3ad8ba.udd" 5666
"C:/Users/zxxuh/AppData/Local/UnrealEngine/Common/DerivedDataCache/Buckets/BulkDataList/0e/66/6880d382ea8c92d0a3d60fc05ed52b8c72e9.udd" 5667
"C:/Users/zxxuh/AppData/Local/UnrealEngine/Common/DerivedDataCache/Buckets/BulkDataList/fc/a6/7f67ded34d76412961a3f7a1cde39d647cf5.udd" 5668
"C:/Users/zxxuh/AppData/Local/UnrealEngine/Common/DerivedDataCache/Buckets/BulkDataList/26/05/93178b0a0e886a9ee5459769b0aa815da017.udd" 5669
"C:/Users/zxxuh/AppData/Local/UnrealEngine/Common/DerivedDataCache/Buckets/BulkDataList/4f/ff/bf2c69e46359600d5e16f4b35a1032649693.udd" 5670
"C:/Users/zxxuh/AppData/Local/UnrealEngine/Common/DerivedDataCache/Buckets/BulkDataList/2b/05/cc346a46b5d1aa04412e46d523c5170a478d.udd" 5671
"C:/Users/zxxuh/AppData/Local/UnrealEngine/Common/DerivedDataCache/Buckets/BulkDataList/62/55/18b05baff1b3e49afa7367ab5f6f39f043c9.udd" 5672
"C:/Users/zxxuh/AppData/Local/UnrealEngine/Common/DerivedDataCache/Buckets/BulkDataList/01/b8/a9cc775e7fcf7ccb5a4b9256e79d1fe35729.udd" 5673
"C:/Users/zxxuh/AppData/Local/UnrealEngine/Common/DerivedDataCache/Buckets/BulkDataList/1a/4a/0b671351b8f6d2f7da7465ea50e6dfb267d9.udd" 5674
"C:/Users/zxxuh/AppData/Local/UnrealEngine/Common/DerivedDataCache/Buckets/BulkDataList/df/b2/924b8cdfe9aed9ce8f529f9da31fc1c56fdb.udd" 5675
"../../../Engine/Content/EngineMaterials/Substrate/Glints2/dict_0004_0175.uasset" 5676
"../../../Engine/Content/EngineMaterials/Substrate/Glints2/dict_0007_0037.uasset" 5677
"../../../Engine/Content/EngineMaterials/Substrate/Glints2/dict_0005_0212.uasset" 5678
"../../../Engine/Content/EngineMaterials/Substrate/Glints2/dict_0004_0239.uasset" 5679
"../../../Engine/Content/EngineMaterials/Substrate/Glints2/dict_0001_0132.uasset" 5680
"../../../Engine/Content/EngineMaterials/Substrate/Glints2/dict_0004_0025.uasset" 5681
"../../../Engine/Content/EngineMaterials/Substrate/Glints2/dict_0005_0043.uasset" 5682
"../../../Engine/Content/EngineMaterials/Substrate/Glints2/dict_0001_0088.uasset" 5683
"../../../Engine/Content/EngineMaterials/Substrate/Glints2/dict_0001_0086.uasset" 5684
"../../../Engine/Content/EngineMaterials/Substrate/Glints2/dict_0007_0018.uasset" 5685
"../../../Engine/Content/EngineMaterials/Substrate/Glints2/dict_0001_0126.uasset" 5686
"../../../Engine/Content/EngineMaterials/Substrate/Glints2/dict_0005_0165.uasset" 5687
"../../../Engine/Content/EngineMaterials/Substrate/Glints2/dict_0003_0048.uasset" 5688
"../../../Engine/Content/EngineMaterials/Substrate/Glints2/dict_0000_0202.uasset" 5689
"../../../Engine/Content/EngineMaterials/Substrate/Glints2/dict_0006_0152.uasset" 5690
"../../../Engine/Content/EngineMaterials/Substrate/Glints2/dict_0005_0026.uasset" 5691
"../../../Engine/Content/EngineMaterials/Substrate/Glints2/dict_0000_0183.uasset" 5692
"../../../Engine/Content/EngineMaterials/Substrate/Glints2/dict_0006_0012.uasset" 5693
"../../../Engine/Content/EngineMaterials/Substrate/Glints2/dict_0002_0068.uasset" 5694
"../../../Engine/Content/EngineMaterials/Substrate/Glints2/dict_0005_0226.uasset" 5695
"../../../Engine/Content/EngineMaterials/Substrate/Glints2/dict_0005_0197.uasset" 5696
"../../../Engine/Content/EngineMaterials/Substrate/Glints2/dict_0006_0128.uasset" 5697
"../../../Engine/Content/EngineMaterials/Substrate/Glints2/dict_0003_0227.uasset" 5698
"../../../Engine/Content/EngineMaterials/Substrate/Glints2/dict_0003_0040.uasset" 5699
"C:/Users/zxxuh/AppData/Local/UnrealEngine/Common/DerivedDataCache/Buckets/BulkDataList/43/6f/1b89d257327d5016a39f729907300e0d444a.udd" 5700
"../../../Engine/Content/EngineMaterials/Substrate/Glints2/dict_0001_0013.uasset" 5701
"C:/Users/zxxuh/AppData/Local/UnrealEngine/Common/DerivedDataCache/Buckets/BulkDataList/fe/62/10769eff115623e68f07f8f796c01ce4a7d4.udd" 5702
"../../../Engine/Content/EngineMaterials/Substrate/Glints2/dict_0004_0245.uasset" 5703
"C:/Users/zxxuh/AppData/Local/UnrealEngine/Common/DerivedDataCache/Buckets/BulkDataList/aa/53/0ec0515197344ff1cc5a005f178d30874cf9.udd" 5704
"../../../Engine/Content/EngineMaterials/Substrate/Glints2/dict_0002_0169.uasset" 5705
"../../../Engine/Content/EngineMaterials/Substrate/Glints2/dict_0005_0023.uasset" 5706
"C:/Users/zxxuh/AppData/Local/UnrealEngine/Common/DerivedDataCache/Buckets/BulkDataList/06/6d/a200a90563cdac653b83f7521fdcf8f262bd.udd" 5707
"C:/Users/zxxuh/AppData/Local/UnrealEngine/Common/DerivedDataCache/Buckets/BulkDataList/83/2d/d4eaf764735b405494e0c4b92a702f0fe97c.udd" 5708
"../../../Engine/Content/EngineMaterials/Substrate/Glints2/dict_0007_0161.uasset" 5709
"C:/Users/zxxuh/AppData/Local/UnrealEngine/Common/DerivedDataCache/Buckets/BulkDataList/34/1f/b55117ca8263459e22141d38b695a589c9a7.udd" 5710
"../../../Engine/Content/EngineMaterials/Substrate/Glints2/dict_0006_0157.uasset" 5711
"C:/Users/zxxuh/AppData/Local/UnrealEngine/Common/DerivedDataCache/Buckets/BulkDataList/78/79/ae7af18840ebe40f14d91771f44c947d6b13.udd" 5712
"../../../Engine/Content/EngineMaterials/Substrate/Glints2/dict_0002_0102.uasset" 5713
"C:/Users/zxxuh/AppData/Local/UnrealEngine/Common/DerivedDataCache/Buckets/BulkDataList/df/87/85467bdf9a8568ecae676608d0bba6cb1f79.udd" 5714
"../../../Engine/Content/EngineMaterials/Substrate/Glints2/dict_0004_0024.uasset" 5715
"C:/Users/zxxuh/AppData/Local/UnrealEngine/Common/DerivedDataCache/Buckets/BulkDataList/85/f7/b45204a6056186dd9c82dceb3b0bdaaf13e9.udd" 5716
"C:/Users/zxxuh/AppData/Local/UnrealEngine/Common/DerivedDataCache/Buckets/BulkDataList/ab/6c/68ad2313778d3ae35c9f9274d01f22597044.udd" 5717
"C:/Users/zxxuh/AppData/Local/UnrealEngine/Common/DerivedDataCache/Buckets/BulkDataList/a0/e2/7590982606437a01d2c08d2bc5b7b9774db9.udd" 5718
"C:/Users/zxxuh/AppData/Local/UnrealEngine/Common/DerivedDataCache/Buckets/BulkDataList/82/32/12250c0087befb4887a5363c097ba4d7d1a0.udd" 5719
"C:/Users/zxxuh/AppData/Local/UnrealEngine/Common/DerivedDataCache/Buckets/BulkDataList/72/1b/3f5a3e4ab387889201012ad9e959672ad589.udd" 5720
"C:/Users/zxxuh/AppData/Local/UnrealEngine/Common/DerivedDataCache/Buckets/BulkDataList/cc/1a/472d3e14545fc2220e74ebb4d43abc0fe414.udd" 5721
"C:/Users/zxxuh/AppData/Local/UnrealEngine/Common/DerivedDataCache/Buckets/BulkDataList/15/67/94f0c150736d9f5a5ecf46c46d4ad5111ebd.udd" 5722
"C:/Users/zxxuh/AppData/Local/UnrealEngine/Common/DerivedDataCache/Buckets/BulkDataList/69/3a/ca74e0daa14ca81872c805f2ad683a7cc634.udd" 5723
"C:/Users/zxxuh/AppData/Local/UnrealEngine/Common/DerivedDataCache/Buckets/BulkDataList/76/a5/e970ceeb2a05503d3524def313bc64da8748.udd" 5724
"C:/Users/zxxuh/AppData/Local/UnrealEngine/Common/DerivedDataCache/Buckets/BulkDataList/bf/b0/8d28b37681248e186ae4ffcaba684c6e6fd8.udd" 5725
"C:/Users/zxxuh/AppData/Local/UnrealEngine/Common/DerivedDataCache/Buckets/BulkDataList/d1/e8/d4ca0f94e562a812eccf56c23a126bb7638a.udd" 5726
"C:/Users/zxxuh/AppData/Local/UnrealEngine/Common/DerivedDataCache/Buckets/BulkDataList/36/a0/cc7f208e156ce57243f3f7d9b086627c02f7.udd" 5727
"C:/Users/zxxuh/AppData/Local/UnrealEngine/Common/DerivedDataCache/Buckets/BulkDataList/c2/9e/8a9c49ed03c52e5d2cb4f46a6e149695ac7f.udd" 5728
"C:/Users/zxxuh/AppData/Local/UnrealEngine/Common/DerivedDataCache/Buckets/BulkDataList/f9/94/c240f1237676ad09984d966dafe3e8d86563.udd" 5729
"C:/Users/zxxuh/AppData/Local/UnrealEngine/Common/DerivedDataCache/Buckets/BulkDataList/73/c3/e482fd53dc19a14f812bc5f68b5b581ce38f.udd" 5730
"C:/Users/zxxuh/AppData/Local/UnrealEngine/Common/DerivedDataCache/Buckets/BulkDataList/b3/bd/030e1f493375c87dbe5f25fa981d5cc6c4f3.udd" 5731
"C:/Users/zxxuh/AppData/Local/UnrealEngine/Common/DerivedDataCache/Buckets/BulkDataList/7f/fd/c24a2ae72f0f07e96d74b1956bfa374173ae.udd" 5732
"C:/Users/zxxuh/AppData/Local/UnrealEngine/Common/DerivedDataCache/Buckets/BulkDataList/84/b4/90d156e4452414084d44ea976f063e9ffd79.udd" 5733
"C:/Users/zxxuh/AppData/Local/UnrealEngine/Common/DerivedDataCache/Buckets/BulkDataList/de/69/61bda202fbdd8a96987228ed1a9bc1d5fcac.udd" 5734
"C:/Users/zxxuh/AppData/Local/UnrealEngine/Common/DerivedDataCache/Buckets/BulkDataList/52/7e/105cfb538b739c38d2427f699be9a77f586f.udd" 5735
"C:/Users/zxxuh/AppData/Local/UnrealEngine/Common/DerivedDataCache/Buckets/BulkDataList/e4/90/30c13a0a6d619217a39a8832d795d5339a0d.udd" 5736
"C:/Users/zxxuh/AppData/Local/UnrealEngine/Common/DerivedDataCache/Buckets/BulkDataList/6e/29/8a0aed579e425ca92b130cac2162fb63d5e0.udd" 5737
"C:/Users/zxxuh/AppData/Local/UnrealEngine/Common/DerivedDataCache/Buckets/BulkDataList/22/32/36f3906bd902f4e2d108396301bf0857d2db.udd" 5738
"C:/Users/zxxuh/AppData/Local/UnrealEngine/Common/DerivedDataCache/Buckets/BulkDataList/a6/de/24343a9d5d65acc6d2863c7cc2c7d00d8ad0.udd" 5739
"../../../Engine/Content/EngineMaterials/Substrate/Glints2/dict_0006_0142.uasset" 5740
"../../../Engine/Content/EngineMaterials/Substrate/Glints2/dict_0005_0002.uasset" 5741
"../../../Engine/Content/EngineMaterials/Substrate/Glints2/dict_0006_0105.uasset" 5742
"../../../Engine/Content/EngineMaterials/Substrate/Glints2/dict_0002_0209.uasset" 5743
"../../../Engine/Content/EngineMaterials/Substrate/Glints2/dict_0002_0243.uasset" 5744
"../../../Engine/Content/EngineMaterials/Substrate/Glints2/dict_0000_0255.uasset" 5745
"../../../Engine/Content/EngineMaterials/Substrate/Glints2/dict_0004_0070.uasset" 5746
"../../../Engine/Content/EngineMaterials/Substrate/Glints2/dict_0003_0026.uasset" 5747
"../../../Engine/Content/EngineMaterials/Substrate/Glints2/dict_0004_0082.uasset" 5748
"../../../Engine/Content/EngineMaterials/Substrate/Glints2/dict_0002_0062.uasset" 5749
"../../../Engine/Content/EngineMaterials/Substrate/Glints2/dict_0002_0100.uasset" 5750
"../../../Engine/Content/EngineMaterials/Substrate/Glints2/dict_0004_0195.uasset" 5751
"../../../Engine/Content/EngineMaterials/Substrate/Glints2/dict_0003_0019.uasset" 5752
"../../../Engine/Content/EngineMaterials/Substrate/Glints2/dict_0001_0066.uasset" 5753
"../../../Engine/Content/EngineMaterials/Substrate/Glints2/dict_0002_0040.uasset" 5754
"../../../Engine/Content/EngineMaterials/Substrate/Glints2/dict_0000_0149.uasset" 5755
"../../../Engine/Content/EngineMaterials/Substrate/Glints2/dict_0004_0039.uasset" 5756
"../../../Engine/Content/EngineMaterials/Substrate/Glints2/dict_0004_0134.uasset" 5757
"../../../Engine/Content/EngineMaterials/Substrate/Glints2/dict_0002_0019.uasset" 5758
"../../../Engine/Content/EngineMaterials/Substrate/Glints2/dict_0001_0184.uasset" 5759
"../../../Engine/Content/EngineMaterials/Substrate/Glints2/dict_0002_0211.uasset" 5760
"../../../Engine/Content/EngineMaterials/Substrate/Glints2/dict_0004_0165.uasset" 5761
"../../../Engine/Content/EngineMaterials/Substrate/Glints2/dict_0003_0091.uasset" 5762
"../../../Engine/Content/EngineMaterials/Substrate/Glints2/dict_0005_0099.uasset" 5763
"C:/Users/zxxuh/AppData/Local/UnrealEngine/Common/DerivedDataCache/Buckets/BulkDataList/ea/b7/1ef3acb70b4b21c4bc45a9354fa9a5d747e1.udd" 5764
"../../../Engine/Content/EngineMaterials/Substrate/Glints2/dict_0001_0090.uasset" 5765
"C:/Users/zxxuh/AppData/Local/UnrealEngine/Common/DerivedDataCache/Buckets/BulkDataList/6a/8c/090659473b4dd83feb20c68ccd2e5b4d4b3a.udd" 5766
"../../../Engine/Content/EngineMaterials/Substrate/Glints2/dict_0006_0208.uasset" 5767
"C:/Users/zxxuh/AppData/Local/UnrealEngine/Common/DerivedDataCache/Buckets/BulkDataList/a6/1c/55c6efcbdce6aebced5368f86c3895f04e00.udd" 5768
"../../../Engine/Content/EngineMaterials/Substrate/Glints2/dict_0003_0061.uasset" 5769
"C:/Users/zxxuh/AppData/Local/UnrealEngine/Common/DerivedDataCache/Buckets/BulkDataList/d4/3b/28fce014690a51a9b24843df0ef887e30ea4.udd" 5770
"../../../Engine/Content/EngineMaterials/Substrate/Glints2/dict_0002_0203.uasset" 5771
"C:/Users/zxxuh/AppData/Local/UnrealEngine/Common/DerivedDataCache/Buckets/BulkDataList/84/ed/0c3114fb8770c38dad7e5fb96220c32706bb.udd" 5772
"../../../Engine/Content/EngineMaterials/Substrate/Glints2/dict_0006_0232.uasset" 5773
"C:/Users/zxxuh/AppData/Local/UnrealEngine/Common/DerivedDataCache/Buckets/BulkDataList/20/4d/9b45270a501be535b318db22e6d131b9f7f0.udd" 5774
"../../../Engine/Content/EngineMaterials/Substrate/Glints2/dict_0004_0114.uasset" 5775
"C:/Users/zxxuh/AppData/Local/UnrealEngine/Common/DerivedDataCache/Buckets/BulkDataList/96/45/19f7ade417a46817c143792925747d303208.udd" 5776
"../../../Engine/Content/EngineMaterials/Substrate/Glints2/dict_0003_0226.uasset" 5777
"C:/Users/zxxuh/AppData/Local/UnrealEngine/Common/DerivedDataCache/Buckets/BulkDataList/1d/95/b4ae7229e1f6952fed05e627ae2c46c54ecf.udd" 5778
"../../../Engine/Content/EngineMaterials/Substrate/Glints2/dict_0002_0157.uasset" 5779
"C:/Users/zxxuh/AppData/Local/UnrealEngine/Common/DerivedDataCache/Buckets/BulkDataList/4a/1f/3e21cc7623b91c0a0f3ce2f1361799adf2df.udd" 5780
"C:/Users/zxxuh/AppData/Local/UnrealEngine/Common/DerivedDataCache/Buckets/BulkDataList/ba/3b/69dfe57ed995cff8b664c86f97db75e27a9c.udd" 5781
"C:/Users/zxxuh/AppData/Local/UnrealEngine/Common/DerivedDataCache/Buckets/BulkDataList/cf/85/65b3c1f1e15033f833e9e53c39a5efae6c66.udd" 5782
"C:/Users/zxxuh/AppData/Local/UnrealEngine/Common/DerivedDataCache/Buckets/BulkDataList/eb/31/fb0e50ad27a5610e694aee9019ee3a0bb833.udd" 5783
"C:/Users/zxxuh/AppData/Local/UnrealEngine/Common/DerivedDataCache/Buckets/BulkDataList/0b/07/0aa5961e8cecdeab2add0b6cdfe8bd3830fb.udd" 5784
"C:/Users/zxxuh/AppData/Local/UnrealEngine/Common/DerivedDataCache/Buckets/BulkDataList/39/d2/62fc7603107100f9db534768d120ae2be0fb.udd" 5785
"C:/Users/zxxuh/AppData/Local/UnrealEngine/Common/DerivedDataCache/Buckets/BulkDataList/ad/be/95c25864f948263a2871a03b8c3831a231e1.udd" 5786
"C:/Users/zxxuh/AppData/Local/UnrealEngine/Common/DerivedDataCache/Buckets/BulkDataList/69/25/21e489e30bd3347a3f28de41432f0ba4d3a9.udd" 5787
"C:/Users/zxxuh/AppData/Local/UnrealEngine/Common/DerivedDataCache/Buckets/BulkDataList/91/94/b214b464c968cd40f76543e1e0b6c22440d7.udd" 5788
"C:/Users/zxxuh/AppData/Local/UnrealEngine/Common/DerivedDataCache/Buckets/BulkDataList/53/32/80f2328480ec31be6108d184dc94ebb0ce8a.udd" 5789
"C:/Users/zxxuh/AppData/Local/UnrealEngine/Common/DerivedDataCache/Buckets/BulkDataList/d5/2a/22b93c53c3ec450c02accf37d64a47ca28d4.udd" 5790
"C:/Users/zxxuh/AppData/Local/UnrealEngine/Common/DerivedDataCache/Buckets/BulkDataList/dd/a4/9cf1ba83902f60ac24e6851c6b6970c54765.udd" 5791
"C:/Users/zxxuh/AppData/Local/UnrealEngine/Common/DerivedDataCache/Buckets/BulkDataList/3d/21/ea91125a7ddb0ac4f6b77bae03d51919b16d.udd" 5792
"C:/Users/zxxuh/AppData/Local/UnrealEngine/Common/DerivedDataCache/Buckets/BulkDataList/0e/46/28c80c4ea4325ddd8dd49ad46c5d4eebc51f.udd" 5793
"C:/Users/zxxuh/AppData/Local/UnrealEngine/Common/DerivedDataCache/Buckets/BulkDataList/3a/61/b297359578b6f9abe6fe2dc30b77bead6a56.udd" 5794
"C:/Users/zxxuh/AppData/Local/UnrealEngine/Common/DerivedDataCache/Buckets/BulkDataList/5e/5f/ed718276e3be5929c8088b3487d211ab8fcf.udd" 5795
"C:/Users/zxxuh/AppData/Local/UnrealEngine/Common/DerivedDataCache/Buckets/BulkDataList/75/b1/c5845b332615edf7816bf7a62df168fb3345.udd" 5796
"C:/Users/zxxuh/AppData/Local/UnrealEngine/Common/DerivedDataCache/Buckets/BulkDataList/65/bd/7a4299c036f55cc8faf17724a2182470187b.udd" 5797
"C:/Users/zxxuh/AppData/Local/UnrealEngine/Common/DerivedDataCache/Buckets/BulkDataList/ab/40/fbbce1e814047ebe37fbfa9104cde123563f.udd" 5798
"C:/Users/zxxuh/AppData/Local/UnrealEngine/Common/DerivedDataCache/Buckets/BulkDataList/cd/8f/96336ee1e0116ab0e8690b977ae755b3c018.udd" 5799
"C:/Users/zxxuh/AppData/Local/UnrealEngine/Common/DerivedDataCache/Buckets/BulkDataList/69/04/4b8626df4fc463973d49f5672b8612514f92.udd" 5800
"C:/Users/zxxuh/AppData/Local/UnrealEngine/Common/DerivedDataCache/Buckets/BulkDataList/4d/11/d8db8edf5e87722ff08bba25293fc151394b.udd" 5801
"C:/Users/zxxuh/AppData/Local/UnrealEngine/Common/DerivedDataCache/Buckets/BulkDataList/15/76/8926f3597ef113934de44142a5dd956f221d.udd" 5802
"C:/Users/zxxuh/AppData/Local/UnrealEngine/Common/DerivedDataCache/Buckets/BulkDataList/06/91/5ce2e402e343a243c013c815a958a978b8f3.udd" 5803
"../../../Engine/Content/EngineMaterials/Substrate/Glints2/dict_0007_0101.uasset" 5804
"../../../Engine/Content/EngineMaterials/Substrate/Glints2/dict_0000_0173.uasset" 5805
"../../../Engine/Content/EngineMaterials/Substrate/Glints2/dict_0004_0198.uasset" 5806
"../../../Engine/Content/EngineMaterials/Substrate/Glints2/dict_0006_0117.uasset" 5807
"../../../Engine/Content/EngineMaterials/Substrate/Glints2/dict_0007_0235.uasset" 5808
"../../../Engine/Content/EngineMaterials/Substrate/Glints2/dict_0007_0197.uasset" 5809
"../../../Engine/Content/EngineMaterials/Substrate/Glints2/dict_0005_0082.uasset" 5810
"../../../Engine/Content/EngineMaterials/Substrate/Glints2/dict_0000_0146.uasset" 5811
"../../../Engine/Content/EngineMaterials/Substrate/Glints2/dict_0004_0159.uasset" 5812
"../../../Engine/Content/EngineMaterials/Substrate/Glints2/dict_0000_0238.uasset" 5813
"../../../Engine/Content/EngineMaterials/Substrate/Glints2/dict_0002_0170.uasset" 5814
"../../../Engine/Content/EngineMaterials/Substrate/Glints2/dict_0007_0081.uasset" 5815
"../../../Engine/Content/EngineMaterials/Substrate/Glints2/dict_0001_0140.uasset" 5816
"../../../Engine/Content/EngineMaterials/Substrate/Glints2/dict_0007_0200.uasset" 5817
"../../../Engine/Content/EngineMaterials/Substrate/Glints2/dict_0005_0011.uasset" 5818
"../../../Engine/Content/EngineMaterials/Substrate/Glints2/dict_0005_0101.uasset" 5819
"../../../Engine/Content/EngineMaterials/Substrate/Glints2/dict_0001_0242.uasset" 5820
"../../../Engine/Content/EngineMaterials/Substrate/Glints2/dict_0002_0114.uasset" 5821
"../../../Engine/Content/EngineMaterials/Substrate/Glints2/dict_0004_0005.uasset" 5822
"../../../Engine/Content/EngineMaterials/Substrate/Glints2/dict_0005_0159.uasset" 5823
"../../../Engine/Content/EngineMaterials/Substrate/Glints2/dict_0001_0169.uasset" 5824
"../../../Engine/Content/EngineMaterials/Substrate/Glints2/dict_0000_0191.uasset" 5825
"../../../Engine/Content/EngineMaterials/Substrate/Glints2/dict_0000_0137.uasset" 5826
"../../../Engine/Content/EngineMaterials/Substrate/Glints2/dict_0003_0212.uasset" 5827
"C:/Users/zxxuh/AppData/Local/UnrealEngine/Common/DerivedDataCache/Buckets/BulkDataList/d9/c8/8f006d685e208ce82ade6f72904764393760.udd" 5828
"../../../Engine/Content/EngineMaterials/Substrate/Glints2/dict_0006_0162.uasset" 5829
"C:/Users/zxxuh/AppData/Local/UnrealEngine/Common/DerivedDataCache/Buckets/BulkDataList/d9/c6/6896ece84bd661abae00bac3a68a8dcaac96.udd" 5830
"../../../Engine/Content/EngineMaterials/Substrate/Glints2/dict_0003_0012.uasset" 5831
"C:/Users/zxxuh/AppData/Local/UnrealEngine/Common/DerivedDataCache/Buckets/BulkDataList/ec/b5/d387cd7d506111c304ba1eea3d59eb4684e4.udd" 5832
"../../../Engine/Content/EngineMaterials/Substrate/Glints2/dict_0001_0255.uasset" 5833
"../../../Engine/Content/EngineMaterials/Substrate/Glints2/dict_0006_0110.uasset" 5834
"C:/Users/zxxuh/AppData/Local/UnrealEngine/Common/DerivedDataCache/Buckets/BulkDataList/4e/f3/5ff302cfef003f34f0b68035c8e995b20ef0.udd" 5835
"../../../Engine/Content/EngineMaterials/Substrate/Glints2/dict_0005_0079.uasset" 5836
"C:/Users/zxxuh/AppData/Local/UnrealEngine/Common/DerivedDataCache/Buckets/BulkDataList/d2/65/633cc93d827d1208019e415626c620cc6622.udd" 5837
"C:/Users/zxxuh/AppData/Local/UnrealEngine/Common/DerivedDataCache/Buckets/BulkDataList/88/7e/17bce5439590b009cfe6ffe2c68b44577651.udd" 5838
"../../../Engine/Content/EngineMaterials/Substrate/Glints2/dict_0003_0131.uasset" 5839
"C:/Users/zxxuh/AppData/Local/UnrealEngine/Common/DerivedDataCache/Buckets/BulkDataList/33/df/8633f4c856086a17c5abb7c3db328bf16c58.udd" 5840
"../../../Engine/Content/EngineMaterials/Substrate/Glints2/dict_0002_0151.uasset" 5841
"C:/Users/zxxuh/AppData/Local/UnrealEngine/Common/DerivedDataCache/Buckets/BulkDataList/24/0f/2c808ec30eee985afc77dfddae43fe568cfa.udd" 5842
"../../../Engine/Content/EngineMaterials/Substrate/Glints2/dict_0005_0051.uasset" 5843
"C:/Users/zxxuh/AppData/Local/UnrealEngine/Common/DerivedDataCache/Buckets/BulkDataList/bd/78/de9f2396e8d87b241e456e8193b1383a3388.udd" 5844
"C:/Users/zxxuh/AppData/Local/UnrealEngine/Common/DerivedDataCache/Buckets/BulkDataList/76/cb/f4234d86a75b790c9714627f1f21e092a805.udd" 5845
"C:/Users/zxxuh/AppData/Local/UnrealEngine/Common/DerivedDataCache/Buckets/BulkDataList/f7/16/0b8ee7f7a420025d7af46d98a048f5b9723a.udd" 5846
"C:/Users/zxxuh/AppData/Local/UnrealEngine/Common/DerivedDataCache/Buckets/BulkDataList/b7/ee/47de0bb3ec7e34a4a53198263d37eac622a1.udd" 5847
"C:/Users/zxxuh/AppData/Local/UnrealEngine/Common/DerivedDataCache/Buckets/BulkDataList/e2/ea/97bdae824b01835eb522fd7bd47a7c896a44.udd" 5848
"C:/Users/zxxuh/AppData/Local/UnrealEngine/Common/DerivedDataCache/Buckets/BulkDataList/b6/d5/0103b07bb0532a00b1925a650254498e9f85.udd" 5849
"C:/Users/zxxuh/AppData/Local/UnrealEngine/Common/DerivedDataCache/Buckets/BulkDataList/c6/54/8d9c8a2f8d4dd418178536ae002c9b0c2b30.udd" 5850
"C:/Users/zxxuh/AppData/Local/UnrealEngine/Common/DerivedDataCache/Buckets/BulkDataList/a9/6f/251250b401c13e1c497db744986c3b5881cd.udd" 5851
"C:/Users/zxxuh/AppData/Local/UnrealEngine/Common/DerivedDataCache/Buckets/BulkDataList/04/ac/457d10136056ee529b3db703b81ba76f9b3b.udd" 5852
"C:/Users/zxxuh/AppData/Local/UnrealEngine/Common/DerivedDataCache/Buckets/BulkDataList/2a/b3/5f35ddfd4dae04a634575b157e12cfce4561.udd" 5853
"C:/Users/zxxuh/AppData/Local/UnrealEngine/Common/DerivedDataCache/Buckets/BulkDataList/61/e7/1aa1c1c7e9609f70473e7baed70d289675d9.udd" 5854
"C:/Users/zxxuh/AppData/Local/UnrealEngine/Common/DerivedDataCache/Buckets/BulkDataList/5e/ad/56f846333c46416aa40a94887ca0e48df616.udd" 5855
"C:/Users/zxxuh/AppData/Local/UnrealEngine/Common/DerivedDataCache/Buckets/BulkDataList/56/e8/16ca91f2964fad856baf17cfc73be38d983d.udd" 5856
"C:/Users/zxxuh/AppData/Local/UnrealEngine/Common/DerivedDataCache/Buckets/BulkDataList/1a/c0/c748c03542709213d3c4d38dbb0fe973fcb4.udd" 5857
"C:/Users/zxxuh/AppData/Local/UnrealEngine/Common/DerivedDataCache/Buckets/BulkDataList/a5/a6/bb8fcb47107fe8941aacbc7ed974438716c8.udd" 5858
"C:/Users/zxxuh/AppData/Local/UnrealEngine/Common/DerivedDataCache/Buckets/BulkDataList/9e/6e/43d4e194461f80b6b8ec486725130789b94b.udd" 5859
"C:/Users/zxxuh/AppData/Local/UnrealEngine/Common/DerivedDataCache/Buckets/BulkDataList/53/c5/374e2cc27e0957d986dcebef655326922783.udd" 5860
"C:/Users/zxxuh/AppData/Local/UnrealEngine/Common/DerivedDataCache/Buckets/BulkDataList/89/a0/048f0189a974a6a8e6df2102a8957cc1cd7c.udd" 5861
"C:/Users/zxxuh/AppData/Local/UnrealEngine/Common/DerivedDataCache/Buckets/BulkDataList/c0/c8/1391bc52d1e76334c45ef84aab3f3f6a6bed.udd" 5862
"C:/Users/zxxuh/AppData/Local/UnrealEngine/Common/DerivedDataCache/Buckets/BulkDataList/75/56/704a74c8a1f251742695336a24f17b84ce7d.udd" 5863
"C:/Users/zxxuh/AppData/Local/UnrealEngine/Common/DerivedDataCache/Buckets/BulkDataList/b3/96/b5679ef1f23ce658f042342b9168b00fa514.udd" 5864
"C:/Users/zxxuh/AppData/Local/UnrealEngine/Common/DerivedDataCache/Buckets/BulkDataList/c3/76/61f0077197d80bd4d6ba9d6a5b06dd07eb2a.udd" 5865
"C:/Users/zxxuh/AppData/Local/UnrealEngine/Common/DerivedDataCache/Buckets/BulkDataList/52/b4/841df1ed5731e1de4aeb551e9b3dbbaf11bf.udd" 5866
"C:/Users/zxxuh/AppData/Local/UnrealEngine/Common/DerivedDataCache/Buckets/BulkDataList/df/4c/d2504cf148d1b7fa6579c2fc109a45b3b4bd.udd" 5867
"../../../Engine/Content/EngineMaterials/Substrate/Glints2/dict_0005_0029.uasset" 5868
"../../../Engine/Content/EngineMaterials/Substrate/Glints2/dict_0001_0172.uasset" 5869
"../../../Engine/Content/EngineMaterials/Substrate/Glints2/dict_0006_0201.uasset" 5870
"../../../Engine/Content/EngineMaterials/Substrate/Glints2/dict_0000_0148.uasset" 5871
"../../../Engine/Content/EngineMaterials/Substrate/Glints2/dict_0007_0150.uasset" 5872
"../../../Engine/Content/EngineMaterials/Substrate/Glints2/dict_0004_0141.uasset" 5873
"../../../Engine/Content/EngineMaterials/Substrate/Glints2/dict_0001_0079.uasset" 5874
"../../../Engine/Content/EngineMaterials/Substrate/Glints2/dict_0001_0211.uasset" 5875
"../../../Engine/Content/EngineMaterials/Substrate/Glints2/dict_0000_0157.uasset" 5876
"../../../Engine/Content/EngineMaterials/Substrate/Glints2/dict_0003_0233.uasset" 5877
"../../../Engine/Content/EngineMaterials/Substrate/Glints2/dict_0001_0240.uasset" 5878
"../../../Engine/Content/EngineMaterials/Substrate/Glints2/dict_0004_0026.uasset" 5879
"../../../Engine/Content/EngineMaterials/Substrate/Glints2/dict_0002_0213.uasset" 5880
"../../../Engine/Content/EngineMaterials/Substrate/Glints2/dict_0005_0096.uasset" 5881
"../../../Engine/Content/EngineMaterials/Substrate/Glints2/dict_0005_0115.uasset" 5882
"../../../Engine/Content/EngineMaterials/Substrate/Glints2/dict_0001_0252.uasset" 5883
"../../../Engine/Content/EngineMaterials/Substrate/Glints2/dict_0006_0175.uasset" 5884
"../../../Engine/Content/EngineMaterials/Substrate/Glints2/dict_0003_0246.uasset" 5885
"../../../Engine/Content/EngineMaterials/Substrate/Glints2/dict_0001_0099.uasset" 5886
"../../../Engine/Content/EngineMaterials/Substrate/Glints2/dict_0006_0009.uasset" 5887
"../../../Engine/Content/EngineMaterials/Substrate/Glints2/dict_0005_0167.uasset" 5888
"../../../Engine/Content/EngineMaterials/Substrate/Glints2/dict_0007_0177.uasset" 5889
"../../../Engine/Content/EngineMaterials/Substrate/Glints2/dict_0005_0059.uasset" 5890
"../../../Engine/Content/EngineMaterials/Substrate/Glints2/dict_0000_0198.uasset" 5891
"C:/Users/zxxuh/AppData/Local/UnrealEngine/Common/DerivedDataCache/Buckets/BulkDataList/f6/fb/5f1d2d534b8f15a719cd7cd7e1f90dab814b.udd" 5892
"../../../Engine/Content/EngineMaterials/Substrate/Glints2/dict_0004_0001.uasset" 5893
"C:/Users/zxxuh/AppData/Local/UnrealEngine/Common/DerivedDataCache/Buckets/BulkDataList/66/20/8c42bff3c4280e0451490f78d74abe6de0ae.udd" 5894
"../../../Engine/Content/EngineMaterials/Substrate/Glints2/dict_0003_0032.uasset" 5895
"C:/Users/zxxuh/AppData/Local/UnrealEngine/Common/DerivedDataCache/Buckets/BulkDataList/29/32/cb428cea037721e2bfbd28cda7e9e3e7fc94.udd" 5896
"../../../Engine/Content/EngineMaterials/Substrate/Glints2/dict_0002_0207.uasset" 5897
"C:/Users/zxxuh/AppData/Local/UnrealEngine/Common/DerivedDataCache/Buckets/BulkDataList/e8/9c/1e61a8646b364737cca5751d22cf2c3fe417.udd" 5898
"../../../Engine/Content/EngineMaterials/Substrate/Glints2/dict_0005_0104.uasset" 5899
"C:/Users/zxxuh/AppData/Local/UnrealEngine/Common/DerivedDataCache/Buckets/BulkDataList/f7/91/3d4ca0180bcfb6248238b354d576aaa1fe62.udd" 5900
"../../../Engine/Content/EngineMaterials/Substrate/Glints2/dict_0003_0171.uasset" 5901
"C:/Users/zxxuh/AppData/Local/UnrealEngine/Common/DerivedDataCache/Buckets/BulkDataList/4b/c3/4141c4958e17b89cea7d893dec0f1a11c445.udd" 5902
"../../../Engine/Content/EngineMaterials/Substrate/Glints2/dict_0003_0021.uasset" 5903
"C:/Users/zxxuh/AppData/Local/UnrealEngine/Common/DerivedDataCache/Buckets/BulkDataList/ff/dc/9bf2e188472c90ef57203b218ca80c3bd723.udd" 5904
"../../../Engine/Content/EngineMaterials/Substrate/Glints2/dict_0002_0017.uasset" 5905
"C:/Users/zxxuh/AppData/Local/UnrealEngine/Common/DerivedDataCache/Buckets/BulkDataList/e6/0a/4474030d210a368449995660323280499907.udd" 5906
"../../../Engine/Content/EngineMaterials/Substrate/Glints2/dict_0007_0061.uasset" 5907
"C:/Users/zxxuh/AppData/Local/UnrealEngine/Common/DerivedDataCache/Buckets/BulkDataList/08/53/0768f13cf3394b9467007b1c4aec7e122ddd.udd" 5908
"C:/Users/zxxuh/AppData/Local/UnrealEngine/Common/DerivedDataCache/Buckets/BulkDataList/c7/a6/43990ddb43637a282fd5b7bfa69701aae4c6.udd" 5909
"C:/Users/zxxuh/AppData/Local/UnrealEngine/Common/DerivedDataCache/Buckets/BulkDataList/d1/6e/f69d694c9e36283aa92ba18264c028360290.udd" 5910
"C:/Users/zxxuh/AppData/Local/UnrealEngine/Common/DerivedDataCache/Buckets/BulkDataList/de/23/27ec996888d39349e0e46ee48a275b0405bb.udd" 5911
"C:/Users/zxxuh/AppData/Local/UnrealEngine/Common/DerivedDataCache/Buckets/BulkDataList/ac/a3/93aa7653a5924ed55ba1f3af552123ff3ec2.udd" 5912
"C:/Users/zxxuh/AppData/Local/UnrealEngine/Common/DerivedDataCache/Buckets/BulkDataList/4c/8f/58ab1bbbaa1161a10bea6680e85088c3e553.udd" 5913
"C:/Users/zxxuh/AppData/Local/UnrealEngine/Common/DerivedDataCache/Buckets/BulkDataList/11/23/d444cb889f1617bc1783279cabeef1abb496.udd" 5914
"C:/Users/zxxuh/AppData/Local/UnrealEngine/Common/DerivedDataCache/Buckets/BulkDataList/bb/3a/3dfda0f7fc6b8dcbc8f99dd1c81e1547ab28.udd" 5915
"C:/Users/zxxuh/AppData/Local/UnrealEngine/Common/DerivedDataCache/Buckets/BulkDataList/06/86/ca4672b34d4cf11c6b3d74460e46a46117cb.udd" 5916
"C:/Users/zxxuh/AppData/Local/UnrealEngine/Common/DerivedDataCache/Buckets/BulkDataList/b8/00/656451db58c8f990a55a8a793e8fa1bd1c5a.udd" 5917
"C:/Users/zxxuh/AppData/Local/UnrealEngine/Common/DerivedDataCache/Buckets/BulkDataList/6e/61/7d4fdff546e7ab70d70e3015f197e6e2907a.udd" 5918
"C:/Users/zxxuh/AppData/Local/UnrealEngine/Common/DerivedDataCache/Buckets/BulkDataList/f6/51/5ec6dabff89724cb9b9c49afade307a1cb00.udd" 5919
"C:/Users/zxxuh/AppData/Local/UnrealEngine/Common/DerivedDataCache/Buckets/BulkDataList/8d/93/e68b278070b2b6d3b9dbe616d714cfc2189d.udd" 5920
"C:/Users/zxxuh/AppData/Local/UnrealEngine/Common/DerivedDataCache/Buckets/BulkDataList/78/e7/a5f18c04708657fe0921cde295ed824a07a4.udd" 5921
"C:/Users/zxxuh/AppData/Local/UnrealEngine/Common/DerivedDataCache/Buckets/BulkDataList/5e/c8/0df9e9ffd0d18dfb1192a58cc8e09d5ac272.udd" 5922
"C:/Users/zxxuh/AppData/Local/UnrealEngine/Common/DerivedDataCache/Buckets/BulkDataList/a1/7f/4ad596ec06146e1425c8339ce6671aa1d3e7.udd" 5923
"C:/Users/zxxuh/AppData/Local/UnrealEngine/Common/DerivedDataCache/Buckets/BulkDataList/58/45/4eb7bc662320311e5551cec05cf0d8200abe.udd" 5924
"C:/Users/zxxuh/AppData/Local/UnrealEngine/Common/DerivedDataCache/Buckets/BulkDataList/fe/a0/1e4c05dc54eb47f3cc90fa55ecdac5833842.udd" 5925
"C:/Users/zxxuh/AppData/Local/UnrealEngine/Common/DerivedDataCache/Buckets/BulkDataList/f3/b9/c2961a179d242d1b6f0e4f07698095eb0143.udd" 5926
"C:/Users/zxxuh/AppData/Local/UnrealEngine/Common/DerivedDataCache/Buckets/BulkDataList/41/4c/c3d70e20ac3c97df5a144d5e0901aef697aa.udd" 5927
"C:/Users/zxxuh/AppData/Local/UnrealEngine/Common/DerivedDataCache/Buckets/BulkDataList/ab/80/4573dd0a4318004f04238ed3891478aa1494.udd" 5928
"C:/Users/zxxuh/AppData/Local/UnrealEngine/Common/DerivedDataCache/Buckets/BulkDataList/ad/39/d294d35e80a0d24fb62ec3e83251d15212c4.udd" 5929
"C:/Users/zxxuh/AppData/Local/UnrealEngine/Common/DerivedDataCache/Buckets/BulkDataList/51/a9/0a654196a0414920abfb961d27753df2c145.udd" 5930
"C:/Users/zxxuh/AppData/Local/UnrealEngine/Common/DerivedDataCache/Buckets/BulkDataList/f1/73/a3998c4085b414c8a9e64c84385d50538937.udd" 5931
"../../../Engine/Content/EngineMaterials/Substrate/Glints2/dict_0003_0164.uasset" 5932
"../../../Engine/Content/EngineMaterials/Substrate/Glints2/dict_0006_0189.uasset" 5933
"../../../Engine/Content/EngineMaterials/Substrate/Glints2/dict_0004_0121.uasset" 5934
"../../../Engine/Content/EngineMaterials/Substrate/Glints2/dict_0007_0143.uasset" 5935
"../../../Engine/Content/EngineMaterials/Substrate/Glints2/dict_0000_0192.uasset" 5936
"../../../Engine/Content/EngineMaterials/Substrate/Glints2/dict_0002_0193.uasset" 5937
"../../../Engine/Content/EngineMaterials/Substrate/Glints2/dict_0005_0012.uasset" 5938
"../../../Engine/Content/EngineMaterials/Substrate/Glints2/dict_0001_0241.uasset" 5939
"../../../Engine/Content/EngineMaterials/Substrate/Glints2/dict_0002_0187.uasset" 5940
"../../../Engine/Content/EngineMaterials/Substrate/Glints2/dict_0002_0179.uasset" 5941
"../../../Engine/Content/EngineMaterials/Substrate/Glints2/dict_0001_0234.uasset" 5942
"../../../Engine/Content/EngineMaterials/Substrate/Glints2/dict_0003_0199.uasset" 5943
"../../../Engine/Content/EngineMaterials/Substrate/Glints2/dict_0003_0176.uasset" 5944
"../../../Engine/Content/EngineMaterials/Substrate/Glints2/dict_0006_0084.uasset" 5945
"../../../Engine/Content/EngineMaterials/Substrate/Glints2/dict_0005_0171.uasset" 5946
"../../../Engine/Content/EngineMaterials/Substrate/Glints2/dict_0005_0020.uasset" 5947
"../../../Engine/Content/EngineMaterials/Substrate/Glints2/dict_0006_0192.uasset" 5948
"../../../Engine/Content/EngineMaterials/Substrate/Glints2/dict_0001_0055.uasset" 5949
"../../../Engine/Content/EngineMaterials/Substrate/Glints2/dict_0003_0154.uasset" 5950
"../../../Engine/Content/EngineMaterials/Substrate/Glints2/dict_0001_0003.uasset" 5951
"../../../Engine/Content/EngineMaterials/Substrate/Glints2/dict_0007_0129.uasset" 5952
"../../../Engine/Content/EngineMaterials/Substrate/Glints2/dict_0001_0185.uasset" 5953
"../../../Engine/Content/EngineMaterials/Substrate/Glints2/dict_0003_0005.uasset" 5954
"../../../Engine/Content/EngineMaterials/Substrate/Glints2/dict_0001_0080.uasset" 5955
"C:/Users/zxxuh/AppData/Local/UnrealEngine/Common/DerivedDataCache/Buckets/BulkDataList/30/f1/82123cc2879182d171d60c8656a6bde890ce.udd" 5956
"../../../Engine/Content/EngineMaterials/Substrate/Glints2/dict_0003_0237.uasset" 5957
"C:/Users/zxxuh/AppData/Local/UnrealEngine/Common/DerivedDataCache/Buckets/BulkDataList/a5/8a/01e618d2ec0a2036f12636b2aac20f4f7c5b.udd" 5958
"../../../Engine/Content/EngineMaterials/Substrate/Glints2/dict_0003_0203.uasset" 5959
"C:/Users/zxxuh/AppData/Local/UnrealEngine/Common/DerivedDataCache/Buckets/BulkDataList/6b/ac/c3ee379375cbfa1e97f0874b01e603010158.udd" 5960
"../../../Engine/Content/EngineMaterials/Substrate/Glints2/dict_0003_0092.uasset" 5961
"C:/Users/zxxuh/AppData/Local/UnrealEngine/Common/DerivedDataCache/Buckets/BulkDataList/00/f2/b42b8b89b24ef0c71640f918f6cf4b601bd0.udd" 5962
"../../../Engine/Content/EngineMaterials/Substrate/Glints2/dict_0002_0147.uasset" 5963
"C:/Users/zxxuh/AppData/Local/UnrealEngine/Common/DerivedDataCache/Buckets/BulkDataList/21/8a/2fb328377fec113d6148f42545b75db45fd5.udd" 5964
"../../../Engine/Content/EngineMaterials/Substrate/Glints2/dict_0002_0134.uasset" 5965
"C:/Users/zxxuh/AppData/Local/UnrealEngine/Common/DerivedDataCache/Buckets/BulkDataList/34/ca/290f6faa4ee9f6ef3e22f47f7148460a55e0.udd" 5966
"../../../Engine/Content/EngineMaterials/Substrate/Glints2/dict_0006_0081.uasset" 5967
"C:/Users/zxxuh/AppData/Local/UnrealEngine/Common/DerivedDataCache/Buckets/BulkDataList/81/59/be0d2c271d174c8ea2e0b79b844ad7beb159.udd" 5968
"../../../Engine/Content/EngineMaterials/Substrate/Glints2/dict_0003_0183.uasset" 5969
"C:/Users/zxxuh/AppData/Local/UnrealEngine/Common/DerivedDataCache/Buckets/BulkDataList/e9/56/4cfc1c648dae42285dc18bedb3eeb913442a.udd" 5970
"../../../Engine/Content/EngineMaterials/Substrate/Glints2/dict_0005_0207.uasset" 5971
"C:/Users/zxxuh/AppData/Local/UnrealEngine/Common/DerivedDataCache/Buckets/BulkDataList/11/2d/a1646a4e2b03d4811293e6e07fa2e7b5a47d.udd" 5972
"C:/Users/zxxuh/AppData/Local/UnrealEngine/Common/DerivedDataCache/Buckets/BulkDataList/84/d6/bf3fa8f0d570720066e4ba36d8284ed5f615.udd" 5973
"C:/Users/zxxuh/AppData/Local/UnrealEngine/Common/DerivedDataCache/Buckets/BulkDataList/04/72/a8956a3c77a034d140d4660c1c8451f22c9a.udd" 5974
"C:/Users/zxxuh/AppData/Local/UnrealEngine/Common/DerivedDataCache/Buckets/BulkDataList/84/11/d24f3076de0971fd580634baaf1f8dfefabd.udd" 5975
"C:/Users/zxxuh/AppData/Local/UnrealEngine/Common/DerivedDataCache/Buckets/BulkDataList/7d/c2/0e126d0fb4380441d1a3785d36a0c90039a7.udd" 5976
"C:/Users/zxxuh/AppData/Local/UnrealEngine/Common/DerivedDataCache/Buckets/BulkDataList/76/fc/3f1b10040bd227e30b723d553c21a4260e96.udd" 5977
"C:/Users/zxxuh/AppData/Local/UnrealEngine/Common/DerivedDataCache/Buckets/BulkDataList/1f/f1/59bdad3faa39fde297f62ec108d010560a23.udd" 5978
"C:/Users/zxxuh/AppData/Local/UnrealEngine/Common/DerivedDataCache/Buckets/BulkDataList/00/0a/24e282f18187c115b9c1c8315011037f30fe.udd" 5979
"C:/Users/zxxuh/AppData/Local/UnrealEngine/Common/DerivedDataCache/Buckets/BulkDataList/ee/27/03c50af990ed4a2833e2cb18b9f353d4f782.udd" 5980
"C:/Users/zxxuh/AppData/Local/UnrealEngine/Common/DerivedDataCache/Buckets/BulkDataList/3f/a1/6f0b6ba263bcaf2b7bc63786e98f856a4285.udd" 5981
"C:/Users/zxxuh/AppData/Local/UnrealEngine/Common/DerivedDataCache/Buckets/BulkDataList/85/50/66826f0b107f98d9a2bb39d09dd6143de7e2.udd" 5982
"C:/Users/zxxuh/AppData/Local/UnrealEngine/Common/DerivedDataCache/Buckets/BulkDataList/de/5b/1308b27422afbcba1243ab0033bef6bb57ce.udd" 5983
"C:/Users/zxxuh/AppData/Local/UnrealEngine/Common/DerivedDataCache/Buckets/BulkDataList/f5/9f/cea23c9b8eb4cb1d50d3caef0a455166d87f.udd" 5984
"C:/Users/zxxuh/AppData/Local/UnrealEngine/Common/DerivedDataCache/Buckets/BulkDataList/47/49/456b784a81cb7f102b120ed301ee7ab00264.udd" 5985
"C:/Users/zxxuh/AppData/Local/UnrealEngine/Common/DerivedDataCache/Buckets/BulkDataList/63/18/3bce790d2f67147643a68127256a5fc2262a.udd" 5986
"C:/Users/zxxuh/AppData/Local/UnrealEngine/Common/DerivedDataCache/Buckets/BulkDataList/7d/09/d7e0eb90c0d079cf1b7ca4b914667e507e71.udd" 5987
"C:/Users/zxxuh/AppData/Local/UnrealEngine/Common/DerivedDataCache/Buckets/BulkDataList/a7/bb/a32656470d1f193641b6c06cb27c78e2f6a6.udd" 5988
"C:/Users/zxxuh/AppData/Local/UnrealEngine/Common/DerivedDataCache/Buckets/BulkDataList/50/b2/a758f697baae8035b30db7dcbc43ce75f019.udd" 5989
"C:/Users/zxxuh/AppData/Local/UnrealEngine/Common/DerivedDataCache/Buckets/BulkDataList/62/56/8fa9afe8e3996b1c05b2f5cdd1afa0fc5506.udd" 5990
"C:/Users/zxxuh/AppData/Local/UnrealEngine/Common/DerivedDataCache/Buckets/BulkDataList/5c/60/47983453802ba5a885e3319bab13142b7c4e.udd" 5991
"C:/Users/zxxuh/AppData/Local/UnrealEngine/Common/DerivedDataCache/Buckets/BulkDataList/b3/00/38c7a6ca5ee38485835b02018a004670c536.udd" 5992
"C:/Users/zxxuh/AppData/Local/UnrealEngine/Common/DerivedDataCache/Buckets/BulkDataList/65/60/fe15ec92c6b027da904bdc9c91a868e31e95.udd" 5993
"C:/Users/zxxuh/AppData/Local/UnrealEngine/Common/DerivedDataCache/Buckets/BulkDataList/6c/4c/2774d464f5020e37387b5e3bdd8795ff298e.udd" 5994
"C:/Users/zxxuh/AppData/Local/UnrealEngine/Common/DerivedDataCache/Buckets/BulkDataList/4f/e2/23a039e8a5baca5a6aba639ce7f0b1483528.udd" 5995
"../../../Engine/Content/EngineMaterials/Substrate/Glints2/dict_0005_0184.uasset" 5996
"../../../Engine/Content/EngineMaterials/Substrate/Glints2/dict_0007_0204.uasset" 5997
"../../../Engine/Content/EngineMaterials/Substrate/Glints2/dict_0007_0023.uasset" 5998
"../../../Engine/Content/EngineMaterials/Substrate/Glints2/dict_0007_0086.uasset" 5999
"../../../Engine/Content/EngineMaterials/Substrate/Glints2/dict_0004_0215.uasset" 6000
"../../../Engine/Content/EngineMaterials/Substrate/Glints2/dict_0004_0058.uasset" 6001
"../../../Engine/Content/EngineMaterials/Substrate/Glints2/dict_0004_0246.uasset" 6002
"../../../Engine/Content/EngineMaterials/Substrate/Glints2/dict_0007_0062.uasset" 6003
"../../../Engine/Content/EngineMaterials/Substrate/Glints2/dict_0000_0029.uasset" 6004
"../../../Engine/Content/EngineMaterials/Substrate/Glints2/dict_0006_0098.uasset" 6005
"../../../Engine/Content/EngineMaterials/Substrate/Glints2/dict_0000_0153.uasset" 6006
"../../../Engine/Content/EngineMaterials/Substrate/Glints2/dict_0004_0179.uasset" 6007
"../../../Engine/Content/EngineMaterials/Substrate/Glints2/dict_0003_0088.uasset" 6008
"../../../Engine/Content/EngineMaterials/Substrate/Glints2/dict_0007_0199.uasset" 6009
"../../../Engine/Content/EngineMaterials/Substrate/Glints2/dict_0003_0169.uasset" 6010
"../../../Engine/Content/EngineMaterials/Substrate/Glints2/dict_0000_0175.uasset" 6011
"../../../Engine/Content/EngineMaterials/Substrate/Glints2/dict_0007_0185.uasset" 6012
"../../../Engine/Content/EngineMaterials/Substrate/Glints2/dict_0003_0119.uasset" 6013
"../../../Engine/Content/EngineMaterials/Substrate/Glints2/dict_0004_0028.uasset" 6014
"../../../Engine/Content/EngineMaterials/Substrate/Glints2/dict_0002_0108.uasset" 6015
"../../../Engine/Content/EngineMaterials/Substrate/Glints2/dict_0005_0067.uasset" 6016
"../../../Engine/Content/EngineMaterials/Substrate/Glints2/dict_0002_0092.uasset" 6017
"../../../Engine/Content/EngineMaterials/Substrate/Glints2/dict_0007_0187.uasset" 6018
"../../../Engine/Content/EngineMaterials/Substrate/Glints2/dict_0004_0052.uasset" 6019
"C:/Users/zxxuh/AppData/Local/UnrealEngine/Common/DerivedDataCache/Buckets/BulkDataList/94/e1/8fa9777dcfcb2bce866b79b865a70fb88e7b.udd" 6020
"../../../Engine/Content/EngineMaterials/Substrate/Glints2/dict_0004_0242.uasset" 6021
"C:/Users/zxxuh/AppData/Local/UnrealEngine/Common/DerivedDataCache/Buckets/BulkDataList/4b/e1/b8a3d97f760a926f9e111019314a73d5fba3.udd" 6022
"../../../Engine/Content/EngineMaterials/Substrate/Glints2/dict_0006_0176.uasset" 6023
"C:/Users/zxxuh/AppData/Local/UnrealEngine/Common/DerivedDataCache/Buckets/BulkDataList/9a/0c/200d7eacb40ffdb2f8395ac2a74814e7acba.udd" 6024
"../../../Engine/Content/EngineMaterials/Substrate/Glints2/dict_0006_0043.uasset" 6025
"C:/Users/zxxuh/AppData/Local/UnrealEngine/Common/DerivedDataCache/Buckets/BulkDataList/54/ba/40485733ac97c5653e720323291304b87fb8.udd" 6026
"../../../Engine/Content/EngineMaterials/Substrate/Glints2/dict_0001_0190.uasset" 6027
"C:/Users/zxxuh/AppData/Local/UnrealEngine/Common/DerivedDataCache/Buckets/BulkDataList/e5/47/f2938ac2a12fda4f302628db4065dbd9bebd.udd" 6028
"../../../Engine/Content/EngineMaterials/Substrate/Glints2/dict_0005_0220.uasset" 6029
"C:/Users/zxxuh/AppData/Local/UnrealEngine/Common/DerivedDataCache/Buckets/BulkDataList/0f/9b/62233e23b57b08f1e37afc3b21c57e623c00.udd" 6030
"../../../Engine/Content/EngineMaterials/Substrate/Glints2/dict_0002_0014.uasset" 6031
"C:/Users/zxxuh/AppData/Local/UnrealEngine/Common/DerivedDataCache/Buckets/BulkDataList/a0/13/1173e8007f4ebfc210b1a7f44530d42ce007.udd" 6032
"../../../Engine/Content/EngineMaterials/Substrate/Glints2/dict_0004_0074.uasset" 6033
"C:/Users/zxxuh/AppData/Local/UnrealEngine/Common/DerivedDataCache/Buckets/BulkDataList/3a/80/f3be1ac2d4ae9be28d2ea5b56abfb48a41a7.udd" 6034
"../../../Engine/Content/EngineMaterials/Substrate/Glints2/dict_0006_0219.uasset" 6035
"C:/Users/zxxuh/AppData/Local/UnrealEngine/Common/DerivedDataCache/Buckets/BulkDataList/61/59/15cadab9e2de7e15eb182c6e84fe75609633.udd" 6036
"C:/Users/zxxuh/AppData/Local/UnrealEngine/Common/DerivedDataCache/Buckets/BulkDataList/9d/bb/f897dbfd8010571d0e69f3617cc32794085b.udd" 6037
"C:/Users/zxxuh/AppData/Local/UnrealEngine/Common/DerivedDataCache/Buckets/BulkDataList/e4/b9/8eca8e7dfb6405b540849c2da783e43b5b18.udd" 6038
"C:/Users/zxxuh/AppData/Local/UnrealEngine/Common/DerivedDataCache/Buckets/BulkDataList/15/15/83cc73d059d35c92ae9e061d389130041aa8.udd" 6039
"C:/Users/zxxuh/AppData/Local/UnrealEngine/Common/DerivedDataCache/Buckets/BulkDataList/e9/91/3f5dccfea9db288034a4147093ed0a58cd76.udd" 6040
"C:/Users/zxxuh/AppData/Local/UnrealEngine/Common/DerivedDataCache/Buckets/BulkDataList/57/0a/4e3ec26a5a152260f59067d4893598878593.udd" 6041
"C:/Users/zxxuh/AppData/Local/UnrealEngine/Common/DerivedDataCache/Buckets/BulkDataList/c0/51/ccb61f0e457db99da13ec10481b044e83e31.udd" 6042
"C:/Users/zxxuh/AppData/Local/UnrealEngine/Common/DerivedDataCache/Buckets/BulkDataList/28/3d/7f4623d1a13a3339a33751df461667b7a3ba.udd" 6043
"C:/Users/zxxuh/AppData/Local/UnrealEngine/Common/DerivedDataCache/Buckets/BulkDataList/d2/e9/e1d2559228ea7f6920310c5a7af78311e4af.udd" 6044
"C:/Users/zxxuh/AppData/Local/UnrealEngine/Common/DerivedDataCache/Buckets/BulkDataList/3b/c7/bf6c2904115e23f94d96f71c37bb4c98ddad.udd" 6045
"C:/Users/zxxuh/AppData/Local/UnrealEngine/Common/DerivedDataCache/Buckets/BulkDataList/34/db/ae91b6cef2ee1e5a57a73059fb4c5e212178.udd" 6046
"C:/Users/zxxuh/AppData/Local/UnrealEngine/Common/DerivedDataCache/Buckets/BulkDataList/fa/08/44cd7bbbb156db41792de5cd1ef1bd9e799e.udd" 6047
"C:/Users/zxxuh/AppData/Local/UnrealEngine/Common/DerivedDataCache/Buckets/BulkDataList/7a/86/36efcbe0762e43a0b1dbeb822c52f33be60b.udd" 6048
"C:/Users/zxxuh/AppData/Local/UnrealEngine/Common/DerivedDataCache/Buckets/BulkDataList/3f/f5/397343f08f5583a0a16adc510365a348637c.udd" 6049
"C:/Users/zxxuh/AppData/Local/UnrealEngine/Common/DerivedDataCache/Buckets/BulkDataList/d9/0e/806345ebc17aec4cae06af186339b0ffb792.udd" 6050
"C:/Users/zxxuh/AppData/Local/UnrealEngine/Common/DerivedDataCache/Buckets/BulkDataList/8f/c0/185ef8e541eaa08993655448be0ab550a285.udd" 6051
"C:/Users/zxxuh/AppData/Local/UnrealEngine/Common/DerivedDataCache/Buckets/BulkDataList/e5/a2/51e3b2cd30c127bd922e31f9330341c29801.udd" 6052
"C:/Users/zxxuh/AppData/Local/UnrealEngine/Common/DerivedDataCache/Buckets/BulkDataList/03/93/7688ec8ff32ebe7b6276e0b381faf8f163a1.udd" 6053
"C:/Users/zxxuh/AppData/Local/UnrealEngine/Common/DerivedDataCache/Buckets/BulkDataList/67/25/84342923b2f88817c93bf516534ab3f630fb.udd" 6054
"C:/Users/zxxuh/AppData/Local/UnrealEngine/Common/DerivedDataCache/Buckets/BulkDataList/c9/5b/70afd68e398eb8dd30a8176b52f5dae47b65.udd" 6055
"C:/Users/zxxuh/AppData/Local/UnrealEngine/Common/DerivedDataCache/Buckets/BulkDataList/8c/04/905055f543712ad0c3189a0d82f5cba0827a.udd" 6056
"C:/Users/zxxuh/AppData/Local/UnrealEngine/Common/DerivedDataCache/Buckets/BulkDataList/f9/15/16c92ccf37156142f10fdfcb76602115abec.udd" 6057
"C:/Users/zxxuh/AppData/Local/UnrealEngine/Common/DerivedDataCache/Buckets/BulkDataList/55/a1/6ecee26997d45dc38082113b1554f2aa6ed5.udd" 6058
"C:/Users/zxxuh/AppData/Local/UnrealEngine/Common/DerivedDataCache/Buckets/BulkDataList/db/86/cebd6c24a1491caba09725ab541e2dd282eb.udd" 6059
"../../../Engine/Content/EngineMaterials/Substrate/Glints2/dict_0001_0232.uasset" 6060
"../../../Engine/Content/EngineMaterials/Substrate/Glints2/dict_0001_0124.uasset" 6061
"../../../Engine/Content/EngineMaterials/Substrate/Glints2/dict_0004_0190.uasset" 6062
"../../../Engine/Content/EngineMaterials/Substrate/Glints2/dict_0000_0246.uasset" 6063
"../../../Engine/Content/EngineMaterials/Substrate/Glints2/dict_0004_0157.uasset" 6064
"../../../Engine/Content/EngineMaterials/Substrate/Glints2/dict_0003_0205.uasset" 6065
"../../../Engine/Content/EngineMaterials/Substrate/Glints2/dict_0002_0171.uasset" 6066
"../../../Engine/Content/EngineMaterials/Substrate/Glints2/dict_0007_0168.uasset" 6067
"../../../Engine/Content/EngineMaterials/Substrate/Glints2/dict_0007_0117.uasset" 6068
"../../../Engine/Content/EngineMaterials/Substrate/Glints2/dict_0002_0098.uasset" 6069
"../../../Engine/Content/EngineMaterials/Substrate/Glints2/dict_0004_0205.uasset" 6070
"../../../Engine/Content/EngineMaterials/Substrate/Glints2/dict_0005_0211.uasset" 6071
"../../../Engine/Content/EngineMaterials/Substrate/Glints2/dict_0006_0089.uasset" 6072
"../../../Engine/Content/EngineMaterials/Substrate/Glints2/dict_0006_0204.uasset" 6073
"../../../Engine/Content/EngineMaterials/Substrate/Glints2/dict_0001_0133.uasset" 6074
"../../../Engine/Content/EngineMaterials/Substrate/Glints2/dict_0001_0105.uasset" 6075
"../../../Engine/Content/EngineMaterials/Substrate/Glints2/dict_0000_0189.uasset" 6076
"../../../Engine/Content/EngineMaterials/Substrate/Glints2/dict_0001_0122.uasset" 6077
"../../../Engine/Content/EngineMaterials/Substrate/Glints2/dict_0006_0222.uasset" 6078
"../../../Engine/Content/EngineMaterials/Substrate/Glints2/dict_0002_0039.uasset" 6079
"../../../Engine/Content/EngineMaterials/Substrate/Glints2/dict_0004_0174.uasset" 6080
"../../../Engine/Content/EngineMaterials/Substrate/Glints2/dict_0000_0107.uasset" 6081
"../../../Engine/Content/EngineMaterials/Substrate/Glints2/dict_0002_0066.uasset" 6082
"../../../Engine/Content/EngineMaterials/Substrate/Glints2/dict_0007_0026.uasset" 6083
"C:/Users/zxxuh/AppData/Local/UnrealEngine/Common/DerivedDataCache/Buckets/BulkDataList/07/2a/2b6f7c0371d4db6249e2da22c7b2da329c0e.udd" 6084
"../../../Engine/Content/EngineMaterials/Substrate/Glints2/dict_0001_0150.uasset" 6085
"C:/Users/zxxuh/AppData/Local/UnrealEngine/Common/DerivedDataCache/Buckets/BulkDataList/8e/dc/a5d44bfd8dcdff1c3d98276ac6ec31951559.udd" 6086
"../../../Engine/Content/EngineMaterials/Substrate/Glints2/dict_0005_0077.uasset" 6087
"C:/Users/zxxuh/AppData/Local/UnrealEngine/Common/DerivedDataCache/Buckets/BulkDataList/de/3b/02040039307fa613540652233f60a2267151.udd" 6088
"../../../Engine/Content/EngineMaterials/Substrate/Glints2/dict_0005_0036.uasset" 6089
"C:/Users/zxxuh/AppData/Local/UnrealEngine/Common/DerivedDataCache/Buckets/BulkDataList/31/23/14cad87f654044cfd3b332961f5062746cbc.udd" 6090
"../../../Engine/Content/EngineMaterials/Substrate/Glints2/dict_0005_0085.uasset" 6091
"C:/Users/zxxuh/AppData/Local/UnrealEngine/Common/DerivedDataCache/Buckets/BulkDataList/6e/86/5e0b6786b69179ee5cadd129551a10635d73.udd" 6092
"../../../Engine/Content/EngineMaterials/Substrate/Glints2/dict_0004_0122.uasset" 6093
"C:/Users/zxxuh/AppData/Local/UnrealEngine/Common/DerivedDataCache/Buckets/BulkDataList/0b/4d/e53d4423a03e58eb68fd68a58b5e6306b149.udd" 6094
"../../../Engine/Content/EngineMaterials/Substrate/Glints2/dict_0001_0235.uasset" 6095
"C:/Users/zxxuh/AppData/Local/UnrealEngine/Common/DerivedDataCache/Buckets/BulkDataList/02/19/c1c521a65492c1552464eee71157930e09b1.udd" 6096
"../../../Engine/Content/EngineMaterials/Substrate/Glints2/dict_0002_0051.uasset" 6097
"C:/Users/zxxuh/AppData/Local/UnrealEngine/Common/DerivedDataCache/Buckets/BulkDataList/96/8c/b2472927fbef441a10cd32eca5d4172210d6.udd" 6098
"../../../Engine/Content/EngineMaterials/Substrate/Glints2/dict_0006_0225.uasset" 6099
"C:/Users/zxxuh/AppData/Local/UnrealEngine/Common/DerivedDataCache/Buckets/BulkDataList/c0/9c/a5ff8aaad0ec2a14321ea67e6f4600b75ff6.udd" 6100
"C:/Users/zxxuh/AppData/Local/UnrealEngine/Common/DerivedDataCache/Buckets/BulkDataList/19/e4/6b1dde0d1705511c360f8140780b46e6a072.udd" 6101
"C:/Users/zxxuh/AppData/Local/UnrealEngine/Common/DerivedDataCache/Buckets/BulkDataList/07/b2/e24e1ce67cf392ed0fb3b88ee50853c83565.udd" 6102
"C:/Users/zxxuh/AppData/Local/UnrealEngine/Common/DerivedDataCache/Buckets/BulkDataList/29/25/1294890a5e615ef10fc04d1df0ec968c8c5c.udd" 6103
"C:/Users/zxxuh/AppData/Local/UnrealEngine/Common/DerivedDataCache/Buckets/BulkDataList/4c/00/f3105af03468d0e5c67243f9cfedb4400c29.udd" 6104
"C:/Users/zxxuh/AppData/Local/UnrealEngine/Common/DerivedDataCache/Buckets/BulkDataList/44/f8/3c3dd383efe7ac1739aa5f0118ad2fc1dd6d.udd" 6105
"C:/Users/zxxuh/AppData/Local/UnrealEngine/Common/DerivedDataCache/Buckets/BulkDataList/48/10/57ed84ef0dcfd0a007c7409416511ef4c059.udd" 6106
"C:/Users/zxxuh/AppData/Local/UnrealEngine/Common/DerivedDataCache/Buckets/BulkDataList/86/2c/09737c2e882fe1cfdfb16e3b6ae4ff35f3ca.udd" 6107
"C:/Users/zxxuh/AppData/Local/UnrealEngine/Common/DerivedDataCache/Buckets/BulkDataList/26/b2/1b90501ddb6ef428ad186b62370ef8c41d08.udd" 6108
"C:/Users/zxxuh/AppData/Local/UnrealEngine/Common/DerivedDataCache/Buckets/BulkDataList/45/c3/bbcbf5f87f2e31756c5c74584653723609e1.udd" 6109
"C:/Users/zxxuh/AppData/Local/UnrealEngine/Common/DerivedDataCache/Buckets/BulkDataList/2c/ce/3239a542936d70fcd20bfc8dc1a5427021db.udd" 6110
"C:/Users/zxxuh/AppData/Local/UnrealEngine/Common/DerivedDataCache/Buckets/BulkDataList/ad/f5/91aa3fcce75ecb19e016dee027cf73855dda.udd" 6111
"C:/Users/zxxuh/AppData/Local/UnrealEngine/Common/DerivedDataCache/Buckets/BulkDataList/df/43/ed09987fc9427536203ab3da1a6ccd296c8c.udd" 6112
"C:/Users/zxxuh/AppData/Local/UnrealEngine/Common/DerivedDataCache/Buckets/BulkDataList/8f/4e/246918a8b2cc53be15fc0f6a4237462569d2.udd" 6113
"C:/Users/zxxuh/AppData/Local/UnrealEngine/Common/DerivedDataCache/Buckets/BulkDataList/c4/3f/9bdaa9a402f5a544b79243faff0288eb9c85.udd" 6114
"C:/Users/zxxuh/AppData/Local/UnrealEngine/Common/DerivedDataCache/Buckets/BulkDataList/c5/55/188eca38adfdc6834d5b6e186c3fc4eb1ce0.udd" 6115
"C:/Users/zxxuh/AppData/Local/UnrealEngine/Common/DerivedDataCache/Buckets/BulkDataList/7d/67/0fe997bcf24a7c7da29e9b12a2a1316a44df.udd" 6116
"C:/Users/zxxuh/AppData/Local/UnrealEngine/Common/DerivedDataCache/Buckets/BulkDataList/ef/be/d16db77482ad41698053b0de8a35d6fa0185.udd" 6117
"C:/Users/zxxuh/AppData/Local/UnrealEngine/Common/DerivedDataCache/Buckets/BulkDataList/36/fb/bef1a2aa6f8665a3d2eb27206c75a5fb5096.udd" 6118
"C:/Users/zxxuh/AppData/Local/UnrealEngine/Common/DerivedDataCache/Buckets/BulkDataList/8f/63/38254bfe7828628764d502f027434c2c2af1.udd" 6119
"C:/Users/zxxuh/AppData/Local/UnrealEngine/Common/DerivedDataCache/Buckets/BulkDataList/70/63/15a1b6721781b8e2be7594ad69c72805d792.udd" 6120
"C:/Users/zxxuh/AppData/Local/UnrealEngine/Common/DerivedDataCache/Buckets/BulkDataList/84/c4/96c3917636bd59ff0e1015b0022671663069.udd" 6121
"C:/Users/zxxuh/AppData/Local/UnrealEngine/Common/DerivedDataCache/Buckets/BulkDataList/34/2c/24146c7cd0099242e308346aebfa1c6887e6.udd" 6122
"C:/Users/zxxuh/AppData/Local/UnrealEngine/Common/DerivedDataCache/Buckets/BulkDataList/2f/7f/dfe8c31ec40a7d9c3e43ba4c49055495a35a.udd" 6123
"../../../Engine/Content/EngineMaterials/Substrate/Glints2/dict_0006_0022.uasset" 6124
"../../../Engine/Content/EngineMaterials/Substrate/Glints2/dict_0006_0183.uasset" 6125
"../../../Engine/Content/EngineMaterials/Substrate/Glints2/dict_0002_0185.uasset" 6126
"../../../Engine/Content/EngineMaterials/Substrate/Glints2/dict_0004_0237.uasset" 6127
"../../../Engine/Content/EngineMaterials/Substrate/Glints2/dict_0001_0197.uasset" 6128
"../../../Engine/Content/EngineMaterials/Substrate/Glints2/dict_0004_0168.uasset" 6129
"../../../Engine/Content/EngineMaterials/Substrate/Glints2/dict_0007_0059.uasset" 6130
"../../../Engine/Content/EngineMaterials/Substrate/Glints2/dict_0002_0050.uasset" 6131
"../../../Engine/Content/EngineMaterials/Substrate/Glints2/dict_0002_0141.uasset" 6132
"../../../Engine/Content/EngineMaterials/Substrate/Glints2/dict_0001_0164.uasset" 6133
"../../../Engine/Content/EngineMaterials/Substrate/Glints2/dict_0003_0232.uasset" 6134
"../../../Engine/Content/EngineMaterials/Substrate/Glints2/dict_0005_0003.uasset" 6135
"../../../Engine/Content/EngineMaterials/Substrate/Glints2/dict_0004_0061.uasset" 6136
"../../../Engine/Content/EngineMaterials/Substrate/Glints2/dict_0007_0040.uasset" 6137
"../../../Engine/Content/EngineMaterials/Substrate/Glints2/dict_0004_0169.uasset" 6138
"../../../Engine/Content/EngineMaterials/Substrate/Glints2/dict_0005_0230.uasset" 6139
"../../../Engine/Content/EngineMaterials/Substrate/Glints2/dict_0007_0028.uasset" 6140
"../../../Engine/Content/EngineMaterials/Substrate/Glints2/dict_0002_0146.uasset" 6141
"../../../Engine/Content/EngineMaterials/Substrate/Glints2/dict_0004_0009.uasset" 6142
"../../../Engine/Content/EngineMaterials/Substrate/Glints2/dict_0007_0049.uasset" 6143
"../../../Engine/Content/EngineMaterials/Substrate/Glints2/dict_0004_0199.uasset" 6144
"../../../Engine/Content/EngineMaterials/Substrate/Glints2/dict_0001_0170.uasset" 6145
"../../../Engine/Content/EngineMaterials/Substrate/Glints2/dict_0004_0164.uasset" 6146
"../../../Engine/Content/EngineMaterials/Substrate/Glints2/dict_0003_0163.uasset" 6147
"C:/Users/zxxuh/AppData/Local/UnrealEngine/Common/DerivedDataCache/Buckets/BulkDataList/4c/70/86a0ed6c1625822f1bd68369e65f2ff51513.udd" 6148
"../../../Engine/Content/EngineMaterials/Substrate/Glints2/dict_0006_0223.uasset" 6149
"C:/Users/zxxuh/AppData/Local/UnrealEngine/Common/DerivedDataCache/Buckets/BulkDataList/1a/56/1bcd7cf37fbc4343e4ca143dc5e653696dd8.udd" 6150
"../../../Engine/Content/EngineMaterials/Substrate/Glints2/dict_0005_0253.uasset" 6151
"../../../Engine/Content/EngineMaterials/Substrate/Glints2/dict_0005_0199.uasset" 6152
"C:/Users/zxxuh/AppData/Local/UnrealEngine/Common/DerivedDataCache/Buckets/BulkDataList/93/ca/e4748e9c84c533892fa00b846e3ed94a2f00.udd" 6153
"C:/Users/zxxuh/AppData/Local/UnrealEngine/Common/DerivedDataCache/Buckets/BulkDataList/b7/2e/f03c6b538bc8dac576009276e46317236e4c.udd" 6154
"../../../Engine/Content/EngineMaterials/Substrate/Glints2/dict_0002_0012.uasset" 6155
"C:/Users/zxxuh/AppData/Local/UnrealEngine/Common/DerivedDataCache/Buckets/BulkDataList/6f/d8/3c3c7731e115e0f7f57685bb4437ad03d9ed.udd" 6156
"../../../Engine/Content/EngineMaterials/Substrate/Glints2/dict_0006_0008.uasset" 6157
"C:/Users/zxxuh/AppData/Local/UnrealEngine/Common/DerivedDataCache/Buckets/BulkDataList/4a/52/f466f28ca3799b2308a3433cf82493988243.udd" 6158
"../../../Engine/Content/EngineMaterials/Substrate/Glints2/dict_0007_0202.uasset" 6159
"../../../Engine/Content/EngineMaterials/Substrate/Glints2/dict_0007_0110.uasset" 6160
"C:/Users/zxxuh/AppData/Local/UnrealEngine/Common/DerivedDataCache/Buckets/BulkDataList/8a/83/db81da29f554b60c5183e07bf35a647f8aad.udd" 6161
"C:/Users/zxxuh/AppData/Local/UnrealEngine/Common/DerivedDataCache/Buckets/BulkDataList/b7/7f/f82299df32be453f211899add0f724baf741.udd" 6162
"../../../Engine/Content/EngineMaterials/Substrate/Glints2/dict_0006_0072.uasset" 6163
"C:/Users/zxxuh/AppData/Local/UnrealEngine/Common/DerivedDataCache/Buckets/BulkDataList/a5/5a/b0d1f62c9d39a7f24234f48067b6d7f23b70.udd" 6164
"C:/Users/zxxuh/AppData/Local/UnrealEngine/Common/DerivedDataCache/Buckets/BulkDataList/3d/9c/9c7ae7bc49b82208a97169536307b7ad7313.udd" 6165
"C:/Users/zxxuh/AppData/Local/UnrealEngine/Common/DerivedDataCache/Buckets/BulkDataList/51/46/10a10eb91bca5a7d49b2bb4cdadf187ad44d.udd" 6166
"C:/Users/zxxuh/AppData/Local/UnrealEngine/Common/DerivedDataCache/Buckets/BulkDataList/f2/94/cff4833c66815ca593ede1c9e68074487f53.udd" 6167
"C:/Users/zxxuh/AppData/Local/UnrealEngine/Common/DerivedDataCache/Buckets/BulkDataList/53/fc/f5c2a1d9fbdd3c131e215fc51cf976548959.udd" 6168
"C:/Users/zxxuh/AppData/Local/UnrealEngine/Common/DerivedDataCache/Buckets/BulkDataList/86/55/6045078c04b56a051e5f0f672e67a53deffb.udd" 6169
"C:/Users/zxxuh/AppData/Local/UnrealEngine/Common/DerivedDataCache/Buckets/BulkDataList/cd/26/317b552cdbd2c117afcefb8f97facf7a7934.udd" 6170
"C:/Users/zxxuh/AppData/Local/UnrealEngine/Common/DerivedDataCache/Buckets/BulkDataList/b2/b2/830e1ca9b6fd0cb075fb71639493bbccdab1.udd" 6171
"C:/Users/zxxuh/AppData/Local/UnrealEngine/Common/DerivedDataCache/Buckets/BulkDataList/82/5e/951925757f2c16fc858a7e33bc8ae4a66299.udd" 6172
"C:/Users/zxxuh/AppData/Local/UnrealEngine/Common/DerivedDataCache/Buckets/BulkDataList/fe/44/74ddcc83106fc483ffa883e7b007229dc552.udd" 6173
"C:/Users/zxxuh/AppData/Local/UnrealEngine/Common/DerivedDataCache/Buckets/BulkDataList/d0/06/382952f5af23cb184763780fbaadb8c9be8b.udd" 6174
"C:/Users/zxxuh/AppData/Local/UnrealEngine/Common/DerivedDataCache/Buckets/BulkDataList/07/53/779a4f9a20300fae65c53c20641bc258b663.udd" 6175
"C:/Users/zxxuh/AppData/Local/UnrealEngine/Common/DerivedDataCache/Buckets/BulkDataList/29/86/54e7deba7d6f07d6bc60a01a001aec720053.udd" 6176
"C:/Users/zxxuh/AppData/Local/UnrealEngine/Common/DerivedDataCache/Buckets/BulkDataList/4a/e9/59ceb449741bac8ba232ed2b4d98f54b3ddc.udd" 6177
"C:/Users/zxxuh/AppData/Local/UnrealEngine/Common/DerivedDataCache/Buckets/BulkDataList/6d/14/88170894e1948ed93b6eec1769bc0e0ea2b9.udd" 6178
"C:/Users/zxxuh/AppData/Local/UnrealEngine/Common/DerivedDataCache/Buckets/BulkDataList/32/d3/f620b0d2ea61750a759e16009659b2e14431.udd" 6179
"C:/Users/zxxuh/AppData/Local/UnrealEngine/Common/DerivedDataCache/Buckets/BulkDataList/56/0f/48d15557479a62e0f331eed6390bcfabc9fb.udd" 6180
"C:/Users/zxxuh/AppData/Local/UnrealEngine/Common/DerivedDataCache/Buckets/BulkDataList/f9/7f/a8b0d421a113077ebd640c259e8ed3bcb63b.udd" 6181
"C:/Users/zxxuh/AppData/Local/UnrealEngine/Common/DerivedDataCache/Buckets/BulkDataList/66/1e/fdc03978274ae54bb7db058ce6bb97ea27c3.udd" 6182
"C:/Users/zxxuh/AppData/Local/UnrealEngine/Common/DerivedDataCache/Buckets/BulkDataList/9c/41/ab21b3039ca08f87c4ea2347c4f8bf59046d.udd" 6183
"C:/Users/zxxuh/AppData/Local/UnrealEngine/Common/DerivedDataCache/Buckets/BulkDataList/43/5c/749d29eb72464a4bd390d0fb10fadad73c39.udd" 6184
"C:/Users/zxxuh/AppData/Local/UnrealEngine/Common/DerivedDataCache/Buckets/BulkDataList/d2/e5/31904130a0c3ad399985ffdb10abeb978d5d.udd" 6185
"C:/Users/zxxuh/AppData/Local/UnrealEngine/Common/DerivedDataCache/Buckets/BulkDataList/7c/45/fcc917866126edea81293c2088b6db19a9e5.udd" 6186
"C:/Users/zxxuh/AppData/Local/UnrealEngine/Common/DerivedDataCache/Buckets/BulkDataList/17/63/21df31a91f7aba5f8acda8ec0a93f2d60f18.udd" 6187
"../../../Engine/Content/EngineMaterials/Substrate/Glints2/dict_0003_0214.uasset" 6188
"../../../Engine/Content/EngineMaterials/Substrate/Glints2/dict_0004_0015.uasset" 6189
"../../../Engine/Content/EngineMaterials/Substrate/Glints2/dict_0005_0074.uasset" 6190
"../../../Engine/Content/EngineMaterials/Substrate/Glints2/dict_0003_0023.uasset" 6191
"../../../Engine/Content/EngineMaterials/Substrate/Glints2/dict_0005_0243.uasset" 6192
"../../../Engine/Content/EngineMaterials/Substrate/Glints2/dict_0006_0069.uasset" 6193
"../../../Engine/Content/EngineMaterials/Substrate/Glints2/dict_0000_0054.uasset" 6194
"../../../Engine/Content/EngineMaterials/Substrate/Glints2/dict_0003_0001.uasset" 6195
"../../../Engine/Content/EngineMaterials/Substrate/Glints2/dict_0000_0241.uasset" 6196
"../../../Engine/Content/EngineMaterials/Substrate/Glints2/dict_0007_0140.uasset" 6197
"../../../Engine/Content/EngineMaterials/Substrate/Glints2/dict_0004_0022.uasset" 6198
"../../../Engine/Content/EngineMaterials/Substrate/Glints2/dict_0006_0136.uasset" 6199
"../../../Engine/Content/EngineMaterials/Substrate/Glints2/dict_0003_0078.uasset" 6200
"../../../Engine/Content/EngineMaterials/Substrate/Glints2/dict_0004_0139.uasset" 6201
"../../../Engine/Content/EngineMaterials/Substrate/Glints2/dict_0007_0020.uasset" 6202
"../../../Engine/Content/EngineMaterials/Substrate/Glints2/dict_0002_0026.uasset" 6203
"../../../Engine/Content/EngineMaterials/Substrate/Glints2/dict_0002_0162.uasset" 6204
"../../../Engine/Content/EngineMaterials/Substrate/Glints2/dict_0000_0235.uasset" 6205
"../../../Engine/Content/EngineMaterials/Substrate/Glints2/dict_0003_0126.uasset" 6206
"../../../Engine/Content/EngineMaterials/Substrate/Glints2/dict_0002_0058.uasset" 6207
"../../../Engine/Content/EngineMaterials/Substrate/Glints2/dict_0003_0096.uasset" 6208
"../../../Engine/Content/EngineMaterials/Substrate/Glints2/dict_0003_0121.uasset" 6209
"../../../Engine/Content/EngineMaterials/Substrate/Glints2/dict_0000_0232.uasset" 6210
"../../../Engine/Content/EngineMaterials/Substrate/Glints2/dict_0003_0080.uasset" 6211
"../../../Engine/Content/EngineMaterials/Substrate/Glints2/dict_0005_0116.uasset" 6212
"C:/Users/zxxuh/AppData/Local/UnrealEngine/Common/DerivedDataCache/Buckets/BulkDataList/b9/33/0445d113008e6f944e0425abe986c351a293.udd" 6213
"C:/Users/zxxuh/AppData/Local/UnrealEngine/Common/DerivedDataCache/Buckets/BulkDataList/d6/ed/b563f894c7e7e8b64ffad09eb7a816def7e2.udd" 6214
"../../../Engine/Content/EngineMaterials/Substrate/Glints2/dict_0004_0104.uasset" 6215
"C:/Users/zxxuh/AppData/Local/UnrealEngine/Common/DerivedDataCache/Buckets/BulkDataList/ad/04/2a833a8af9939202c34b2dae8269c99ec00b.udd" 6216
"../../../Engine/Content/EngineMaterials/Substrate/Glints2/dict_0003_0153.uasset" 6217
"C:/Users/zxxuh/AppData/Local/UnrealEngine/Common/DerivedDataCache/Buckets/BulkDataList/11/c3/a81e0592aba68d0749fa56472079628b2b66.udd" 6218
"../../../Engine/Content/EngineMaterials/Substrate/Glints2/dict_0001_0183.uasset" 6219
"C:/Users/zxxuh/AppData/Local/UnrealEngine/Common/DerivedDataCache/Buckets/BulkDataList/05/fd/3d199021274c17f9ab2057f13430cf618134.udd" 6220
"../../../Engine/Content/EngineMaterials/Substrate/Glints2/dict_0006_0206.uasset" 6221
"C:/Users/zxxuh/AppData/Local/UnrealEngine/Common/DerivedDataCache/Buckets/BulkDataList/cf/b0/6d134e55d2ae8939ae3a35ed5840762a06a7.udd" 6222
"../../../Engine/Content/EngineMaterials/Substrate/Glints2/dict_0005_0180.uasset" 6223
"C:/Users/zxxuh/AppData/Local/UnrealEngine/Common/DerivedDataCache/Buckets/BulkDataList/f1/a9/84b6ec5483010009f467248215a5a072aec4.udd" 6224
"../../../Engine/Content/EngineMaterials/Substrate/Glints2/dict_0005_0094.uasset" 6225
"C:/Users/zxxuh/AppData/Local/UnrealEngine/Common/DerivedDataCache/Buckets/BulkDataList/27/f6/8843da3a8abc133c807e81f5f0a5060ebe6d.udd" 6226
"../../../Engine/Content/EngineMaterials/Substrate/Glints2/dict_0003_0244.uasset" 6227
"C:/Users/zxxuh/AppData/Local/UnrealEngine/Common/DerivedDataCache/Buckets/BulkDataList/50/a8/51ac0964911e311e1f6cb46ad218e14ce338.udd" 6228
"C:/Users/zxxuh/AppData/Local/UnrealEngine/Common/DerivedDataCache/Buckets/BulkDataList/69/94/2bd5f8201aac305322735f931ea23722ade5.udd" 6229
"C:/Users/zxxuh/AppData/Local/UnrealEngine/Common/DerivedDataCache/Buckets/BulkDataList/8e/c0/bdc061154ffc36c33149d7ea293bb99e0019.udd" 6230
"C:/Users/zxxuh/AppData/Local/UnrealEngine/Common/DerivedDataCache/Buckets/BulkDataList/c2/ed/df7b121bd241f6cd6e4f9222175fadbd099f.udd" 6231
"C:/Users/zxxuh/AppData/Local/UnrealEngine/Common/DerivedDataCache/Buckets/BulkDataList/e2/b2/e9345b117a02d7ce0c73116deccd13763ea3.udd" 6232
"C:/Users/zxxuh/AppData/Local/UnrealEngine/Common/DerivedDataCache/Buckets/BulkDataList/5a/63/f4604c661c4aa876e9aea6f584e20de09171.udd" 6233
"C:/Users/zxxuh/AppData/Local/UnrealEngine/Common/DerivedDataCache/Buckets/BulkDataList/f1/3f/7ce397a3c738b04519d0610c721631a41510.udd" 6234
"C:/Users/zxxuh/AppData/Local/UnrealEngine/Common/DerivedDataCache/Buckets/BulkDataList/ad/00/6e0b5798c299a41feccd220f6f28d30a9761.udd" 6235
"C:/Users/zxxuh/AppData/Local/UnrealEngine/Common/DerivedDataCache/Buckets/BulkDataList/c0/bd/d7ea33ca59d4503f156d6c792f90d2e52b2f.udd" 6236
"C:/Users/zxxuh/AppData/Local/UnrealEngine/Common/DerivedDataCache/Buckets/BulkDataList/31/4d/dd79ad1f95bd1af947671b0130d352d4dfc0.udd" 6237
"C:/Users/zxxuh/AppData/Local/UnrealEngine/Common/DerivedDataCache/Buckets/BulkDataList/e3/e8/96c8d33dc60808c5c25d845e73ffd7d5ffbc.udd" 6238
"C:/Users/zxxuh/AppData/Local/UnrealEngine/Common/DerivedDataCache/Buckets/BulkDataList/6a/b0/cc794a0aad978488463728c7039ce3f3e025.udd" 6239
"C:/Users/zxxuh/AppData/Local/UnrealEngine/Common/DerivedDataCache/Buckets/BulkDataList/9e/7d/56a6709eb53d4bdd47bfc9261424b4bce569.udd" 6240
"C:/Users/zxxuh/AppData/Local/UnrealEngine/Common/DerivedDataCache/Buckets/BulkDataList/1a/20/3b2a108e3c67a8d636aa3162c154ea2af395.udd" 6241
"C:/Users/zxxuh/AppData/Local/UnrealEngine/Common/DerivedDataCache/Buckets/BulkDataList/72/90/e962f9bee67971d1822f4b5de0702f326c94.udd" 6242
"C:/Users/zxxuh/AppData/Local/UnrealEngine/Common/DerivedDataCache/Buckets/BulkDataList/e0/ae/5009b5cfe4dd9cb5bc04753964f42d68792e.udd" 6243
"C:/Users/zxxuh/AppData/Local/UnrealEngine/Common/DerivedDataCache/Buckets/BulkDataList/ba/6e/04b05f2259f1c0525fb1626e36b200252591.udd" 6244
"C:/Users/zxxuh/AppData/Local/UnrealEngine/Common/DerivedDataCache/Buckets/BulkDataList/39/5f/2407217fb2b18471c867d53b2cc0697fa817.udd" 6245
"C:/Users/zxxuh/AppData/Local/UnrealEngine/Common/DerivedDataCache/Buckets/BulkDataList/26/86/b27efe5b9ff10bcb506cc7830d22fc324ad0.udd" 6246
"C:/Users/zxxuh/AppData/Local/UnrealEngine/Common/DerivedDataCache/Buckets/BulkDataList/da/b1/d755aca9bb91a1f1cbb70d2a1d53a89ebded.udd" 6247
"C:/Users/zxxuh/AppData/Local/UnrealEngine/Common/DerivedDataCache/Buckets/BulkDataList/df/39/bd1780adc00ac7117b83877f6abea534477d.udd" 6248
"C:/Users/zxxuh/AppData/Local/UnrealEngine/Common/DerivedDataCache/Buckets/BulkDataList/2b/27/4bca0d3b8f03c8d1893d260fdc86f7aca5ea.udd" 6249
"C:/Users/zxxuh/AppData/Local/UnrealEngine/Common/DerivedDataCache/Buckets/BulkDataList/b8/4a/22773ae9274a0cc672067817a9606f07c144.udd" 6250
"C:/Users/zxxuh/AppData/Local/UnrealEngine/Common/DerivedDataCache/Buckets/BulkDataList/62/b1/3cb13921c4fa7a94359c5b9e86a30289073d.udd" 6251
"../../../Engine/Content/EngineMaterials/Substrate/Glints2/dict_0004_0093.uasset" 6252
"../../../Engine/Content/EngineMaterials/Substrate/Glints2/dict_0005_0254.uasset" 6253
"../../../Engine/Content/EngineMaterials/Substrate/Glints2/dict_0003_0144.uasset" 6254
"../../../Engine/Content/EngineMaterials/Substrate/Glints2/dict_0003_0182.uasset" 6255
"../../../Engine/Content/EngineMaterials/Substrate/Glints2/dict_0001_0222.uasset" 6256
"../../../Engine/Content/EngineMaterials/Substrate/Glints2/dict_0007_0015.uasset" 6257
"../../../Engine/Content/EngineMaterials/Substrate/Glints2/dict_0006_0203.uasset" 6258
"../../../Engine/Content/EngineMaterials/Substrate/Glints2/dict_0000_0218.uasset" 6259
"../../../Engine/Content/EngineMaterials/Substrate/Glints2/dict_0004_0233.uasset" 6260
"../../../Engine/Content/EngineMaterials/Substrate/Glints2/dict_0001_0045.uasset" 6261
"../../../Engine/Content/EngineMaterials/Substrate/Glints2/dict_0001_0187.uasset" 6262
"../../../Engine/Content/EngineMaterials/Substrate/Glints2/dict_0006_0007.uasset" 6263
"../../../Engine/Content/EngineMaterials/Substrate/Glints2/dict_0001_0199.uasset" 6264
"../../../Engine/Content/EngineMaterials/Substrate/Glints2/dict_0007_0236.uasset" 6265
"../../../Engine/Content/EngineMaterials/Substrate/Glints2/dict_0004_0081.uasset" 6266
"../../../Engine/Content/EngineMaterials/Substrate/Glints2/dict_0006_0252.uasset" 6267
"../../../Engine/Content/EngineMaterials/Substrate/Glints2/dict_0000_0172.uasset" 6268
"../../../Engine/Content/EngineMaterials/Substrate/Glints2/dict_0006_0151.uasset" 6269
"../../../Engine/Content/EngineMaterials/Substrate/Glints2/dict_0005_0147.uasset" 6270
"../../../Engine/Content/EngineMaterials/Substrate/Glints2/dict_0002_0154.uasset" 6271
"../../../Engine/Content/EngineMaterials/Substrate/Glints2/dict_0004_0133.uasset" 6272
"../../../Engine/Content/EngineMaterials/Substrate/Glints2/dict_0002_0130.uasset" 6273
"../../../Engine/Content/EngineMaterials/Substrate/Glints2/dict_0004_0083.uasset" 6274
"../../../Engine/Content/EngineMaterials/Substrate/Glints2/dict_0000_0237.uasset" 6275
"C:/Users/zxxuh/AppData/Local/UnrealEngine/Common/DerivedDataCache/Buckets/BulkDataList/cb/18/7bac50f07b8c6b5d26f603bc573f2d814406.udd" 6276
"../../../Engine/Content/EngineMaterials/Substrate/Glints2/dict_0002_0148.uasset" 6277
"../../../Engine/Content/EngineMaterials/Substrate/Glints2/dict_0002_0083.uasset" 6278
"C:/Users/zxxuh/AppData/Local/UnrealEngine/Common/DerivedDataCache/Buckets/BulkDataList/06/7a/53876e7c9b557923ca737a706d2af05cf90a.udd" 6279
"C:/Users/zxxuh/AppData/Local/UnrealEngine/Common/DerivedDataCache/Buckets/BulkDataList/58/8d/bfbf49ea09115a4400bff0b333a6a5cec283.udd" 6280
"../../../Engine/Content/EngineMaterials/Substrate/Glints2/dict_0000_0015.uasset" 6281
"C:/Users/zxxuh/AppData/Local/UnrealEngine/Common/DerivedDataCache/Buckets/BulkDataList/7e/b3/16eca319d109ac905002ea839a9ef8ba3a20.udd" 6282
"../../../Engine/Content/EngineMaterials/Substrate/Glints2/dict_0007_0254.uasset" 6283
"C:/Users/zxxuh/AppData/Local/UnrealEngine/Common/DerivedDataCache/Buckets/BulkDataList/fd/5f/588837e040e90d45e0a0a3f0536849a4b27c.udd" 6284
"../../../Engine/Content/EngineMaterials/Substrate/Glints2/dict_0007_0113.uasset" 6285
"C:/Users/zxxuh/AppData/Local/UnrealEngine/Common/DerivedDataCache/Buckets/BulkDataList/67/de/1ac2508815fa49c646f4b754e292012a2474.udd" 6286
"../../../Engine/Content/EngineMaterials/Substrate/Glints2/dict_0006_0037.uasset" 6287
"C:/Users/zxxuh/AppData/Local/UnrealEngine/Common/DerivedDataCache/Buckets/BulkDataList/52/6c/4e6f4c18229e38e988e0cda2ebd6925f2302.udd" 6288
"../../../Engine/Content/EngineMaterials/Substrate/Glints2/dict_0007_0179.uasset" 6289
"C:/Users/zxxuh/AppData/Local/UnrealEngine/Common/DerivedDataCache/Buckets/BulkDataList/1c/ca/edd8842d9b1237eca87a3ef02dcda127658c.udd" 6290
"../../../Engine/Content/EngineMaterials/Substrate/Glints2/dict_0001_0027.uasset" 6291
"C:/Users/zxxuh/AppData/Local/UnrealEngine/Common/DerivedDataCache/Buckets/BulkDataList/02/9b/af546f7243f10c03948ad0fa06fa1b665e4a.udd" 6292
"C:/Users/zxxuh/AppData/Local/UnrealEngine/Common/DerivedDataCache/Buckets/BulkDataList/31/e7/be9e66176f833ea5be19bd226ccdcc4b9b47.udd" 6293
"C:/Users/zxxuh/AppData/Local/UnrealEngine/Common/DerivedDataCache/Buckets/BulkDataList/ce/7e/0e5871f77e79a3c69171e7e1fd4c55cdb96d.udd" 6294
"C:/Users/zxxuh/AppData/Local/UnrealEngine/Common/DerivedDataCache/Buckets/BulkDataList/7d/b1/6b29a97581ce82efaa4b03dc6194704b9f0a.udd" 6295
"C:/Users/zxxuh/AppData/Local/UnrealEngine/Common/DerivedDataCache/Buckets/BulkDataList/c7/ff/128cced4db78194d65544fd1c92d0efb43f8.udd" 6296
"C:/Users/zxxuh/AppData/Local/UnrealEngine/Common/DerivedDataCache/Buckets/BulkDataList/9d/72/20318299086bf39704e98e098731893d6e9b.udd" 6297
"C:/Users/zxxuh/AppData/Local/UnrealEngine/Common/DerivedDataCache/Buckets/BulkDataList/83/4f/5ac8cb2f6838ec2a3fc7d7b178fb6a9687dc.udd" 6298
"C:/Users/zxxuh/AppData/Local/UnrealEngine/Common/DerivedDataCache/Buckets/BulkDataList/c5/41/e60b834693b5109e80306443204e43acb9fb.udd" 6299
"C:/Users/zxxuh/AppData/Local/UnrealEngine/Common/DerivedDataCache/Buckets/BulkDataList/af/d0/bcf1494b6868b9328ce3fb60554a3336037d.udd" 6300
"C:/Users/zxxuh/AppData/Local/UnrealEngine/Common/DerivedDataCache/Buckets/BulkDataList/54/0f/579beed9ff946fbf39633ff0cdb53925e08b.udd" 6301
"C:/Users/zxxuh/AppData/Local/UnrealEngine/Common/DerivedDataCache/Buckets/BulkDataList/c0/54/56e4282c6322defa99b963a920bc58594c12.udd" 6302
"C:/Users/zxxuh/AppData/Local/UnrealEngine/Common/DerivedDataCache/Buckets/BulkDataList/02/b1/cc1f7bfb2acf07bf1251b551d702840ed979.udd" 6303
"C:/Users/zxxuh/AppData/Local/UnrealEngine/Common/DerivedDataCache/Buckets/BulkDataList/b0/26/1df709e59d72dc47e91ef72e686be9615d6e.udd" 6304
"C:/Users/zxxuh/AppData/Local/UnrealEngine/Common/DerivedDataCache/Buckets/BulkDataList/03/7e/7cf4b4efd470928d4d8f3742b9b1a87a4cdb.udd" 6305
"C:/Users/zxxuh/AppData/Local/UnrealEngine/Common/DerivedDataCache/Buckets/BulkDataList/ee/4c/b43173759e37d26808a4c68eeb87e05443f7.udd" 6306
"C:/Users/zxxuh/AppData/Local/UnrealEngine/Common/DerivedDataCache/Buckets/BulkDataList/dc/8c/de1a049aa01d3e4daf69b24bc9cc84a3a3c9.udd" 6307
"C:/Users/zxxuh/AppData/Local/UnrealEngine/Common/DerivedDataCache/Buckets/BulkDataList/b8/12/1350609880ee107808101827fd4b8d76e11b.udd" 6308
"C:/Users/zxxuh/AppData/Local/UnrealEngine/Common/DerivedDataCache/Buckets/BulkDataList/b6/1c/8f8773ed94051917e15c9e1692555b820703.udd" 6309
"C:/Users/zxxuh/AppData/Local/UnrealEngine/Common/DerivedDataCache/Buckets/BulkDataList/55/47/6d07dc18f5eb1bfe497d486a838283cadbae.udd" 6310
"C:/Users/zxxuh/AppData/Local/UnrealEngine/Common/DerivedDataCache/Buckets/BulkDataList/c4/9e/ac2b5b0cf36534f7149ef36addb9454c64f8.udd" 6311
"C:/Users/zxxuh/AppData/Local/UnrealEngine/Common/DerivedDataCache/Buckets/BulkDataList/b1/5b/c1b30a275d1772c9aac417adbfa6e8b38258.udd" 6312
"C:/Users/zxxuh/AppData/Local/UnrealEngine/Common/DerivedDataCache/Buckets/BulkDataList/98/b1/577932577ffb68dcbbf97f96ada9c2e87b27.udd" 6313
"C:/Users/zxxuh/AppData/Local/UnrealEngine/Common/DerivedDataCache/Buckets/BulkDataList/a4/9f/c486869b4a7da144503d386f0d61b7bdb5dc.udd" 6314
"C:/Users/zxxuh/AppData/Local/UnrealEngine/Common/DerivedDataCache/Buckets/BulkDataList/97/a0/32410b633ebc7f4c627e55956139f500d57c.udd" 6315
"../../../Engine/Content/EngineMaterials/Substrate/Glints2/dict_0001_0138.uasset" 6316
"../../../Engine/Content/EngineMaterials/Substrate/Glints2/dict_0002_0145.uasset" 6317
"../../../Engine/Content/EngineMaterials/Substrate/Glints2/dict_0007_0228.uasset" 6318
"../../../Engine/Content/EngineMaterials/Substrate/Glints2/dict_0001_0149.uasset" 6319
"../../../Engine/Content/EngineMaterials/Substrate/Glints2/dict_0006_0172.uasset" 6320
"../../../Engine/Content/EngineMaterials/Substrate/Glints2/dict_0004_0099.uasset" 6321
"../../../Engine/Content/EngineMaterials/Substrate/Glints2/dict_0001_0192.uasset" 6322
"../../../Engine/Content/EngineMaterials/Substrate/Glints2/dict_0000_0177.uasset" 6323
"../../../Engine/Content/EngineMaterials/Substrate/Glints2/dict_0001_0083.uasset" 6324
"../../../Engine/Content/EngineMaterials/Substrate/Glints2/dict_0002_0135.uasset" 6325
"../../../Engine/Content/EngineMaterials/Substrate/Glints2/dict_0000_0243.uasset" 6326
"../../../Engine/Content/EngineMaterials/Substrate/Glints2/dict_0003_0014.uasset" 6327
"../../../Engine/Content/EngineMaterials/Substrate/Glints2/dict_0003_0058.uasset" 6328
"../../../Engine/Content/EngineMaterials/Substrate/Glints2/dict_0002_0031.uasset" 6329
"../../../Engine/Content/EngineMaterials/Substrate/Glints2/dict_0006_0023.uasset" 6330
"../../../Engine/Content/EngineMaterials/Substrate/Glints2/dict_0007_0131.uasset" 6331
"../../../Engine/Content/EngineMaterials/Substrate/Glints2/dict_0005_0131.uasset" 6332
"../../../Engine/Content/EngineMaterials/Substrate/Glints2/dict_0002_0104.uasset" 6333
"../../../Engine/Content/EngineMaterials/Substrate/Glints2/dict_0001_0131.uasset" 6334
"../../../Engine/Content/EngineMaterials/Substrate/Glints2/dict_0004_0203.uasset" 6335
"../../../Engine/Content/EngineMaterials/Substrate/Glints2/dict_0005_0144.uasset" 6336
"../../../Engine/Content/EngineMaterials/Substrate/Glints2/dict_0006_0177.uasset" 6337
"../../../Engine/Content/EngineMaterials/Substrate/Glints2/dict_0004_0018.uasset" 6338
"../../../Engine/Content/EngineMaterials/Substrate/Glints2/dict_0000_0201.uasset" 6339
"C:/Users/zxxuh/AppData/Local/UnrealEngine/Common/DerivedDataCache/Buckets/BulkDataList/c2/b9/20e2cdbf01cad12c1d3b78edb4b30bd7d20f.udd" 6340
"../../../Engine/Content/EngineMaterials/Substrate/Glints2/dict_0006_0111.uasset" 6341
"C:/Users/zxxuh/AppData/Local/UnrealEngine/Common/DerivedDataCache/Buckets/BulkDataList/3d/23/d417522c7ae18492abd70e406149c2a93486.udd" 6342
"../../../Engine/Content/EngineMaterials/Substrate/Glints2/dict_0005_0210.uasset" 6343
"C:/Users/zxxuh/AppData/Local/UnrealEngine/Common/DerivedDataCache/Buckets/BulkDataList/08/8b/0243fc9057a0e9fc246989d05ab616872edb.udd" 6344
"../../../Engine/Content/EngineMaterials/Substrate/Glints2/dict_0007_0102.uasset" 6345
"C:/Users/zxxuh/AppData/Local/UnrealEngine/Common/DerivedDataCache/Buckets/BulkDataList/a9/e2/f544fe783327c78b9438f83832fbaf6bdc62.udd" 6346
"../../../Engine/Content/EngineMaterials/Substrate/Glints2/dict_0007_0155.uasset" 6347
"C:/Users/zxxuh/AppData/Local/UnrealEngine/Common/DerivedDataCache/Buckets/BulkDataList/b8/23/59df87a224a2be124e08c51b8c4a09b722c6.udd" 6348
"../../../Engine/Content/EngineMaterials/Substrate/Glints2/dict_0006_0145.uasset" 6349
"C:/Users/zxxuh/AppData/Local/UnrealEngine/Common/DerivedDataCache/Buckets/BulkDataList/0f/02/b8e33dd666d2324088b54402cc1577d4ad13.udd" 6350
"../../../Engine/Content/EngineMaterials/Substrate/Glints2/dict_0006_0124.uasset" 6351
"C:/Users/zxxuh/AppData/Local/UnrealEngine/Common/DerivedDataCache/Buckets/BulkDataList/d5/e1/7dcecc894e26803f119f2fd79a0df7b93c91.udd" 6352
"../../../Engine/Content/EngineMaterials/Substrate/Glints2/dict_0002_0133.uasset" 6353
"C:/Users/zxxuh/AppData/Local/UnrealEngine/Common/DerivedDataCache/Buckets/BulkDataList/ce/2b/46efee4d444c6eea575dd002730cf9237baa.udd" 6354
"../../../Engine/Content/EngineMaterials/Substrate/Glints2/dict_0000_0074.uasset" 6355
"C:/Users/zxxuh/AppData/Local/UnrealEngine/Common/DerivedDataCache/Buckets/BulkDataList/66/93/db1c2f2503ffea20e7f118b3eaae5627b0c6.udd" 6356
"C:/Users/zxxuh/AppData/Local/UnrealEngine/Common/DerivedDataCache/Buckets/BulkDataList/a4/9f/ea90bf6486337426bc6d2f5e9dad94c62bbd.udd" 6357
"C:/Users/zxxuh/AppData/Local/UnrealEngine/Common/DerivedDataCache/Buckets/BulkDataList/94/cd/b5ae687134471cea0045c8b13b3145d53407.udd" 6358
"C:/Users/zxxuh/AppData/Local/UnrealEngine/Common/DerivedDataCache/Buckets/BulkDataList/bb/0c/f9e4474288a710b30b5fe508c8ce3018ab39.udd" 6359
"C:/Users/zxxuh/AppData/Local/UnrealEngine/Common/DerivedDataCache/Buckets/BulkDataList/f0/a5/cdcfe4eba035c666857b2d12fb689be26947.udd" 6360
"C:/Users/zxxuh/AppData/Local/UnrealEngine/Common/DerivedDataCache/Buckets/BulkDataList/d2/ea/fa809bd4ada173f2f52c901d1e89ca82be16.udd" 6361
"C:/Users/zxxuh/AppData/Local/UnrealEngine/Common/DerivedDataCache/Buckets/BulkDataList/6b/b7/c94524fdad4ae6d58925fd31dae1ea06aab9.udd" 6362
"C:/Users/zxxuh/AppData/Local/UnrealEngine/Common/DerivedDataCache/Buckets/BulkDataList/3c/c1/213202c44149dced99af45c16e2c95fd2077.udd" 6363
"C:/Users/zxxuh/AppData/Local/UnrealEngine/Common/DerivedDataCache/Buckets/BulkDataList/3e/b8/4e55624a696717691dab21e9c2d559402051.udd" 6364
"C:/Users/zxxuh/AppData/Local/UnrealEngine/Common/DerivedDataCache/Buckets/BulkDataList/37/71/bb98e3a2acfdce6eb1ecdd7de1efdfdb1e06.udd" 6365
"C:/Users/zxxuh/AppData/Local/UnrealEngine/Common/DerivedDataCache/Buckets/BulkDataList/9e/bd/cd5ea9252da598fa60f88d39be531db51ee1.udd" 6366
"C:/Users/zxxuh/AppData/Local/UnrealEngine/Common/DerivedDataCache/Buckets/BulkDataList/32/b7/ca91fed491d07d61641811a0df55590d63ef.udd" 6367
"C:/Users/zxxuh/AppData/Local/UnrealEngine/Common/DerivedDataCache/Buckets/BulkDataList/33/d0/78ef88eb989ecc7f95cfaf7b58148d120612.udd" 6368
"C:/Users/zxxuh/AppData/Local/UnrealEngine/Common/DerivedDataCache/Buckets/BulkDataList/77/80/a0eea05f2cf435541169640bc6325568d304.udd" 6369
"C:/Users/zxxuh/AppData/Local/UnrealEngine/Common/DerivedDataCache/Buckets/BulkDataList/12/1b/214b717ccd55c0d14d689434f23083a1fdf5.udd" 6370
"C:/Users/zxxuh/AppData/Local/UnrealEngine/Common/DerivedDataCache/Buckets/BulkDataList/2f/52/aafdf49d9574d95a2c639e1458cfe2debc97.udd" 6371
"C:/Users/zxxuh/AppData/Local/UnrealEngine/Common/DerivedDataCache/Buckets/BulkDataList/6c/d8/9bb3c18014eb659e6bf1531f152b79780e8e.udd" 6372
"C:/Users/zxxuh/AppData/Local/UnrealEngine/Common/DerivedDataCache/Buckets/BulkDataList/87/51/0c2c319890392d876238a5be29ca2c581803.udd" 6373
"C:/Users/zxxuh/AppData/Local/UnrealEngine/Common/DerivedDataCache/Buckets/BulkDataList/ba/12/fd6776b186f2164d2f77111c4f78531fe455.udd" 6374
"C:/Users/zxxuh/AppData/Local/UnrealEngine/Common/DerivedDataCache/Buckets/BulkDataList/12/a9/12d6526bcdadb8dbfe9299b5bae844b664c1.udd" 6375
"C:/Users/zxxuh/AppData/Local/UnrealEngine/Common/DerivedDataCache/Buckets/BulkDataList/3d/ea/e0eeb4049ea7945632b071d54f26d4f8f0ec.udd" 6376
"C:/Users/zxxuh/AppData/Local/UnrealEngine/Common/DerivedDataCache/Buckets/BulkDataList/fe/22/fd349f432a4ee0ede00ccce18c7ae8f0c308.udd" 6377
"C:/Users/zxxuh/AppData/Local/UnrealEngine/Common/DerivedDataCache/Buckets/BulkDataList/83/25/6e475c6a7574618e5f64945b29a64a3b7715.udd" 6378
"C:/Users/zxxuh/AppData/Local/UnrealEngine/Common/DerivedDataCache/Buckets/BulkDataList/16/15/c7adccfe6ff9347b2a8d7a0f076aa24ca232.udd" 6379
"../../../Engine/Content/EngineMaterials/Substrate/Glints2/dict_0002_0214.uasset" 6380
"../../../Engine/Content/EngineMaterials/Substrate/Glints2/dict_0005_0156.uasset" 6381
"../../../Engine/Content/EngineMaterials/Substrate/Glints2/dict_0002_0150.uasset" 6382
"../../../Engine/Content/EngineMaterials/Substrate/Glints2/dict_0001_0000.uasset" 6383
"../../../Engine/Content/EngineMaterials/Substrate/Glints2/dict_0007_0019.uasset" 6384
"../../../Engine/Content/EngineMaterials/Substrate/Glints2/dict_0005_0161.uasset" 6385
"../../../Engine/Content/EngineMaterials/Substrate/Glints2/dict_0004_0197.uasset" 6386
"../../../Engine/Content/EngineMaterials/Substrate/Glints2/dict_0004_0131.uasset" 6387
"../../../Engine/Content/EngineMaterials/Substrate/Glints2/dict_0002_0094.uasset" 6388
"../../../Engine/Content/EngineMaterials/Substrate/Glints2/dict_0005_0083.uasset" 6389
"../../../Engine/Content/EngineMaterials/Substrate/Glints2/dict_0003_0118.uasset" 6390
"../../../Engine/Content/EngineMaterials/Substrate/Glints2/dict_0002_0105.uasset" 6391
"../../../Engine/Content/EngineMaterials/Substrate/Glints2/dict_0006_0018.uasset" 6392
"../../../Engine/Content/EngineMaterials/Substrate/Glints2/dict_0003_0216.uasset" 6393
"../../../Engine/Content/EngineMaterials/Substrate/Glints2/dict_0006_0126.uasset" 6394
"../../../Engine/Content/EngineMaterials/Substrate/Glints2/dict_0005_0188.uasset" 6395
"../../../Engine/Content/EngineMaterials/Substrate/Glints2/dict_0003_0168.uasset" 6396
"../../../Engine/Content/EngineMaterials/Substrate/Glints2/dict_0004_0204.uasset" 6397
"../../../Engine/Content/EngineMaterials/Substrate/Glints2/dict_0004_0079.uasset" 6398
"../../../Engine/Content/EngineMaterials/Substrate/Glints2/dict_0004_0027.uasset" 6399
"../../../Engine/Content/EngineMaterials/Substrate/Glints2/dict_0002_0077.uasset" 6400
"../../../Engine/Content/EngineMaterials/Substrate/Glints2/dict_0006_0086.uasset" 6401
"../../../Engine/Content/EngineMaterials/Substrate/Glints2/dict_0007_0123.uasset" 6402
"../../../Engine/Content/EngineMaterials/Substrate/Glints2/dict_0003_0035.uasset" 6403
"C:/Users/zxxuh/AppData/Local/UnrealEngine/Common/DerivedDataCache/Buckets/BulkDataList/25/fc/3be0dcf88ece004732ec28f4bfac46d63fc5.udd" 6404
"../../../Engine/Content/EngineMaterials/Substrate/Glints2/dict_0000_0247.uasset" 6405
"C:/Users/zxxuh/AppData/Local/UnrealEngine/Common/DerivedDataCache/Buckets/BulkDataList/58/a6/f063a5ee1f917567386169e455a7d9454ba1.udd" 6406
"../../../Engine/Content/EngineMaterials/Substrate/Glints2/dict_0006_0127.uasset" 6407
"C:/Users/zxxuh/AppData/Local/UnrealEngine/Common/DerivedDataCache/Buckets/BulkDataList/d6/e5/a1239d98acd690cd1fb29dcd43c9cfe09b54.udd" 6408
"../../../Engine/Content/EngineMaterials/Substrate/Glints2/dict_0003_0063.uasset" 6409
"C:/Users/zxxuh/AppData/Local/UnrealEngine/Common/DerivedDataCache/Buckets/BulkDataList/fb/d7/6c4a0f507795ead85b53009957ce76e4a97e.udd" 6410
"../../../Engine/Content/EngineMaterials/Substrate/Glints2/dict_0001_0148.uasset" 6411
"C:/Users/zxxuh/AppData/Local/UnrealEngine/Common/DerivedDataCache/Buckets/BulkDataList/aa/c9/ee6deedd56ebee2043b3a02755b63cf6c80f.udd" 6412
"../../../Engine/Content/EngineMaterials/Substrate/Glints2/dict_0000_0125.uasset" 6413
"C:/Users/zxxuh/AppData/Local/UnrealEngine/Common/DerivedDataCache/Buckets/BulkDataList/79/0a/f5a9a455e41ed4832e85737db525c4899b4e.udd" 6414
"../../../Engine/Content/EngineMaterials/Substrate/Glints2/dict_0005_0174.uasset" 6415
"C:/Users/zxxuh/AppData/Local/UnrealEngine/Common/DerivedDataCache/Buckets/BulkDataList/8c/11/b3087473be5c1542536d1cbdfb37a953d350.udd" 6416
"../../../Engine/Content/EngineMaterials/Substrate/Glints2/dict_0002_0195.uasset" 6417
"C:/Users/zxxuh/AppData/Local/UnrealEngine/Common/DerivedDataCache/Buckets/BulkDataList/bf/53/14b237e48ed48a92051c71ac5f695245b639.udd" 6418
"../../../Engine/Content/EngineMaterials/Substrate/Glints2/dict_0001_0032.uasset" 6419
"C:/Users/zxxuh/AppData/Local/UnrealEngine/Common/DerivedDataCache/Buckets/BulkDataList/f2/7d/1d690b44a0370dba04bd87c3072ae477d80b.udd" 6420
"C:/Users/zxxuh/AppData/Local/UnrealEngine/Common/DerivedDataCache/Buckets/BulkDataList/57/b8/cef9c0001626e8838836e3f662ff7aa287ec.udd" 6421
"C:/Users/zxxuh/AppData/Local/UnrealEngine/Common/DerivedDataCache/Buckets/BulkDataList/f4/c9/0e10fa138ac7f81103f5cb625d98da7d669d.udd" 6422
"C:/Users/zxxuh/AppData/Local/UnrealEngine/Common/DerivedDataCache/Buckets/BulkDataList/86/a5/29c57ba3878596208a1b2fd4353a4a48e67d.udd" 6423
"C:/Users/zxxuh/AppData/Local/UnrealEngine/Common/DerivedDataCache/Buckets/BulkDataList/ce/d8/ecf364b826ff1848b80db34d1900222998a8.udd" 6424
"C:/Users/zxxuh/AppData/Local/UnrealEngine/Common/DerivedDataCache/Buckets/BulkDataList/08/a8/1a6a081d160a8797a9e3d75d3c6d6626bda6.udd" 6425
"C:/Users/zxxuh/AppData/Local/UnrealEngine/Common/DerivedDataCache/Buckets/BulkDataList/36/c1/cfcf8eed3dbe0f6e5bef7cbe7beda504ae00.udd" 6426
"C:/Users/zxxuh/AppData/Local/UnrealEngine/Common/DerivedDataCache/Buckets/BulkDataList/e0/88/cea07112556f69a913c992b79ec489d99dbc.udd" 6427
"C:/Users/zxxuh/AppData/Local/UnrealEngine/Common/DerivedDataCache/Buckets/BulkDataList/4d/8c/cecbe8082538153d029c4ea5430d92a49d1c.udd" 6428
"C:/Users/zxxuh/AppData/Local/UnrealEngine/Common/DerivedDataCache/Buckets/BulkDataList/ba/a0/181103c22444a807c9ad232f39d621f7a554.udd" 6429
"C:/Users/zxxuh/AppData/Local/UnrealEngine/Common/DerivedDataCache/Buckets/BulkDataList/e3/54/688459eb572bf0cad628cd98644f19932412.udd" 6430
"C:/Users/zxxuh/AppData/Local/UnrealEngine/Common/DerivedDataCache/Buckets/BulkDataList/0a/7b/fc74dbf8aa51b569972e5ce84c2acdcffa44.udd" 6431
"C:/Users/zxxuh/AppData/Local/UnrealEngine/Common/DerivedDataCache/Buckets/BulkDataList/e5/29/ada5f8cdfbb5b6b2df8b932e1d0a9870c187.udd" 6432
"C:/Users/zxxuh/AppData/Local/UnrealEngine/Common/DerivedDataCache/Buckets/BulkDataList/84/3b/3dad04d75fe377067702da4e4f161d0aea45.udd" 6433
"C:/Users/zxxuh/AppData/Local/UnrealEngine/Common/DerivedDataCache/Buckets/BulkDataList/ba/9b/82e9ad5af051bbeaac1e09c81a820528d0b5.udd" 6434
"C:/Users/zxxuh/AppData/Local/UnrealEngine/Common/DerivedDataCache/Buckets/BulkDataList/36/e5/6faa7d2f2ca1952ffcc6c0320bb131402cca.udd" 6435
"C:/Users/zxxuh/AppData/Local/UnrealEngine/Common/DerivedDataCache/Buckets/BulkDataList/68/8c/d87624d0972fb9dedc67f17efef50cd5661d.udd" 6436
"C:/Users/zxxuh/AppData/Local/UnrealEngine/Common/DerivedDataCache/Buckets/BulkDataList/e0/99/be2f102a1302cdad9f3dc5549a26072a6432.udd" 6437
"C:/Users/zxxuh/AppData/Local/UnrealEngine/Common/DerivedDataCache/Buckets/BulkDataList/54/30/d2a8762d186d746460f06d075ca1f79247ee.udd" 6438
"C:/Users/zxxuh/AppData/Local/UnrealEngine/Common/DerivedDataCache/Buckets/BulkDataList/7c/06/0303dbe5caab82daa7ad80678971e3e42696.udd" 6439
"C:/Users/zxxuh/AppData/Local/UnrealEngine/Common/DerivedDataCache/Buckets/BulkDataList/d2/54/5560f5b5b35ca05c68a102d670e420422f7b.udd" 6440
"C:/Users/zxxuh/AppData/Local/UnrealEngine/Common/DerivedDataCache/Buckets/BulkDataList/39/af/6d74b119701152425667d24067c4f1080954.udd" 6441
"C:/Users/zxxuh/AppData/Local/UnrealEngine/Common/DerivedDataCache/Buckets/BulkDataList/58/8c/a3bbfb1c984a4a28d7d16e90659033c8364b.udd" 6442
"C:/Users/zxxuh/AppData/Local/UnrealEngine/Common/DerivedDataCache/Buckets/BulkDataList/91/3a/09ffc75ef9ee021939a4b50a3c2df741239f.udd" 6443
"../../../Engine/Content/EngineMaterials/Substrate/Glints2/dict_0002_0140.uasset" 6444
"../../../Engine/Content/EngineMaterials/Substrate/Glints2/dict_0000_0214.uasset" 6445
"../../../Engine/Content/EngineMaterials/Substrate/Glints2/dict_0005_0019.uasset" 6446
"../../../Engine/Content/EngineMaterials/Substrate/Glints2/dict_0003_0039.uasset" 6447
"../../../Engine/Content/EngineMaterials/Substrate/Glints2/dict_0000_0096.uasset" 6448
"../../../Engine/Content/EngineMaterials/Substrate/Glints2/dict_0001_0151.uasset" 6449
"../../../Engine/Content/EngineMaterials/Substrate/Glints2/dict_0005_0045.uasset" 6450
"../../../Engine/Content/EngineMaterials/Substrate/Glints2/dict_0006_0044.uasset" 6451
"../../../Engine/Content/EngineMaterials/Substrate/Glints2/dict_0004_0214.uasset" 6452
"../../../Engine/Content/EngineMaterials/Substrate/Glints2/dict_0006_0093.uasset" 6453
"../../../Engine/Content/EngineMaterials/Substrate/Glints2/dict_0005_0106.uasset" 6454
"../../../Engine/Content/EngineMaterials/Substrate/Glints2/dict_0002_0196.uasset" 6455
"../../../Engine/Content/EngineMaterials/Substrate/Glints2/dict_0003_0133.uasset" 6456
"../../../Engine/Content/EngineMaterials/Substrate/Glints2/dict_0000_0182.uasset" 6457
"../../../Engine/Content/EngineMaterials/Substrate/Glints2/dict_0003_0132.uasset" 6458
"../../../Engine/Content/EngineMaterials/Substrate/Glints2/dict_0002_0136.uasset" 6459
"../../../Engine/Content/EngineMaterials/Substrate/Glints2/dict_0007_0011.uasset" 6460
"../../../Engine/Content/EngineMaterials/Substrate/Glints2/dict_0004_0189.uasset" 6461
"../../../Engine/Content/EngineMaterials/Substrate/Glints2/dict_0001_0023.uasset" 6462
"../../../Engine/Content/EngineMaterials/Substrate/Glints2/dict_0001_0160.uasset" 6463
"../../../Engine/Content/EngineMaterials/Substrate/Glints2/dict_0005_0111.uasset" 6464
"../../../Engine/Content/EngineMaterials/Substrate/Glints2/dict_0000_0197.uasset" 6465
"../../../Engine/Content/EngineMaterials/Substrate/Glints2/dict_0006_0094.uasset" 6466
"../../../Engine/Content/EngineMaterials/Substrate/Glints2/dict_0001_0227.uasset" 6467
"C:/Users/zxxuh/AppData/Local/UnrealEngine/Common/DerivedDataCache/Buckets/BulkDataList/5a/fa/4ddb33fef593a964f7250575f32a3d1b48a5.udd" 6468
"../../../Engine/Content/EngineMaterials/Substrate/Glints2/dict_0005_0022.uasset" 6469
"C:/Users/zxxuh/AppData/Local/UnrealEngine/Common/DerivedDataCache/Buckets/BulkDataList/27/e7/28d24b4c7582dff011ed85969579fce796f5.udd" 6470
"../../../Engine/Content/EngineMaterials/Substrate/Glints2/dict_0004_0162.uasset" 6471
"C:/Users/zxxuh/AppData/Local/UnrealEngine/Common/DerivedDataCache/Buckets/BulkDataList/b1/3e/5672b383bc7d1d52805f3abd43f7f0da319d.udd" 6472
"../../../Engine/Content/EngineMaterials/Substrate/Glints2/dict_0004_0051.uasset" 6473
"C:/Users/zxxuh/AppData/Local/UnrealEngine/Common/DerivedDataCache/Buckets/BulkDataList/16/15/0f7095a84006e99fce6323337e0a79e9f899.udd" 6474
"../../../Engine/Content/EngineMaterials/Substrate/Glints2/dict_0006_0013.uasset" 6475
"C:/Users/zxxuh/AppData/Local/UnrealEngine/Common/DerivedDataCache/Buckets/BulkDataList/4e/8f/f0bb06eacbd5a69c489ba5270109891bb7f4.udd" 6476
"../../../Engine/Content/EngineMaterials/Substrate/Glints2/dict_0004_0129.uasset" 6477
"C:/Users/zxxuh/AppData/Local/UnrealEngine/Common/DerivedDataCache/Buckets/BulkDataList/bc/b5/22a49879674684b3c1834df201823a3732a9.udd" 6478
"../../../Engine/Content/EngineMaterials/Substrate/Glints2/dict_0002_0220.uasset" 6479
"C:/Users/zxxuh/AppData/Local/UnrealEngine/Common/DerivedDataCache/Buckets/BulkDataList/4d/81/a4d576d4e6f9a33279c3ba1738d24025ceed.udd" 6480
"../../../Engine/Content/EngineMaterials/Substrate/Glints2/dict_0006_0185.uasset" 6481
"C:/Users/zxxuh/AppData/Local/UnrealEngine/Common/DerivedDataCache/Buckets/BulkDataList/25/3e/26f242a1e37bde93dc1fb2bf3bdd08e704dd.udd" 6482
"../../../Engine/Content/EngineMaterials/Substrate/Glints2/dict_0005_0095.uasset" 6483
"C:/Users/zxxuh/AppData/Local/UnrealEngine/Common/DerivedDataCache/Buckets/BulkDataList/60/58/62676f3d10186ecfd14e9a21c45a1dfe0633.udd" 6484
"C:/Users/zxxuh/AppData/Local/UnrealEngine/Common/DerivedDataCache/Buckets/BulkDataList/f4/1f/08df50ed58c5b2584f530ce7eea32461ac56.udd" 6485
"C:/Users/zxxuh/AppData/Local/UnrealEngine/Common/DerivedDataCache/Buckets/BulkDataList/5d/ce/651ff04457b588778c0045e2b7a5a17363bf.udd" 6486
"C:/Users/zxxuh/AppData/Local/UnrealEngine/Common/DerivedDataCache/Buckets/BulkDataList/ea/0c/f6ffd532b3161cb8a1a893bdd5311c4e8bce.udd" 6487
"C:/Users/zxxuh/AppData/Local/UnrealEngine/Common/DerivedDataCache/Buckets/BulkDataList/1c/33/5d401ff772ff55b4d9b0db3a122f76a01953.udd" 6488
"C:/Users/zxxuh/AppData/Local/UnrealEngine/Common/DerivedDataCache/Buckets/BulkDataList/3e/c9/b4bf48ecfde9e551e43af9eb0cd06e553bbf.udd" 6489
"C:/Users/zxxuh/AppData/Local/UnrealEngine/Common/DerivedDataCache/Buckets/BulkDataList/7d/65/0cdc339e0051b4c0297ee8b2c0db8fd0f24a.udd" 6490
"C:/Users/zxxuh/AppData/Local/UnrealEngine/Common/DerivedDataCache/Buckets/BulkDataList/b9/dc/4a2d138bfb0296921276c2266c8fe16b6728.udd" 6491
"C:/Users/zxxuh/AppData/Local/UnrealEngine/Common/DerivedDataCache/Buckets/BulkDataList/33/62/489f5af0e728764a97f9decb83669bc3de1b.udd" 6492
"C:/Users/zxxuh/AppData/Local/UnrealEngine/Common/DerivedDataCache/Buckets/BulkDataList/3c/a6/3c66af087f7d3037c2cf113d434dcc098a89.udd" 6493
"C:/Users/zxxuh/AppData/Local/UnrealEngine/Common/DerivedDataCache/Buckets/BulkDataList/8a/73/9ffa2841c639519740f6c2dd6eaab7c43a38.udd" 6494
"C:/Users/zxxuh/AppData/Local/UnrealEngine/Common/DerivedDataCache/Buckets/BulkDataList/4e/d3/6cb0818cb6ca0c9bd7f790508d4b744548de.udd" 6495
"C:/Users/zxxuh/AppData/Local/UnrealEngine/Common/DerivedDataCache/Buckets/BulkDataList/99/59/a325dcb1ef8d03ce7b34aacb59a87c83302b.udd" 6496
"C:/Users/zxxuh/AppData/Local/UnrealEngine/Common/DerivedDataCache/Buckets/BulkDataList/7b/70/9a2bf92a14c81992afe12c41fedf85628de8.udd" 6497
"C:/Users/zxxuh/AppData/Local/UnrealEngine/Common/DerivedDataCache/Buckets/BulkDataList/8d/80/98e2432b4d426070657a86a0e171c5ee3f18.udd" 6498
"C:/Users/zxxuh/AppData/Local/UnrealEngine/Common/DerivedDataCache/Buckets/BulkDataList/c5/dc/8f6610643940a1f2ef0e7786ca39ff50037a.udd" 6499
"C:/Users/zxxuh/AppData/Local/UnrealEngine/Common/DerivedDataCache/Buckets/BulkDataList/5a/7f/6a290387918d2cf233926e817407a504a7f0.udd" 6500
"C:/Users/zxxuh/AppData/Local/UnrealEngine/Common/DerivedDataCache/Buckets/BulkDataList/89/f1/979e5f2fddd0bd01b43131e8170baefaef91.udd" 6501
"C:/Users/zxxuh/AppData/Local/UnrealEngine/Common/DerivedDataCache/Buckets/BulkDataList/d5/13/645d0b854b3e682c9248f12260a8bb3a122d.udd" 6502
"C:/Users/zxxuh/AppData/Local/UnrealEngine/Common/DerivedDataCache/Buckets/BulkDataList/fc/06/5f12e429c99647aec85844c08a15b997f75b.udd" 6503
"C:/Users/zxxuh/AppData/Local/UnrealEngine/Common/DerivedDataCache/Buckets/BulkDataList/82/34/5e12e7474ba082882e95d847aea32d3c31c3.udd" 6504
"C:/Users/zxxuh/AppData/Local/UnrealEngine/Common/DerivedDataCache/Buckets/BulkDataList/72/07/a0a1ea5ad975e0c525440f42193378e543ee.udd" 6505
"C:/Users/zxxuh/AppData/Local/UnrealEngine/Common/DerivedDataCache/Buckets/BulkDataList/bd/8a/f3041fd62b5cf9476373d71ab223f2c74a34.udd" 6506
"C:/Users/zxxuh/AppData/Local/UnrealEngine/Common/DerivedDataCache/Buckets/BulkDataList/70/36/89af5218b315d1669b74da26f1fc11897405.udd" 6507
"../../../Engine/Content/EngineMaterials/Substrate/Glints2/dict_0003_0090.uasset" 6508
"../../../Engine/Content/EngineMaterials/Substrate/Glints2/dict_0002_0067.uasset" 6509
"../../../Engine/Content/EngineMaterials/Substrate/Glints2/dict_0003_0207.uasset" 6510
"../../../Engine/Content/EngineMaterials/Substrate/Glints2/dict_0001_0171.uasset" 6511
"../../../Engine/Content/EngineMaterials/Substrate/Glints2/dict_0003_0057.uasset" 6512
"../../../Engine/Content/EngineMaterials/Substrate/Glints2/dict_0002_0252.uasset" 6513
"../../../Engine/Content/EngineMaterials/Substrate/Glints2/dict_0005_0122.uasset" 6514
"../../../Engine/Content/EngineMaterials/Substrate/Glints2/dict_0003_0099.uasset" 6515
"../../../Engine/Content/EngineMaterials/Substrate/Glints2/dict_0003_0004.uasset" 6516
"../../../Engine/Content/EngineMaterials/Substrate/Glints2/dict_0000_0222.uasset" 6517
"../../../Engine/Content/EngineMaterials/Substrate/Glints2/dict_0007_0247.uasset" 6518
"../../../Engine/Content/EngineMaterials/Substrate/Glints2/dict_0006_0038.uasset" 6519
"../../../Engine/Content/EngineMaterials/Substrate/Glints2/dict_0006_0150.uasset" 6520
"../../../Engine/Content/EngineMaterials/Substrate/Glints2/dict_0004_0177.uasset" 6521
"../../../Engine/Content/EngineMaterials/Substrate/Glints2/dict_0000_0166.uasset" 6522
"../../../Engine/Content/EngineMaterials/Substrate/Glints2/dict_0006_0140.uasset" 6523
"../../../Engine/Content/EngineMaterials/Substrate/Glints2/dict_0005_0103.uasset" 6524
"../../../Engine/Content/EngineMaterials/Substrate/Glints2/dict_0001_0001.uasset" 6525
"../../../Engine/Content/EngineMaterials/Substrate/Glints2/dict_0004_0091.uasset" 6526
"../../../Engine/Content/EngineMaterials/Substrate/Glints2/dict_0003_0116.uasset" 6527
"../../../Engine/Content/EngineMaterials/Substrate/Glints2/dict_0002_0117.uasset" 6528
"../../../Engine/Content/EngineMaterials/Substrate/Glints2/dict_0000_0199.uasset" 6529
"../../../Engine/Content/EngineMaterials/Substrate/Glints2/dict_0004_0232.uasset" 6530
"../../../Engine/Content/EngineMaterials/Substrate/Glints2/dict_0006_0234.uasset" 6531
"C:/Users/zxxuh/AppData/Local/UnrealEngine/Common/DerivedDataCache/Buckets/BulkDataList/d4/13/b5ee124bab7b94bcfe3ef064c8391733b639.udd" 6532
"../../../Engine/Content/EngineMaterials/Substrate/Glints2/dict_0002_0043.uasset" 6533
"C:/Users/zxxuh/AppData/Local/UnrealEngine/Common/DerivedDataCache/Buckets/BulkDataList/9c/b7/dd27750ce8fa4e4a6e5127a61e7d443db55a.udd" 6534
"../../../Engine/Content/EngineMaterials/Substrate/Glints2/dict_0001_0209.uasset" 6535
"C:/Users/zxxuh/AppData/Local/UnrealEngine/Common/DerivedDataCache/Buckets/BulkDataList/7a/b4/1079b7f9b852fda5b95d0d001670088f28d6.udd" 6536
"../../../Engine/Content/EngineMaterials/Substrate/Glints2/dict_0001_0157.uasset" 6537
"C:/Users/zxxuh/AppData/Local/UnrealEngine/Common/DerivedDataCache/Buckets/BulkDataList/c2/7e/6c0dad8c1d7c1827e468adb7ee84ce7e0926.udd" 6538
"../../../Engine/Content/EngineMaterials/Substrate/Glints2/dict_0000_0187.uasset" 6539
"C:/Users/zxxuh/AppData/Local/UnrealEngine/Common/DerivedDataCache/Buckets/BulkDataList/a0/d9/8a075bec5ff787cfdc7f360a7cf40b503a54.udd" 6540
"../../../Engine/Content/EngineMaterials/Substrate/Glints2/dict_0007_0008.uasset" 6541
"C:/Users/zxxuh/AppData/Local/UnrealEngine/Common/DerivedDataCache/Buckets/BulkDataList/29/02/818dda55fd700522c3d348c290c8739f4c0b.udd" 6542
"../../../Engine/Content/EngineMaterials/Substrate/Glints2/dict_0001_0220.uasset" 6543
"C:/Users/zxxuh/AppData/Local/UnrealEngine/Common/DerivedDataCache/Buckets/BulkDataList/a3/5e/1f04627eb8f078e71893b711cee9f4ceae45.udd" 6544
"../../../Engine/Content/EngineMaterials/Substrate/Glints2/dict_0002_0131.uasset" 6545
"C:/Users/zxxuh/AppData/Local/UnrealEngine/Common/DerivedDataCache/Buckets/BulkDataList/3b/52/f72dafefe56c3bd223b9ded56c0462699b2a.udd" 6546
"../../../Engine/Content/EngineMaterials/Substrate/Glints2/dict_0001_0216.uasset" 6547
"C:/Users/zxxuh/AppData/Local/UnrealEngine/Common/DerivedDataCache/Buckets/BulkDataList/1a/24/997b77ece6996afb028f9fa7a9af809fa03d.udd" 6548
"C:/Users/zxxuh/AppData/Local/UnrealEngine/Common/DerivedDataCache/Buckets/BulkDataList/57/40/504f178be3b881fb437d40d2eb662e8b9138.udd" 6549
"C:/Users/zxxuh/AppData/Local/UnrealEngine/Common/DerivedDataCache/Buckets/BulkDataList/d7/cf/0610d333a95d6ec6e31c7ee25a4452c6b024.udd" 6550
"C:/Users/zxxuh/AppData/Local/UnrealEngine/Common/DerivedDataCache/Buckets/BulkDataList/3d/9f/374e5e7e1d08b1aa8ff9b15b11841e2d39de.udd" 6551
"C:/Users/zxxuh/AppData/Local/UnrealEngine/Common/DerivedDataCache/Buckets/BulkDataList/f0/eb/7a6f0e6e53209823f05be20758ca9af943d3.udd" 6552
"C:/Users/zxxuh/AppData/Local/UnrealEngine/Common/DerivedDataCache/Buckets/BulkDataList/28/6e/028b6cce5933cfca06404218a09b12cb6afd.udd" 6553
"C:/Users/zxxuh/AppData/Local/UnrealEngine/Common/DerivedDataCache/Buckets/BulkDataList/99/25/8bc624ae366fc028636b72f302b476d37a29.udd" 6554
"C:/Users/zxxuh/AppData/Local/UnrealEngine/Common/DerivedDataCache/Buckets/BulkDataList/76/86/18140dc66097976ce505d8e32e0d9ad34494.udd" 6555
"C:/Users/zxxuh/AppData/Local/UnrealEngine/Common/DerivedDataCache/Buckets/BulkDataList/26/2c/47aa26449e29a472b552814863d5543ead84.udd" 6556
"C:/Users/zxxuh/AppData/Local/UnrealEngine/Common/DerivedDataCache/Buckets/BulkDataList/50/9a/a918f09693b941d3cbc56276d030d9ed8c62.udd" 6557
"C:/Users/zxxuh/AppData/Local/UnrealEngine/Common/DerivedDataCache/Buckets/BulkDataList/58/8d/9e0de5fb1f3db216af1824dbcd3fd318a3ce.udd" 6558
"C:/Users/zxxuh/AppData/Local/UnrealEngine/Common/DerivedDataCache/Buckets/BulkDataList/ac/fd/37e62411d4a86a31eddd6adb055987cfd141.udd" 6559
"C:/Users/zxxuh/AppData/Local/UnrealEngine/Common/DerivedDataCache/Buckets/BulkDataList/f7/84/5e2e4d476dfc6cc0ff12880f54a2471ce70e.udd" 6560
"C:/Users/zxxuh/AppData/Local/UnrealEngine/Common/DerivedDataCache/Buckets/BulkDataList/79/de/f5feace40431c994ad82744d80aa5d0e4588.udd" 6561
"C:/Users/zxxuh/AppData/Local/UnrealEngine/Common/DerivedDataCache/Buckets/BulkDataList/6f/7a/06b76656ee875f4dc36adb3a2dad79ddbeb2.udd" 6562
"C:/Users/zxxuh/AppData/Local/UnrealEngine/Common/DerivedDataCache/Buckets/BulkDataList/f0/11/bb659778b62a314c646ad7b82c7639df06c7.udd" 6563
"C:/Users/zxxuh/AppData/Local/UnrealEngine/Common/DerivedDataCache/Buckets/BulkDataList/b5/13/6bf931ff95527a6025633508cfca23f2dbfe.udd" 6564
"C:/Users/zxxuh/AppData/Local/UnrealEngine/Common/DerivedDataCache/Buckets/BulkDataList/76/26/c8c92f4fdd914a95127c051a1b4537ddb356.udd" 6565
"C:/Users/zxxuh/AppData/Local/UnrealEngine/Common/DerivedDataCache/Buckets/BulkDataList/1a/61/4bf60eed81d00765aac74ed96a6a1fa2ff3b.udd" 6566
"C:/Users/zxxuh/AppData/Local/UnrealEngine/Common/DerivedDataCache/Buckets/BulkDataList/45/72/1e864344359c1b025c2851c39d38b3f830d2.udd" 6567
"C:/Users/zxxuh/AppData/Local/UnrealEngine/Common/DerivedDataCache/Buckets/BulkDataList/55/2d/e3a09d38b83ff7cea3e25558e733c69a0e46.udd" 6568
"C:/Users/zxxuh/AppData/Local/UnrealEngine/Common/DerivedDataCache/Buckets/BulkDataList/df/e9/c93fa8199baeaf0899dbbc2367bbe9f2884e.udd" 6569
"C:/Users/zxxuh/AppData/Local/UnrealEngine/Common/DerivedDataCache/Buckets/BulkDataList/01/44/10931d8904d075b7469de5f1c81ef27a557e.udd" 6570
"C:/Users/zxxuh/AppData/Local/UnrealEngine/Common/DerivedDataCache/Buckets/BulkDataList/8e/91/42bf366d9a28a0843988231ab24dfc65b837.udd" 6571
"../../../Engine/Content/EngineMaterials/Substrate/Glints2/dict_0004_0160.uasset" 6572
"../../../Engine/Content/EngineMaterials/Substrate/Glints2/dict_0005_0034.uasset" 6573
"../../../Engine/Content/EngineMaterials/Substrate/Glints2/dict_0001_0006.uasset" 6574
"../../../Engine/Content/EngineMaterials/Substrate/Glints2/dict_0003_0191.uasset" 6575
"../../../Engine/Content/EngineMaterials/Substrate/Glints2/dict_0003_0192.uasset" 6576
"../../../Engine/Content/EngineMaterials/Substrate/Glints2/dict_0005_0113.uasset" 6577
"../../../Engine/Content/EngineMaterials/Substrate/Glints2/dict_0004_0059.uasset" 6578
"../../../Engine/Content/EngineMaterials/Substrate/Glints2/dict_0000_0085.uasset" 6579
"../../../Engine/Content/EngineMaterials/Substrate/Glints2/dict_0005_0109.uasset" 6580
"../../../Engine/Content/EngineMaterials/Substrate/Glints2/dict_0003_0087.uasset" 6581
"../../../Engine/Content/EngineMaterials/Substrate/Glints2/dict_0003_0013.uasset" 6582
"../../../Engine/Content/EngineMaterials/Substrate/Glints2/dict_0002_0210.uasset" 6583
"../../../Engine/Content/EngineMaterials/Substrate/Glints2/dict_0007_0238.uasset" 6584
"../../../Engine/Content/EngineMaterials/Substrate/Glints2/dict_0002_0103.uasset" 6585
"../../../Engine/Content/EngineMaterials/Substrate/Glints2/dict_0007_0065.uasset" 6586
"../../../Engine/Content/EngineMaterials/Substrate/Glints2/dict_0006_0170.uasset" 6587
"../../../Engine/Content/EngineMaterials/Substrate/Glints2/dict_0005_0087.uasset" 6588
"../../../Engine/Content/EngineMaterials/Substrate/Glints2/dict_0000_0030.uasset" 6589
"../../../Engine/Content/EngineMaterials/Substrate/Glints2/dict_0007_0234.uasset" 6590
"../../../Engine/Content/EngineMaterials/Substrate/Glints2/dict_0004_0151.uasset" 6591
"../../../Engine/Content/EngineMaterials/Substrate/Glints2/dict_0003_0082.uasset" 6592
"../../../Engine/Content/EngineMaterials/Substrate/Glints2/dict_0004_0178.uasset" 6593
"../../../Engine/Content/EngineMaterials/Substrate/Glints2/dict_0004_0253.uasset" 6594
"../../../Engine/Content/EngineMaterials/Substrate/Glints2/dict_0004_0077.uasset" 6595
"C:/Users/zxxuh/AppData/Local/UnrealEngine/Common/DerivedDataCache/Buckets/BulkDataList/50/fd/f99e8eaaeffdb1a4caee1e399d915d8f23d8.udd" 6596
"../../../Engine/Content/EngineMaterials/Substrate/Glints2/dict_0006_0042.uasset" 6597
"C:/Users/zxxuh/AppData/Local/UnrealEngine/Common/DerivedDataCache/Buckets/BulkDataList/b6/02/4c95dc016696109e233f161639eee353c865.udd" 6598
"../../../Engine/Content/EngineMaterials/Substrate/Glints2/dict_0000_0171.uasset" 6599
"../../../Engine/Content/EngineMaterials/Substrate/Glints2/dict_0007_0027.uasset" 6600
"C:/Users/zxxuh/AppData/Local/UnrealEngine/Common/DerivedDataCache/Buckets/BulkDataList/98/bb/2eec23be97e86e0b3cc7ee8bbe0176998ce9.udd" 6601
"C:/Users/zxxuh/AppData/Local/UnrealEngine/Common/DerivedDataCache/Buckets/BulkDataList/e1/fa/94d535b9f421680bddfad3cca891ac9dfd78.udd" 6602
"../../../Engine/Content/EngineMaterials/Substrate/Glints2/dict_0005_0231.uasset" 6603
"C:/Users/zxxuh/AppData/Local/UnrealEngine/Common/DerivedDataCache/Buckets/BulkDataList/1c/c0/06eb5c3e49934d434b96e91e4d2fc03d11bb.udd" 6604
"../../../Engine/Content/EngineMaterials/Substrate/Glints2/dict_0007_0184.uasset" 6605
"C:/Users/zxxuh/AppData/Local/UnrealEngine/Common/DerivedDataCache/Buckets/BulkDataList/62/15/ebb67f99b4224bef17a06442c5a7f762aba7.udd" 6606
"../../../Engine/Content/EngineMaterials/Substrate/Glints2/dict_0000_0004.uasset" 6607
"../../../Engine/Content/EngineMaterials/Substrate/Glints2/dict_0006_0058.uasset" 6608
"C:/Users/zxxuh/AppData/Local/UnrealEngine/Common/DerivedDataCache/Buckets/BulkDataList/ea/1b/5c376d4242cc56bfa6dc5ff38d6be5a833cd.udd" 6609
"C:/Users/zxxuh/AppData/Local/UnrealEngine/Common/DerivedDataCache/Buckets/BulkDataList/e8/20/753c5d0a8f87d61f57fe1e81b582ada8e57c.udd" 6610
"../../../Engine/Content/EngineMaterials/Substrate/Glints2/dict_0005_0205.uasset" 6611
"C:/Users/zxxuh/AppData/Local/UnrealEngine/Common/DerivedDataCache/Buckets/BulkDataList/13/ed/cb93c1d8c3d1197d36d20f23cb9a46b90064.udd" 6612
"C:/Users/zxxuh/AppData/Local/UnrealEngine/Common/DerivedDataCache/Buckets/BulkDataList/04/9b/698edd4177bd4850543c1f1a660193dd3739.udd" 6613
"C:/Users/zxxuh/AppData/Local/UnrealEngine/Common/DerivedDataCache/Buckets/BulkDataList/be/9a/9c6745e337f516836d69a45d0a68e1ac9fbe.udd" 6614
"C:/Users/zxxuh/AppData/Local/UnrealEngine/Common/DerivedDataCache/Buckets/BulkDataList/6a/3e/006d64b9bcfa5ab9bbc4917e30a2110d718f.udd" 6615
"C:/Users/zxxuh/AppData/Local/UnrealEngine/Common/DerivedDataCache/Buckets/BulkDataList/37/4b/8ea497a48179bea385cee91bb163a2bbbe39.udd" 6616
"C:/Users/zxxuh/AppData/Local/UnrealEngine/Common/DerivedDataCache/Buckets/BulkDataList/71/2f/77a653a88f3de425b760ae408509a0853986.udd" 6617
"C:/Users/zxxuh/AppData/Local/UnrealEngine/Common/DerivedDataCache/Buckets/BulkDataList/c7/df/aeaf177d7ebc6371b47e077d48ceae6e51b3.udd" 6618
"C:/Users/zxxuh/AppData/Local/UnrealEngine/Common/DerivedDataCache/Buckets/BulkDataList/d1/19/44fc20cd90edbebf972ef8d14ba16c08463a.udd" 6619
"C:/Users/zxxuh/AppData/Local/UnrealEngine/Common/DerivedDataCache/Buckets/BulkDataList/62/20/e8c856274c40e8f25a389d41938c775b298b.udd" 6620
"C:/Users/zxxuh/AppData/Local/UnrealEngine/Common/DerivedDataCache/Buckets/BulkDataList/c9/23/22be8306e469d52365e2f4da45a956be5638.udd" 6621
"C:/Users/zxxuh/AppData/Local/UnrealEngine/Common/DerivedDataCache/Buckets/BulkDataList/22/f9/2f28a32f9e6b1ed9a8d3d8bd3d6dd476d1c2.udd" 6622
"C:/Users/zxxuh/AppData/Local/UnrealEngine/Common/DerivedDataCache/Buckets/BulkDataList/f2/f3/b0f02cf02fefa842c23ae3522987f9ed2235.udd" 6623
"C:/Users/zxxuh/AppData/Local/UnrealEngine/Common/DerivedDataCache/Buckets/BulkDataList/5a/76/5167bb334218df53911ac727a29ef708e4d5.udd" 6624
"C:/Users/zxxuh/AppData/Local/UnrealEngine/Common/DerivedDataCache/Buckets/BulkDataList/2d/16/286bfb24b64ae630794ad9ffc15055b4fb4c.udd" 6625
"C:/Users/zxxuh/AppData/Local/UnrealEngine/Common/DerivedDataCache/Buckets/BulkDataList/17/0d/62a6fb105efb2b1ce65c6a303e973e6313d3.udd" 6626
"C:/Users/zxxuh/AppData/Local/UnrealEngine/Common/DerivedDataCache/Buckets/BulkDataList/bd/0e/5922182a43342848298a8cf70ee77415111a.udd" 6627
"C:/Users/zxxuh/AppData/Local/UnrealEngine/Common/DerivedDataCache/Buckets/BulkDataList/6a/5a/b1c079d890a26acba5420cccfee267e0f16b.udd" 6628
"C:/Users/zxxuh/AppData/Local/UnrealEngine/Common/DerivedDataCache/Buckets/BulkDataList/93/8f/ba05f952d2d2844a754cad96c06fe1dcd06f.udd" 6629
"C:/Users/zxxuh/AppData/Local/UnrealEngine/Common/DerivedDataCache/Buckets/BulkDataList/be/7e/4dc86ddc32108d0f4f8e47860c7ebeaaf5e7.udd" 6630
"C:/Users/zxxuh/AppData/Local/UnrealEngine/Common/DerivedDataCache/Buckets/BulkDataList/68/65/b3d1490ae01385a135bae1bcd87e31c87013.udd" 6631
"C:/Users/zxxuh/AppData/Local/UnrealEngine/Common/DerivedDataCache/Buckets/BulkDataList/f0/86/13173962b4efba826a4a24d748515e11485b.udd" 6632
"C:/Users/zxxuh/AppData/Local/UnrealEngine/Common/DerivedDataCache/Buckets/BulkDataList/90/a5/f102c37689396e36fca0b224978d532391e9.udd" 6633
"C:/Users/zxxuh/AppData/Local/UnrealEngine/Common/DerivedDataCache/Buckets/BulkDataList/61/57/b51e2e9158277a80b706e4a3f907c3c0e39d.udd" 6634
"C:/Users/zxxuh/AppData/Local/UnrealEngine/Common/DerivedDataCache/Buckets/BulkDataList/77/74/4064d514ae558e0ac9fe3fd194c562f070e7.udd" 6635
"../../../Engine/Content/EngineMaterials/Substrate/Glints2/dict_0000_0008.uasset" 6636
"../../../Engine/Content/EngineMaterials/Substrate/Glints2/dict_0000_0204.uasset" 6637
"../../../Engine/Content/EngineMaterials/Substrate/Glints2/dict_0004_0038.uasset" 6638
"../../../Engine/Content/EngineMaterials/Substrate/Glints2/dict_0006_0209.uasset" 6639
"../../../Engine/Content/EngineMaterials/Substrate/Glints2/dict_0001_0125.uasset" 6640
"../../../Engine/Content/EngineMaterials/Substrate/Glints2/dict_0006_0147.uasset" 6641
"../../../Engine/Content/EngineMaterials/Substrate/Glints2/dict_0000_0179.uasset" 6642
"../../../Engine/Content/EngineMaterials/Substrate/Glints2/dict_0005_0143.uasset" 6643
"../../../Engine/Content/EngineMaterials/Substrate/Glints2/dict_0007_0192.uasset" 6644
"../../../Engine/Content/EngineMaterials/Substrate/Glints2/dict_0007_0248.uasset" 6645
"../../../Engine/Content/EngineMaterials/Substrate/Glints2/dict_0002_0172.uasset" 6646
"../../../Engine/Content/EngineMaterials/Substrate/Glints2/dict_0005_0168.uasset" 6647
"../../../Engine/Content/EngineMaterials/Substrate/Glints2/dict_0007_0097.uasset" 6648
"../../../Engine/Content/EngineMaterials/Substrate/Glints2/dict_0006_0083.uasset" 6649
"../../../Engine/Content/EngineMaterials/Substrate/Glints2/dict_0001_0071.uasset" 6650
"../../../Engine/Content/EngineMaterials/Substrate/Glints2/dict_0001_0163.uasset" 6651
"../../../Engine/Content/EngineMaterials/Substrate/Glints2/dict_0005_0055.uasset" 6652
"../../../Engine/Content/EngineMaterials/Substrate/Glints2/dict_0000_0123.uasset" 6653
"../../../Engine/Content/EngineMaterials/Substrate/Glints2/dict_0002_0101.uasset" 6654
"../../../Engine/Content/EngineMaterials/Substrate/Glints2/dict_0001_0141.uasset" 6655
"../../../Engine/Content/EngineMaterials/Substrate/Glints2/dict_0000_0009.uasset" 6656
"../../../Engine/Content/EngineMaterials/Substrate/Glints2/dict_0002_0074.uasset" 6657
"../../../Engine/Content/EngineMaterials/Substrate/Glints2/dict_0004_0014.uasset" 6658
"../../../Engine/Content/EngineMaterials/Substrate/Glints2/dict_0006_0243.uasset" 6659
"../../../Engine/Content/EngineMaterials/Substrate/Glints2/dict_0002_0106.uasset" 6660
"../../../Engine/Content/EngineMaterials/Substrate/Glints2/dict_0001_0200.uasset" 6661
"C:/Users/zxxuh/AppData/Local/UnrealEngine/Common/DerivedDataCache/Buckets/BulkDataList/b0/4d/d27263ad9c3525ea09643e82c7617350632e.udd" 6662
"C:/Users/zxxuh/AppData/Local/UnrealEngine/Common/DerivedDataCache/Buckets/BulkDataList/5d/0c/a253031e2966ba52801ee9987593bed4c959.udd" 6663
"C:/Users/zxxuh/AppData/Local/UnrealEngine/Common/DerivedDataCache/Buckets/BulkDataList/e9/e3/6749f24cb74c7aa9cdee706e4af16b1b7a2c.udd" 6664
"../../../Engine/Content/EngineMaterials/Substrate/Glints2/dict_0000_0226.uasset" 6665
"C:/Users/zxxuh/AppData/Local/UnrealEngine/Common/DerivedDataCache/Buckets/BulkDataList/82/7c/8b8aa3c853d221c26bf6d08fc4533d40e53f.udd" 6666
"../../../Engine/Content/EngineMaterials/Substrate/Glints2/dict_0005_0158.uasset" 6667
"C:/Users/zxxuh/AppData/Local/UnrealEngine/Common/DerivedDataCache/Buckets/BulkDataList/1f/4d/07554522f42d00236c55ac4ac9ca0c00b615.udd" 6668
"../../../Engine/Content/EngineMaterials/Substrate/Glints2/dict_0001_0039.uasset" 6669
"C:/Users/zxxuh/AppData/Local/UnrealEngine/Common/DerivedDataCache/Buckets/BulkDataList/e4/1d/ccc0dec03ef63651478f84d4c896037af8cf.udd" 6670
"../../../Engine/Content/EngineMaterials/Substrate/Glints2/dict_0000_0001.uasset" 6671
"C:/Users/zxxuh/AppData/Local/UnrealEngine/Common/DerivedDataCache/Buckets/BulkDataList/a4/43/57791caa38633146dc77407f98e0d5354211.udd" 6672
"../../../Engine/Content/EngineMaterials/Substrate/Glints2/dict_0003_0201.uasset" 6673
"C:/Users/zxxuh/AppData/Local/UnrealEngine/Common/DerivedDataCache/Buckets/BulkDataList/b6/85/b5539306a76d40786db287027285c097f947.udd" 6674
"../../../Engine/Content/EngineMaterials/Substrate/Glints2/dict_0005_0241.uasset" 6675
"C:/Users/zxxuh/AppData/Local/UnrealEngine/Common/DerivedDataCache/Buckets/BulkDataList/5c/90/4d7826f9f6845db02820a45d9e67441b3ae8.udd" 6676
"C:/Users/zxxuh/AppData/Local/UnrealEngine/Common/DerivedDataCache/Buckets/BulkDataList/9c/c8/7546ccc5b109cb56c74c83d56505c77116c7.udd" 6677
"C:/Users/zxxuh/AppData/Local/UnrealEngine/Common/DerivedDataCache/Buckets/BulkDataList/2e/bb/e6311990447369912b78edaa809fc31834da.udd" 6678
"C:/Users/zxxuh/AppData/Local/UnrealEngine/Common/DerivedDataCache/Buckets/BulkDataList/6f/1a/4a4032e6bdff3fbf8a391738d6cccba7995c.udd" 6679
"C:/Users/zxxuh/AppData/Local/UnrealEngine/Common/DerivedDataCache/Buckets/BulkDataList/93/c8/b2a8532d73651e019527304884ad1f63c8ea.udd" 6680
"C:/Users/zxxuh/AppData/Local/UnrealEngine/Common/DerivedDataCache/Buckets/BulkDataList/d5/80/d6987e7c01174d9962f02447d98806d04517.udd" 6681
"C:/Users/zxxuh/AppData/Local/UnrealEngine/Common/DerivedDataCache/Buckets/BulkDataList/c2/e2/50d569af3d8473fb0a8c1c25f682fb0547fc.udd" 6682
"C:/Users/zxxuh/AppData/Local/UnrealEngine/Common/DerivedDataCache/Buckets/BulkDataList/af/2f/59bb6b28af2bb099dcebd32621cb7cf81ad4.udd" 6683
"C:/Users/zxxuh/AppData/Local/UnrealEngine/Common/DerivedDataCache/Buckets/BulkDataList/00/98/09a7c3309ec1392f7d6ca9487550eadd2684.udd" 6684
"C:/Users/zxxuh/AppData/Local/UnrealEngine/Common/DerivedDataCache/Buckets/BulkDataList/ce/94/19b547fae443edddd2b6bb2a3e91e6c085f1.udd" 6685
"C:/Users/zxxuh/AppData/Local/UnrealEngine/Common/DerivedDataCache/Buckets/BulkDataList/d2/d5/ba73ff3d72dedbc262e5f9234a28deacf92f.udd" 6686
"C:/Users/zxxuh/AppData/Local/UnrealEngine/Common/DerivedDataCache/Buckets/BulkDataList/23/66/aab1f3136ddef3d316b8dc510e75e78e3bb8.udd" 6687
"C:/Users/zxxuh/AppData/Local/UnrealEngine/Common/DerivedDataCache/Buckets/BulkDataList/7b/fc/7e21d4326ba462aaba5a77e0698fc6cceff5.udd" 6688
"C:/Users/zxxuh/AppData/Local/UnrealEngine/Common/DerivedDataCache/Buckets/BulkDataList/8d/4a/59066726685a1d9ef77537ef9de616235612.udd" 6689
"C:/Users/zxxuh/AppData/Local/UnrealEngine/Common/DerivedDataCache/Buckets/BulkDataList/f5/c1/5146d99f01ac5ff7e12db9ceeccbd406ba5c.udd" 6690
"C:/Users/zxxuh/AppData/Local/UnrealEngine/Common/DerivedDataCache/Buckets/BulkDataList/b6/d0/e54ef3b21d83148c3fa34d14743e6278f094.udd" 6691
"C:/Users/zxxuh/AppData/Local/UnrealEngine/Common/DerivedDataCache/Buckets/BulkDataList/cf/e8/269448933039bca84df74d6220eed41e08cb.udd" 6692
"C:/Users/zxxuh/AppData/Local/UnrealEngine/Common/DerivedDataCache/Buckets/BulkDataList/3d/f8/823ae906f80234b088804d22624ad0a6d96f.udd" 6693
"C:/Users/zxxuh/AppData/Local/UnrealEngine/Common/DerivedDataCache/Buckets/BulkDataList/3e/df/86db651fb3587443e82a03c752b97cc3b2f3.udd" 6694
"C:/Users/zxxuh/AppData/Local/UnrealEngine/Common/DerivedDataCache/Buckets/BulkDataList/5b/57/a87a0c650546d10b0dca7b16ceb935b6f15b.udd" 6695
"C:/Users/zxxuh/AppData/Local/UnrealEngine/Common/DerivedDataCache/Buckets/BulkDataList/6b/f3/4fd02c92738622ae900c0f39abdffd8ecf39.udd" 6696
"C:/Users/zxxuh/AppData/Local/UnrealEngine/Common/DerivedDataCache/Buckets/BulkDataList/77/1d/591c540923c743eead07d419510306e02967.udd" 6697
"C:/Users/zxxuh/AppData/Local/UnrealEngine/Common/DerivedDataCache/Buckets/BulkDataList/d7/50/559cee58a4921e29378843aa6201c45e2e29.udd" 6698
"C:/Users/zxxuh/AppData/Local/UnrealEngine/Common/DerivedDataCache/Buckets/BulkDataList/28/6a/16268baca37529884afff54b7805ee5c7ae1.udd" 6699
"../../../Engine/Content/EngineMaterials/Substrate/Glints2/dict_0007_0251.uasset" 6700
"../../../Engine/Content/EngineMaterials/Substrate/Glints2/dict_0007_0107.uasset" 6701
"../../../Engine/Content/EngineMaterials/Substrate/Glints2/dict_0005_0232.uasset" 6702
"../../../Engine/Content/EngineMaterials/Substrate/Glints2/dict_0002_0042.uasset" 6703
"../../../Engine/Content/EngineMaterials/Substrate/Glints2/dict_0000_0044.uasset" 6704
"../../../Engine/Content/EngineMaterials/Substrate/Glints2/dict_0004_0234.uasset" 6705
"../../../Engine/Content/EngineMaterials/Substrate/Glints2/dict_0007_0007.uasset" 6706
"../../../Engine/Content/EngineMaterials/Substrate/Glints2/dict_0007_0253.uasset" 6707
"../../../Engine/Content/EngineMaterials/Substrate/Glints2/dict_0004_0229.uasset" 6708
"../../../Engine/Content/EngineMaterials/Substrate/Glints2/dict_0002_0115.uasset" 6709
"../../../Engine/Content/EngineMaterials/Substrate/Glints2/dict_0000_0039.uasset" 6710
"../../../Engine/Content/EngineMaterials/Substrate/Glints2/dict_0000_0046.uasset" 6711
"../../../Engine/Content/EngineMaterials/Substrate/Glints2/dict_0003_0179.uasset" 6712
"../../../Engine/Content/EngineMaterials/Substrate/Glints2/dict_0002_0175.uasset" 6713
"../../../Engine/Content/EngineMaterials/Substrate/Glints2/dict_0005_0182.uasset" 6714
"../../../Engine/Content/EngineMaterials/Substrate/Glints2/dict_0000_0027.uasset" 6715
"../../../Engine/Content/EngineMaterials/Substrate/Glints2/dict_0004_0092.uasset" 6716
"../../../Engine/Content/EngineMaterials/Substrate/Glints2/dict_0000_0242.uasset" 6717
"../../../Engine/Content/EngineMaterials/Substrate/Glints2/dict_0003_0166.uasset" 6718
"../../../Engine/Content/EngineMaterials/Substrate/Glints2/dict_0004_0067.uasset" 6719
"../../../Engine/Content/EngineMaterials/Substrate/Glints2/dict_0005_0097.uasset" 6720
"../../../Engine/Content/EngineMaterials/Substrate/Glints2/dict_0000_0065.uasset" 6721
"../../../Engine/Content/EngineMaterials/Substrate/Glints2/dict_0003_0193.uasset" 6722
"../../../Engine/Content/EngineMaterials/Substrate/Glints2/dict_0001_0142.uasset" 6723
"C:/Users/zxxuh/AppData/Local/UnrealEngine/Common/DerivedDataCache/Buckets/BulkDataList/81/22/9ef4630b708309e8e77334f76d383c2995ff.udd" 6724
"../../../Engine/Content/EngineMaterials/Substrate/Glints2/dict_0005_0228.uasset" 6725
"C:/Users/zxxuh/AppData/Local/UnrealEngine/Common/DerivedDataCache/Buckets/BulkDataList/88/7d/ca2bb1001af810abd888f80108214b81cbbe.udd" 6726
"../../../Engine/Content/EngineMaterials/Substrate/Glints2/dict_0004_0108.uasset" 6727
"C:/Users/zxxuh/AppData/Local/UnrealEngine/Common/DerivedDataCache/Buckets/BulkDataList/0d/b3/79575cb4650fbb3966a76a5dbb90fdc44bd4.udd" 6728
"../../../Engine/Content/EngineMaterials/Substrate/Glints2/dict_0006_0132.uasset" 6729
"C:/Users/zxxuh/AppData/Local/UnrealEngine/Common/DerivedDataCache/Buckets/BulkDataList/cb/7b/9a5fcbab64aab48e8bb66081db2a12dc4822.udd" 6730
"../../../Engine/Content/EngineMaterials/Substrate/Glints2/dict_0001_0127.uasset" 6731
"C:/Users/zxxuh/AppData/Local/UnrealEngine/Common/DerivedDataCache/Buckets/BulkDataList/d2/31/48026021b81d597046bccf3a96a1a49f212a.udd" 6732
"../../../Engine/Content/EngineMaterials/Substrate/Glints2/dict_0000_0040.uasset" 6733
"C:/Users/zxxuh/AppData/Local/UnrealEngine/Common/DerivedDataCache/Buckets/BulkDataList/fb/1e/06c10ba10aeecfc69113da8fd976d660bf2e.udd" 6734
"../../../Engine/Content/EngineMaterials/Substrate/Glints2/dict_0004_0219.uasset" 6735
"C:/Users/zxxuh/AppData/Local/UnrealEngine/Common/DerivedDataCache/Buckets/BulkDataList/60/65/0656da7f6a64185cecb99d80691043e7badf.udd" 6736
"../../../Engine/Content/EngineMaterials/Substrate/Glints2/dict_0003_0054.uasset" 6737
"C:/Users/zxxuh/AppData/Local/UnrealEngine/Common/DerivedDataCache/Buckets/BulkDataList/07/ba/16781eaf898deab2e33eaa1895279b457a95.udd" 6738
"../../../Engine/Content/EngineMaterials/Substrate/Glints2/dict_0002_0005.uasset" 6739
"C:/Users/zxxuh/AppData/Local/UnrealEngine/Common/DerivedDataCache/Buckets/BulkDataList/f1/7e/7e27068adad6fa50270844579facd0b6f9be.udd" 6740
"C:/Users/zxxuh/AppData/Local/UnrealEngine/Common/DerivedDataCache/Buckets/BulkDataList/fa/5e/70aeda5e486d0da2d9c8fafe7b4f5eb238c7.udd" 6741
"C:/Users/zxxuh/AppData/Local/UnrealEngine/Common/DerivedDataCache/Buckets/BulkDataList/2b/c7/1e019f81268b0f9f27d96abbd1eb3aa54d92.udd" 6742
"C:/Users/zxxuh/AppData/Local/UnrealEngine/Common/DerivedDataCache/Buckets/BulkDataList/e4/df/d74a4b61c97a07e0457bbda8729d41226a62.udd" 6743
"C:/Users/zxxuh/AppData/Local/UnrealEngine/Common/DerivedDataCache/Buckets/BulkDataList/8e/80/e25c2ce0a3a0ecd66bc34f99f120f147a679.udd" 6744
"C:/Users/zxxuh/AppData/Local/UnrealEngine/Common/DerivedDataCache/Buckets/BulkDataList/38/1b/f42cf41a577bdeecfaea2b4479a0f05d424a.udd" 6745
"C:/Users/zxxuh/AppData/Local/UnrealEngine/Common/DerivedDataCache/Buckets/BulkDataList/9b/7d/0292539606942f93cc742680b15a6b3bfd52.udd" 6746
"C:/Users/zxxuh/AppData/Local/UnrealEngine/Common/DerivedDataCache/Buckets/BulkDataList/74/fe/dcb39d5371b44d7f285d00ae2eaf1f7a721b.udd" 6747
"C:/Users/zxxuh/AppData/Local/UnrealEngine/Common/DerivedDataCache/Buckets/BulkDataList/41/d2/439cd078078af5839242cd9f7f91d9c300a6.udd" 6748
"C:/Users/zxxuh/AppData/Local/UnrealEngine/Common/DerivedDataCache/Buckets/BulkDataList/c6/dc/cf9016bf9182ccbbe915d06c14314c6490f8.udd" 6749
"C:/Users/zxxuh/AppData/Local/UnrealEngine/Common/DerivedDataCache/Buckets/BulkDataList/af/cc/2bb62f235da785a280c8911ec3847e9fd4bb.udd" 6750
"C:/Users/zxxuh/AppData/Local/UnrealEngine/Common/DerivedDataCache/Buckets/BulkDataList/54/32/efa8a1ff63a22c7f2ac2f83f35d897be89ed.udd" 6751
"C:/Users/zxxuh/AppData/Local/UnrealEngine/Common/DerivedDataCache/Buckets/BulkDataList/a2/e3/107fc299d696962624d029b2a2a50762d214.udd" 6752
"C:/Users/zxxuh/AppData/Local/UnrealEngine/Common/DerivedDataCache/Buckets/BulkDataList/9d/47/3fd383150b5e857f45b4b383dfe030e33bf1.udd" 6753
"C:/Users/zxxuh/AppData/Local/UnrealEngine/Common/DerivedDataCache/Buckets/BulkDataList/4a/d8/10fdf1bc44dc5a2e62b62ba1b24890a98528.udd" 6754
"C:/Users/zxxuh/AppData/Local/UnrealEngine/Common/DerivedDataCache/Buckets/BulkDataList/df/46/166650b56db8c1273f2374404f35fd345028.udd" 6755
"C:/Users/zxxuh/AppData/Local/UnrealEngine/Common/DerivedDataCache/Buckets/BulkDataList/d4/ea/b04e42a3c16f6e149b37876ccbd116936a64.udd" 6756
"C:/Users/zxxuh/AppData/Local/UnrealEngine/Common/DerivedDataCache/Buckets/BulkDataList/01/17/bb5e6281e87492cc52affa0c4d7bf2897351.udd" 6757
"C:/Users/zxxuh/AppData/Local/UnrealEngine/Common/DerivedDataCache/Buckets/BulkDataList/4e/af/ac99dc1c87815475e27476e59043f25daae8.udd" 6758
"C:/Users/zxxuh/AppData/Local/UnrealEngine/Common/DerivedDataCache/Buckets/BulkDataList/71/01/f2f2cf9946eb296c14485a2153d25fe3d7b9.udd" 6759
"C:/Users/zxxuh/AppData/Local/UnrealEngine/Common/DerivedDataCache/Buckets/BulkDataList/f1/cd/3d436b7051ccff1b71a37efcc9f2a0895ab1.udd" 6760
"C:/Users/zxxuh/AppData/Local/UnrealEngine/Common/DerivedDataCache/Buckets/BulkDataList/ee/d4/3456636d1f0915110256c1e211dda692b335.udd" 6761
"C:/Users/zxxuh/AppData/Local/UnrealEngine/Common/DerivedDataCache/Buckets/BulkDataList/03/f8/c08af4c3e3ff8d3a189d7769961f7922aaa8.udd" 6762
"C:/Users/zxxuh/AppData/Local/UnrealEngine/Common/DerivedDataCache/Buckets/BulkDataList/d7/1f/9dcd03be6e4d9602d247bec6f3bcc10a73ad.udd" 6763
"../../../Engine/Content/EngineMaterials/Substrate/Glints2/dict_0007_0147.uasset" 6764
"../../../Engine/Content/EngineMaterials/Substrate/Glints2/dict_0004_0125.uasset" 6765
"../../../Engine/Content/EngineMaterials/Substrate/Glints2/dict_0003_0184.uasset" 6766
"../../../Engine/Content/EngineMaterials/Substrate/Glints2/dict_0006_0079.uasset" 6767
"../../../Engine/Content/EngineMaterials/Substrate/Glints2/dict_0004_0128.uasset" 6768
"../../../Engine/Content/EngineMaterials/Substrate/Glints2/dict_0005_0227.uasset" 6769
"../../../Engine/Content/EngineMaterials/Substrate/Glints2/dict_0004_0231.uasset" 6770
"../../../Engine/Content/EngineMaterials/Substrate/Glints2/dict_0001_0254.uasset" 6771
"../../../Engine/Content/EngineMaterials/Substrate/Glints2/dict_0001_0189.uasset" 6772
"../../../Engine/Content/EngineMaterials/Substrate/Glints2/dict_0001_0098.uasset" 6773
"../../../Engine/Content/EngineMaterials/Substrate/Glints2/dict_0006_0068.uasset" 6774
"../../../Engine/Content/EngineMaterials/Substrate/Glints2/dict_0004_0010.uasset" 6775
"../../../Engine/Content/EngineMaterials/Substrate/Glints2/dict_0006_0033.uasset" 6776
"../../../Engine/Content/EngineMaterials/Substrate/Glints2/dict_0004_0161.uasset" 6777
"../../../Engine/Content/EngineMaterials/Substrate/Glints2/dict_0004_0209.uasset" 6778
"../../../Engine/Content/EngineMaterials/Substrate/Glints2/dict_0004_0080.uasset" 6779
"../../../Engine/Content/EngineMaterials/Substrate/Glints2/dict_0007_0135.uasset" 6780
"../../../Engine/Content/EngineMaterials/Substrate/Glints2/dict_0003_0200.uasset" 6781
"../../../Engine/Content/EngineMaterials/Substrate/Glints2/dict_0000_0124.uasset" 6782
"../../../Engine/Content/EngineMaterials/Substrate/Glints2/dict_0006_0020.uasset" 6783
"../../../Engine/Content/EngineMaterials/Substrate/Glints2/dict_0001_0050.uasset" 6784
"../../../Engine/Content/EngineMaterials/Substrate/Glints2/dict_0007_0237.uasset" 6785
"../../../Engine/Content/EngineMaterials/Substrate/Glints2/dict_0001_0024.uasset" 6786
"../../../Engine/Content/EngineMaterials/Substrate/Glints2/dict_0000_0160.uasset" 6787
"C:/Users/zxxuh/AppData/Local/UnrealEngine/Common/DerivedDataCache/Buckets/BulkDataList/c3/28/1d6c9a0aefaf46a5569a5e29404fcc25ba9a.udd" 6788
"../../../Engine/Content/EngineMaterials/Substrate/Glints2/dict_0002_0107.uasset" 6789
"C:/Users/zxxuh/AppData/Local/UnrealEngine/Common/DerivedDataCache/Buckets/BulkDataList/f9/d5/1e4957f53838303257ac0a5ecbe9961aa186.udd" 6790
"../../../Engine/Content/EngineMaterials/Substrate/Glints2/dict_0005_0221.uasset" 6791
"C:/Users/zxxuh/AppData/Local/UnrealEngine/Common/DerivedDataCache/Buckets/BulkDataList/18/88/72b379280de20bf24f2908461db5f9b02a9b.udd" 6792
"../../../Engine/Content/EngineMaterials/Substrate/Glints2/dict_0003_0138.uasset" 6793
"C:/Users/zxxuh/AppData/Local/UnrealEngine/Common/DerivedDataCache/Buckets/BulkDataList/41/4f/37eb34a96d07349bedf02c01b109eaae46ae.udd" 6794
"../../../Engine/Content/EngineMaterials/Substrate/Glints2/dict_0003_0047.uasset" 6795
"C:/Users/zxxuh/AppData/Local/UnrealEngine/Common/DerivedDataCache/Buckets/BulkDataList/23/8c/0a7b57e674373e9c6afae74a971c3253d3ec.udd" 6796
"../../../Engine/Content/EngineMaterials/Substrate/Glints2/dict_0002_0110.uasset" 6797
"C:/Users/zxxuh/AppData/Local/UnrealEngine/Common/DerivedDataCache/Buckets/BulkDataList/4e/3b/aaf8e75a395789d1e626ca40fb54414804f5.udd" 6798
"../../../Engine/Content/EngineMaterials/Substrate/Glints2/dict_0002_0069.uasset" 6799
"C:/Users/zxxuh/AppData/Local/UnrealEngine/Common/DerivedDataCache/Buckets/BulkDataList/97/f1/447db1c3dab67d1270b1cc77ce008a5c275b.udd" 6800
"../../../Engine/Content/EngineMaterials/Substrate/Glints2/dict_0007_0154.uasset" 6801
"C:/Users/zxxuh/AppData/Local/UnrealEngine/Common/DerivedDataCache/Buckets/BulkDataList/bf/74/6e7279d729417da2961c9fb8dd151e0c5b15.udd" 6802
"../../../Engine/Content/EngineMaterials/Substrate/Glints2/dict_0006_0251.uasset" 6803
"C:/Users/zxxuh/AppData/Local/UnrealEngine/Common/DerivedDataCache/Buckets/BulkDataList/35/22/0bbb22de982896b353aac601523964304027.udd" 6804
"C:/Users/zxxuh/AppData/Local/UnrealEngine/Common/DerivedDataCache/Buckets/BulkDataList/1e/40/e321ef50e32ef1d9c2f0cb1aacb7e2454a8f.udd" 6805
"C:/Users/zxxuh/AppData/Local/UnrealEngine/Common/DerivedDataCache/Buckets/BulkDataList/95/68/d0e655fe7f47d110c1cb420a52f2048511c2.udd" 6806
"C:/Users/zxxuh/AppData/Local/UnrealEngine/Common/DerivedDataCache/Buckets/BulkDataList/1e/89/f4688f4734371e4bab48c7759b99d74b6da2.udd" 6807
"C:/Users/zxxuh/AppData/Local/UnrealEngine/Common/DerivedDataCache/Buckets/BulkDataList/c1/3e/c3895aef6e07d783b1a8322d5a0256e7af0e.udd" 6808
"C:/Users/zxxuh/AppData/Local/UnrealEngine/Common/DerivedDataCache/Buckets/BulkDataList/94/de/6d7ecdfaf85e633650e9f6da0ed7068c24ad.udd" 6809
"C:/Users/zxxuh/AppData/Local/UnrealEngine/Common/DerivedDataCache/Buckets/BulkDataList/26/89/02b90ec1e694da1423b235c3501c05fd3f3b.udd" 6810
"C:/Users/zxxuh/AppData/Local/UnrealEngine/Common/DerivedDataCache/Buckets/BulkDataList/4f/d8/4e871dfb111b2b7bae34b630a9550a91d6b8.udd" 6811
"C:/Users/zxxuh/AppData/Local/UnrealEngine/Common/DerivedDataCache/Buckets/BulkDataList/43/27/e2d630f81bc51e62288561dcd1eb97629381.udd" 6812
"C:/Users/zxxuh/AppData/Local/UnrealEngine/Common/DerivedDataCache/Buckets/BulkDataList/04/44/479ba4d9c160bc1e31e8446ff9a486b01179.udd" 6813
"C:/Users/zxxuh/AppData/Local/UnrealEngine/Common/DerivedDataCache/Buckets/BulkDataList/22/9a/cff241a30d3618a1b359dabcf1ce46dbce9b.udd" 6814
"C:/Users/zxxuh/AppData/Local/UnrealEngine/Common/DerivedDataCache/Buckets/BulkDataList/cd/d9/51b855b9fb4efc2d5dc19bb9a452aa4eab84.udd" 6815
"C:/Users/zxxuh/AppData/Local/UnrealEngine/Common/DerivedDataCache/Buckets/BulkDataList/8d/f7/3f444140b4a54da7ce2e9d87e6472feb072a.udd" 6816
"C:/Users/zxxuh/AppData/Local/UnrealEngine/Common/DerivedDataCache/Buckets/BulkDataList/5a/5d/bb02ed7a0590fdd77080ccf1f5a1ad022512.udd" 6817
"C:/Users/zxxuh/AppData/Local/UnrealEngine/Common/DerivedDataCache/Buckets/BulkDataList/0b/75/39a9b70dd1406505a99906e58c2d29987473.udd" 6818
"C:/Users/zxxuh/AppData/Local/UnrealEngine/Common/DerivedDataCache/Buckets/BulkDataList/fd/7b/dae866847499ea799c131f8f31d2587e00c3.udd" 6819
"C:/Users/zxxuh/AppData/Local/UnrealEngine/Common/DerivedDataCache/Buckets/BulkDataList/f7/de/cee04b316012bb6e4e3e27f84e7387a068ca.udd" 6820
"C:/Users/zxxuh/AppData/Local/UnrealEngine/Common/DerivedDataCache/Buckets/BulkDataList/8e/68/4a2b62f2e5d8350f8475eeb48bc42391839d.udd" 6821
"C:/Users/zxxuh/AppData/Local/UnrealEngine/Common/DerivedDataCache/Buckets/BulkDataList/8f/b2/6b930d4c73414c8cd2372dec220b3131111f.udd" 6822
"C:/Users/zxxuh/AppData/Local/UnrealEngine/Common/DerivedDataCache/Buckets/BulkDataList/b5/6d/77a7ee2f1225b7e5a86c91f01b5ac42ae627.udd" 6823
"C:/Users/zxxuh/AppData/Local/UnrealEngine/Common/DerivedDataCache/Buckets/BulkDataList/ee/52/1c4f24115147f82031301d8ce20b3fe78410.udd" 6824
"C:/Users/zxxuh/AppData/Local/UnrealEngine/Common/DerivedDataCache/Buckets/BulkDataList/bb/8a/4339cc9b55a9e0d025e0d9337fa104df949a.udd" 6825
"C:/Users/zxxuh/AppData/Local/UnrealEngine/Common/DerivedDataCache/Buckets/BulkDataList/c2/6d/6d630d28be073a03da8c601eeb603668fe51.udd" 6826
"C:/Users/zxxuh/AppData/Local/UnrealEngine/Common/DerivedDataCache/Buckets/BulkDataList/8c/ac/2b94afeabd54f15e86c876bda3f2eadcea06.udd" 6827
"../../../Engine/Content/EngineMaterials/Substrate/Glints2/dict_0001_0072.uasset" 6828
"../../../Engine/Content/EngineMaterials/Substrate/Glints2/dict_0000_0234.uasset" 6829
"../../../Engine/Content/EngineMaterials/Substrate/Glints2/dict_0004_0062.uasset" 6830
"../../../Engine/Content/EngineMaterials/Substrate/Glints2/dict_0000_0084.uasset" 6831
"../../../Engine/Content/EngineMaterials/Substrate/Glints2/dict_0002_0206.uasset" 6832
"../../../Engine/Content/EngineMaterials/Substrate/Glints2/dict_0007_0132.uasset" 6833
"../../../Engine/Content/EngineMaterials/Substrate/Glints2/dict_0003_0062.uasset" 6834
"../../../Engine/Content/EngineMaterials/Substrate/Glints2/dict_0000_0042.uasset" 6835
"../../../Engine/Content/EngineMaterials/Substrate/Glints2/dict_0000_0151.uasset" 6836
"../../../Engine/Content/EngineMaterials/Substrate/Glints2/dict_0003_0239.uasset" 6837
"../../../Engine/Content/EngineMaterials/Substrate/Glints2/dict_0006_0179.uasset" 6838
"../../../Engine/Content/EngineMaterials/Substrate/Glints2/dict_0000_0079.uasset" 6839
"../../../Engine/Content/EngineMaterials/Substrate/Glints2/dict_0007_0133.uasset" 6840
"../../../Engine/Content/EngineMaterials/Substrate/Glints2/dict_0007_0002.uasset" 6841
"../../../Engine/Content/EngineMaterials/Substrate/Glints2/dict_0001_0057.uasset" 6842
"../../../Engine/Content/EngineMaterials/Substrate/Glints2/dict_0006_0158.uasset" 6843
"../../../Engine/Content/EngineMaterials/Substrate/Glints2/dict_0003_0075.uasset" 6844
"../../../Engine/Content/EngineMaterials/Substrate/Glints2/dict_0007_0054.uasset" 6845
"../../../Engine/Content/EngineMaterials/Substrate/Glints2/dict_0000_0186.uasset" 6846
"../../../Engine/Content/EngineMaterials/Substrate/Glints2/dict_0002_0113.uasset" 6847
"../../../Engine/Content/EngineMaterials/Substrate/Glints2/dict_0005_0025.uasset" 6848
"../../../Engine/Content/EngineMaterials/Substrate/Glints2/dict_0005_0196.uasset" 6849
"../../../Engine/Content/EngineMaterials/Substrate/Glints2/dict_0006_0114.uasset" 6850
"../../../Engine/Content/EngineMaterials/Substrate/Glints2/dict_0004_0068.uasset" 6851
"C:/Users/zxxuh/AppData/Local/UnrealEngine/Common/DerivedDataCache/Buckets/BulkDataList/ad/a3/6e9f665e2edc4e1889a71fc4d7edfd9ab7eb.udd" 6852
"../../../Engine/Content/EngineMaterials/Substrate/Glints2/dict_0004_0222.uasset" 6853
"C:/Users/zxxuh/AppData/Local/UnrealEngine/Common/DerivedDataCache/Buckets/BulkDataList/17/99/143645d08a5c13c6df5a05cd2d19c6cf4827.udd" 6854
"../../../Engine/Content/EngineMaterials/Substrate/Glints2/dict_0001_0188.uasset" 6855
"C:/Users/zxxuh/AppData/Local/UnrealEngine/Common/DerivedDataCache/Buckets/BulkDataList/bb/ab/f76692c886bbfce78a55b2788d888c05daf8.udd" 6856
"../../../Engine/Content/EngineMaterials/Substrate/Glints2/dict_0003_0221.uasset" 6857
"C:/Users/zxxuh/AppData/Local/UnrealEngine/Common/DerivedDataCache/Buckets/BulkDataList/a5/48/b53264aee584f594439b87347d7b5d3080cd.udd" 6858
"../../../Engine/Content/EngineMaterials/Substrate/Glints2/dict_0001_0036.uasset" 6859
"C:/Users/zxxuh/AppData/Local/UnrealEngine/Common/DerivedDataCache/Buckets/BulkDataList/88/ed/bc6b0641c841b2e21bb31dd11ab1cae4cc7f.udd" 6860
"../../../Engine/Content/EngineMaterials/Substrate/Glints2/dict_0004_0226.uasset" 6861
"C:/Users/zxxuh/AppData/Local/UnrealEngine/Common/DerivedDataCache/Buckets/BulkDataList/97/b3/f244781774394f3ccbbf8ed8bcf09bd0c502.udd" 6862
"../../../Engine/Content/EngineMaterials/Substrate/Glints2/dict_0000_0138.uasset" 6863
"C:/Users/zxxuh/AppData/Local/UnrealEngine/Common/DerivedDataCache/Buckets/BulkDataList/a4/3a/c5be748bf22fe46424478e2537013d7f8758.udd" 6864
"../../../Engine/Content/EngineMaterials/Substrate/Glints2/dict_0006_0212.uasset" 6865
"C:/Users/zxxuh/AppData/Local/UnrealEngine/Common/DerivedDataCache/Buckets/BulkDataList/ca/fd/d8a7163000e8b44952ea9238503e9b3adf96.udd" 6866
"../../../Engine/Content/EngineMaterials/Substrate/Glints2/dict_0004_0095.uasset" 6867
"C:/Users/zxxuh/AppData/Local/UnrealEngine/Common/DerivedDataCache/Buckets/BulkDataList/34/c3/36a5c0dc63449d2acd3abbb6d56fd17cb836.udd" 6868
"C:/Users/zxxuh/AppData/Local/UnrealEngine/Common/DerivedDataCache/Buckets/BulkDataList/5b/39/098d95533a61fdce11f2ef5fcc9976c6d70b.udd" 6869
"C:/Users/zxxuh/AppData/Local/UnrealEngine/Common/DerivedDataCache/Buckets/BulkDataList/66/fd/fe3a8f93db523cdb371b0d18dbb54e4f8b5d.udd" 6870
"C:/Users/zxxuh/AppData/Local/UnrealEngine/Common/DerivedDataCache/Buckets/BulkDataList/b5/e6/9cd8c55ce061d4070be23bd8e0e5f71e357f.udd" 6871
"C:/Users/zxxuh/AppData/Local/UnrealEngine/Common/DerivedDataCache/Buckets/BulkDataList/a6/00/1a2ee51435bb95d8a7ce343055c4f4b737e1.udd" 6872
"C:/Users/zxxuh/AppData/Local/UnrealEngine/Common/DerivedDataCache/Buckets/BulkDataList/dd/4a/559c5a09fe1a328ee79052959f9f8cfc6bcd.udd" 6873
"C:/Users/zxxuh/AppData/Local/UnrealEngine/Common/DerivedDataCache/Buckets/BulkDataList/b9/97/a262b094ed90fd51240843deae13fc0784bb.udd" 6874
"C:/Users/zxxuh/AppData/Local/UnrealEngine/Common/DerivedDataCache/Buckets/BulkDataList/0b/f9/c94ada68969d56fb767ba125407dd5b5c0ac.udd" 6875
"C:/Users/zxxuh/AppData/Local/UnrealEngine/Common/DerivedDataCache/Buckets/BulkDataList/b8/d5/7d39c4707cd2eb17c2ab5b8a89c6fd52cd5d.udd" 6876
"C:/Users/zxxuh/AppData/Local/UnrealEngine/Common/DerivedDataCache/Buckets/BulkDataList/6e/61/afbe21363ea73f73aac163360c8f358cc742.udd" 6877
"C:/Users/zxxuh/AppData/Local/UnrealEngine/Common/DerivedDataCache/Buckets/BulkDataList/33/d8/eede66e2b7ff0889ed9d0fc53baf29e96cce.udd" 6878
"C:/Users/zxxuh/AppData/Local/UnrealEngine/Common/DerivedDataCache/Buckets/BulkDataList/9e/87/288516cb6fb6b5decb73085e4290f528313b.udd" 6879
"C:/Users/zxxuh/AppData/Local/UnrealEngine/Common/DerivedDataCache/Buckets/BulkDataList/4f/9d/ce6e2ef95e5b71f0073110a42460a23ded4d.udd" 6880
"C:/Users/zxxuh/AppData/Local/UnrealEngine/Common/DerivedDataCache/Buckets/BulkDataList/31/ab/45d2ea40e6d6576ecec657ae8264dbe60a40.udd" 6881
"C:/Users/zxxuh/AppData/Local/UnrealEngine/Common/DerivedDataCache/Buckets/BulkDataList/2e/c7/4728f71bcf4684174bf2deef2d393929217d.udd" 6882
"C:/Users/zxxuh/AppData/Local/UnrealEngine/Common/DerivedDataCache/Buckets/BulkDataList/4a/1c/5c1c4d6cbf4689079f55307a1ae8c03b3159.udd" 6883
"C:/Users/zxxuh/AppData/Local/UnrealEngine/Common/DerivedDataCache/Buckets/BulkDataList/a6/42/96e94a5a34e706921cae0c4bd8de3366c384.udd" 6884
"C:/Users/zxxuh/AppData/Local/UnrealEngine/Common/DerivedDataCache/Buckets/BulkDataList/2d/e3/ebd6f1b31332b880b30255df63a1c64c51b9.udd" 6885
"C:/Users/zxxuh/AppData/Local/UnrealEngine/Common/DerivedDataCache/Buckets/BulkDataList/5a/08/e899e7cf4f00e8b32715688e8b9e88ad8e6d.udd" 6886
"C:/Users/zxxuh/AppData/Local/UnrealEngine/Common/DerivedDataCache/Buckets/BulkDataList/cd/15/c41279030da4c816d9b8b13669410a77527d.udd" 6887
"C:/Users/zxxuh/AppData/Local/UnrealEngine/Common/DerivedDataCache/Buckets/BulkDataList/ee/fd/ab69db0e44b4e0a4719891abeb847bc8c5db.udd" 6888
"C:/Users/zxxuh/AppData/Local/UnrealEngine/Common/DerivedDataCache/Buckets/BulkDataList/75/ca/fa20de3e8ebf7cafccd7c0f3ba39865620c7.udd" 6889
"C:/Users/zxxuh/AppData/Local/UnrealEngine/Common/DerivedDataCache/Buckets/BulkDataList/19/0c/05054e9cb3cbf2627abc6b85116251e7d92f.udd" 6890
"C:/Users/zxxuh/AppData/Local/UnrealEngine/Common/DerivedDataCache/Buckets/BulkDataList/82/4d/eaeb89d9b5cfd3a31009f7bed66d25bff872.udd" 6891
"../../../Engine/Content/EngineMaterials/Substrate/Glints2/dict_0004_0037.uasset" 6892
"../../../Engine/Content/EngineMaterials/Substrate/Glints2/dict_0007_0093.uasset" 6893
"../../../Engine/Content/EngineMaterials/Substrate/Glints2/dict_0000_0194.uasset" 6894
"../../../Engine/Content/EngineMaterials/Substrate/Glints2/dict_0005_0214.uasset" 6895
"../../../Engine/Content/EngineMaterials/Substrate/Glints2/dict_0005_0216.uasset" 6896
"../../../Engine/Content/EngineMaterials/Substrate/Glints2/dict_0007_0036.uasset" 6897
"../../../Engine/Content/EngineMaterials/Substrate/Glints2/dict_0004_0155.uasset" 6898
"../../../Engine/Content/EngineMaterials/Substrate/Glints2/dict_0004_0224.uasset" 6899
"../../../Engine/Content/EngineMaterials/Substrate/Glints2/dict_0004_0183.uasset" 6900
"../../../Engine/Content/EngineMaterials/Substrate/Glints2/dict_0003_0172.uasset" 6901
"../../../Engine/Content/EngineMaterials/Substrate/Glints2/dict_0002_0038.uasset" 6902
"../../../Engine/Content/EngineMaterials/Substrate/Glints2/dict_0007_0024.uasset" 6903
"../../../Engine/Content/EngineMaterials/Substrate/Glints2/dict_0002_0033.uasset" 6904
"../../../Engine/Content/EngineMaterials/Substrate/Glints2/dict_0004_0184.uasset" 6905
"../../../Engine/Content/EngineMaterials/Substrate/Glints2/dict_0004_0211.uasset" 6906
"../../../Engine/Content/EngineMaterials/Substrate/Glints2/dict_0003_0098.uasset" 6907
"../../../Engine/Content/EngineMaterials/Substrate/Glints2/dict_0003_0072.uasset" 6908
"../../../Engine/Content/EngineMaterials/Substrate/Glints2/dict_0007_0207.uasset" 6909
"../../../Engine/Content/EngineMaterials/Substrate/Glints2/dict_0003_0066.uasset" 6910
"../../../Engine/Content/EngineMaterials/Substrate/Glints2/dict_0000_0000.uasset" 6911
"../../../Engine/Content/EngineMaterials/Substrate/Glints2/dict_0007_0078.uasset" 6912
"../../../Engine/Content/EngineMaterials/Substrate/Glints2/dict_0000_0033.uasset" 6913
"../../../Engine/Content/EngineMaterials/Substrate/Glints2/dict_0006_0122.uasset" 6914
"../../../Engine/Content/EngineMaterials/Substrate/Glints2/dict_0007_0056.uasset" 6915
"C:/Users/zxxuh/AppData/Local/UnrealEngine/Common/DerivedDataCache/Buckets/BulkDataList/34/8a/42eac2062a0fc2a76ec7884ba7006fb8098e.udd" 6916
"../../../Engine/Content/EngineMaterials/Substrate/Glints2/dict_0002_0208.uasset" 6917
"C:/Users/zxxuh/AppData/Local/UnrealEngine/Common/DerivedDataCache/Buckets/BulkDataList/3d/2a/258ad53bde60b61256d6e6ee1960c1c356a4.udd" 6918
"../../../Engine/Content/EngineMaterials/Substrate/Glints2/dict_0000_0097.uasset" 6919
"C:/Users/zxxuh/AppData/Local/UnrealEngine/Common/DerivedDataCache/Buckets/BulkDataList/92/9f/4b68987e3106b102c12c354e56a4964c3303.udd" 6920
"../../../Engine/Content/EngineMaterials/Substrate/Glints2/dict_0007_0178.uasset" 6921
"C:/Users/zxxuh/AppData/Local/UnrealEngine/Common/DerivedDataCache/Buckets/BulkDataList/20/52/6acf8c4253fafd9827837c7b5a15c2ad631f.udd" 6922
"../../../Engine/Content/EngineMaterials/Substrate/Glints2/dict_0003_0249.uasset" 6923
"C:/Users/zxxuh/AppData/Local/UnrealEngine/Common/DerivedDataCache/Buckets/BulkDataList/c6/18/614e43967c860259e1c985f52ef26ba149e6.udd" 6924
"../../../Engine/Content/EngineMaterials/Substrate/Glints2/dict_0007_0159.uasset" 6925
"C:/Users/zxxuh/AppData/Local/UnrealEngine/Common/DerivedDataCache/Buckets/BulkDataList/7b/55/cf27aca7ad0ac6739c97f28e599c0bef14ce.udd" 6926
"../../../Engine/Content/EngineMaterials/Substrate/Glints2/dict_0006_0133.uasset" 6927
"C:/Users/zxxuh/AppData/Local/UnrealEngine/Common/DerivedDataCache/Buckets/BulkDataList/b2/f4/b274c35fbdeb486fe18d5ec2eda870a6d449.udd" 6928
"../../../Engine/Content/EngineMaterials/Substrate/Glints2/dict_0004_0087.uasset" 6929
"C:/Users/zxxuh/AppData/Local/UnrealEngine/Common/DerivedDataCache/Buckets/BulkDataList/ec/be/7bf8bcb040e66c9bc11c0cc731b54bf6678f.udd" 6930
"../../../Engine/Content/EngineMaterials/Substrate/Glints2/dict_0006_0125.uasset" 6931
"C:/Users/zxxuh/AppData/Local/UnrealEngine/Common/DerivedDataCache/Buckets/BulkDataList/55/53/ee8889ef00e9d353aac55f8f03264b505b85.udd" 6932
"C:/Users/zxxuh/AppData/Local/UnrealEngine/Common/DerivedDataCache/Buckets/BulkDataList/29/da/60c52b4f54d04fe9a90a33ed941ed6c7bf77.udd" 6933
"C:/Users/zxxuh/AppData/Local/UnrealEngine/Common/DerivedDataCache/Buckets/BulkDataList/d4/63/8a66b308de09d9c2dcc6c74d0cd2717a9678.udd" 6934
"C:/Users/zxxuh/AppData/Local/UnrealEngine/Common/DerivedDataCache/Buckets/BulkDataList/47/f5/ae896f2b4e7ab8b2494a833e27252d76b954.udd" 6935
"C:/Users/zxxuh/AppData/Local/UnrealEngine/Common/DerivedDataCache/Buckets/BulkDataList/e3/9e/5e5fe8d8bc9d79173c2af40a424e82291efe.udd" 6936
"C:/Users/zxxuh/AppData/Local/UnrealEngine/Common/DerivedDataCache/Buckets/BulkDataList/88/e3/b04c99f20061cc760c19db009e3e65934ce0.udd" 6937
"C:/Users/zxxuh/AppData/Local/UnrealEngine/Common/DerivedDataCache/Buckets/BulkDataList/36/f3/87257f344e586f1aac2ec754b449f6b13256.udd" 6938
"C:/Users/zxxuh/AppData/Local/UnrealEngine/Common/DerivedDataCache/Buckets/BulkDataList/7a/b3/6a62fcfcfa9c60f9cf670af39fa0e8ca101e.udd" 6939
"C:/Users/zxxuh/AppData/Local/UnrealEngine/Common/DerivedDataCache/Buckets/BulkDataList/12/39/516306ee16ca974f8e34785b8c2533b2de9c.udd" 6940
"C:/Users/zxxuh/AppData/Local/UnrealEngine/Common/DerivedDataCache/Buckets/BulkDataList/86/cc/4761af6c69ede46fde338ac34f6c13748f14.udd" 6941
"C:/Users/zxxuh/AppData/Local/UnrealEngine/Common/DerivedDataCache/Buckets/BulkDataList/3c/90/e38e72522b5793373027d86dd78ce6adfb22.udd" 6942
"C:/Users/zxxuh/AppData/Local/UnrealEngine/Common/DerivedDataCache/Buckets/BulkDataList/e2/27/fafa54fecfb4731e5d8d8ff8a25f0e6a7b52.udd" 6943
"C:/Users/zxxuh/AppData/Local/UnrealEngine/Common/DerivedDataCache/Buckets/BulkDataList/ff/2f/d108a715b34bed804037e46c2b052c1566eb.udd" 6944
"C:/Users/zxxuh/AppData/Local/UnrealEngine/Common/DerivedDataCache/Buckets/BulkDataList/65/1b/a606a180a5e0f02da517e0b8ed54855dea14.udd" 6945
"C:/Users/zxxuh/AppData/Local/UnrealEngine/Common/DerivedDataCache/Buckets/BulkDataList/16/13/8b24ef3783e4f85801f67e4d1d58a2d7897e.udd" 6946
"C:/Users/zxxuh/AppData/Local/UnrealEngine/Common/DerivedDataCache/Buckets/BulkDataList/9b/cc/3c4c110ed192769363b593ddbcc0333fad4a.udd" 6947
"C:/Users/zxxuh/AppData/Local/UnrealEngine/Common/DerivedDataCache/Buckets/BulkDataList/52/ad/b9de3c3197db5d6ef382a615335a55a36822.udd" 6948
"C:/Users/zxxuh/AppData/Local/UnrealEngine/Common/DerivedDataCache/Buckets/BulkDataList/ec/4d/e417c61dc385d92cf70cb3c195e3966ea3b6.udd" 6949
"C:/Users/zxxuh/AppData/Local/UnrealEngine/Common/DerivedDataCache/Buckets/BulkDataList/0d/39/db73293628e2c83e2db869bf25f29a2eda49.udd" 6950
"C:/Users/zxxuh/AppData/Local/UnrealEngine/Common/DerivedDataCache/Buckets/BulkDataList/58/a5/af76d46702791faa412c68a5943950359c27.udd" 6951
"C:/Users/zxxuh/AppData/Local/UnrealEngine/Common/DerivedDataCache/Buckets/BulkDataList/5a/ef/922a1b0074ba5dbabcaa14bfd3b31934e53b.udd" 6952
"C:/Users/zxxuh/AppData/Local/UnrealEngine/Common/DerivedDataCache/Buckets/BulkDataList/4e/8a/64f10b7ce28f0be313dc51da93ad75936947.udd" 6953
"C:/Users/zxxuh/AppData/Local/UnrealEngine/Common/DerivedDataCache/Buckets/BulkDataList/54/e6/46c6122c99d3f14f081f1917a0ff26983e53.udd" 6954
"C:/Users/zxxuh/AppData/Local/UnrealEngine/Common/DerivedDataCache/Buckets/BulkDataList/41/11/fbfd7e8444781be2b54aab89c086d4bb8f59.udd" 6955
"../../../Engine/Content/EngineMaterials/Substrate/Glints2/dict_0006_0119.uasset" 6956
"../../../Engine/Content/EngineMaterials/Substrate/Glints2/dict_0005_0027.uasset" 6957
"../../../Engine/Content/EngineMaterials/Substrate/Glints2/dict_0001_0224.uasset" 6958
"../../../Engine/Content/EngineMaterials/Substrate/Glints2/dict_0003_0197.uasset" 6959
"../../../Engine/Content/EngineMaterials/Substrate/Glints2/dict_0004_0019.uasset" 6960
"../../../Engine/Content/EngineMaterials/Substrate/Glints2/dict_0006_0004.uasset" 6961
"../../../Engine/Content/EngineMaterials/Substrate/Glints2/dict_0005_0080.uasset" 6962
"../../../Engine/Content/EngineMaterials/Substrate/Glints2/dict_0000_0048.uasset" 6963
"../../../Engine/Content/EngineMaterials/Substrate/Glints2/dict_0001_0137.uasset" 6964
"../../../Engine/Content/EngineMaterials/Substrate/Glints2/dict_0000_0112.uasset" 6965
"../../../Engine/Content/EngineMaterials/Substrate/Glints2/dict_0006_0213.uasset" 6966
"../../../Engine/Content/EngineMaterials/Substrate/Glints2/dict_0000_0043.uasset" 6967
"../../../Engine/Content/EngineMaterials/Substrate/Glints2/dict_0003_0217.uasset" 6968
"../../../Engine/Content/EngineMaterials/Substrate/Glints2/dict_0003_0148.uasset" 6969
"../../../Engine/Content/EngineMaterials/Substrate/Glints2/dict_0007_0006.uasset" 6970
"../../../Engine/Content/EngineMaterials/Substrate/Glints2/dict_0007_0108.uasset" 6971
"../../../Engine/Content/EngineMaterials/Substrate/Glints2/dict_0006_0063.uasset" 6972
"../../../Engine/Content/EngineMaterials/Substrate/Glints2/dict_0004_0235.uasset" 6973
"../../../Engine/Content/EngineMaterials/Substrate/Glints2/dict_0001_0020.uasset" 6974
"../../../Engine/Content/EngineMaterials/Substrate/Glints2/dict_0000_0120.uasset" 6975
"../../../Engine/Content/EngineMaterials/Substrate/Glints2/dict_0002_0138.uasset" 6976
"../../../Engine/Content/EngineMaterials/Substrate/Glints2/dict_0002_0011.uasset" 6977
"../../../Engine/Content/EngineMaterials/Substrate/Glints2/dict_0000_0230.uasset" 6978
"../../../Engine/Content/EngineMaterials/Substrate/Glints2/dict_0002_0204.uasset" 6979
"C:/Users/zxxuh/AppData/Local/UnrealEngine/Common/DerivedDataCache/Buckets/BulkDataList/2d/26/c3e3e3ffd09fd42cc6f37ef66bc83ef8e826.udd" 6980
"../../../Engine/Content/EngineMaterials/Substrate/Glints2/dict_0001_0176.uasset" 6981
"C:/Users/zxxuh/AppData/Local/UnrealEngine/Common/DerivedDataCache/Buckets/BulkDataList/16/f7/e588d80513a85baaa978f607a5e1e6eca6b0.udd" 6982
"../../../Engine/Content/EngineMaterials/Substrate/Glints2/dict_0000_0136.uasset" 6983
"C:/Users/zxxuh/AppData/Local/UnrealEngine/Common/DerivedDataCache/Buckets/BulkDataList/2b/f3/56d406cc6b093b6b6204bbf2252a99082c1b.udd" 6984
"../../../Engine/Content/EngineMaterials/Substrate/Glints2/dict_0007_0209.uasset" 6985
"C:/Users/zxxuh/AppData/Local/UnrealEngine/Common/DerivedDataCache/Buckets/BulkDataList/85/f2/c0331afc6120df1eadd78256a59b00f815e0.udd" 6986
"../../../Engine/Content/EngineMaterials/Substrate/Glints2/dict_0004_0137.uasset" 6987
"C:/Users/zxxuh/AppData/Local/UnrealEngine/Common/DerivedDataCache/Buckets/BulkDataList/d7/4f/03826bde8b28fdd01ddf4bc2ea92f681a50f.udd" 6988
"../../../Engine/Content/EngineMaterials/Substrate/Glints2/dict_0007_0158.uasset" 6989
"C:/Users/zxxuh/AppData/Local/UnrealEngine/Common/DerivedDataCache/Buckets/BulkDataList/5b/78/6977f48a35b0e74f329ce454c760a0e5c4aa.udd" 6990
"../../../Engine/Content/EngineMaterials/Substrate/Glints2/dict_0001_0135.uasset" 6991
"C:/Users/zxxuh/AppData/Local/UnrealEngine/Common/DerivedDataCache/Buckets/BulkDataList/34/fb/ff096f6dce72538ed8b7c10fd5ce360fe6c7.udd" 6992
"../../../Engine/Content/EngineMaterials/Substrate/Glints2/dict_0002_0109.uasset" 6993
"C:/Users/zxxuh/AppData/Local/UnrealEngine/Common/DerivedDataCache/Buckets/BulkDataList/7a/a4/e5174ec695e1707e892f7e9203393aecfb47.udd" 6994
"../../../Engine/Content/EngineMaterials/Substrate/Glints2/dict_0001_0249.uasset" 6995
"C:/Users/zxxuh/AppData/Local/UnrealEngine/Common/DerivedDataCache/Buckets/BulkDataList/4e/5b/2f3461541164ab261f2f1d02dc2ed5ca5449.udd" 6996
"C:/Users/zxxuh/AppData/Local/UnrealEngine/Common/DerivedDataCache/Buckets/BulkDataList/54/e1/2654a3f7dab1d72323534323d2a72aebc1ac.udd" 6997
"C:/Users/zxxuh/AppData/Local/UnrealEngine/Common/DerivedDataCache/Buckets/BulkDataList/ce/4b/3c08132bcb19e685a3b225a9ebded1d25575.udd" 6998
"C:/Users/zxxuh/AppData/Local/UnrealEngine/Common/DerivedDataCache/Buckets/BulkDataList/99/40/9b935855406fc4a11bd0efebf1a63079e8b7.udd" 6999
"C:/Users/zxxuh/AppData/Local/UnrealEngine/Common/DerivedDataCache/Buckets/BulkDataList/2d/52/3cfc7ceb49e1ebaee66cc26cd0ec9913c4a8.udd" 7000
"C:/Users/zxxuh/AppData/Local/UnrealEngine/Common/DerivedDataCache/Buckets/BulkDataList/77/40/f256b37c45f800403f06d366f761be563cd1.udd" 7001
"C:/Users/zxxuh/AppData/Local/UnrealEngine/Common/DerivedDataCache/Buckets/BulkDataList/57/59/acf54befcd04653e41681cd8b5fde52fbbbd.udd" 7002
"C:/Users/zxxuh/AppData/Local/UnrealEngine/Common/DerivedDataCache/Buckets/BulkDataList/fa/83/779dff8dca143cda34d4661ac19f1d980faa.udd" 7003
"C:/Users/zxxuh/AppData/Local/UnrealEngine/Common/DerivedDataCache/Buckets/BulkDataList/9d/6d/56c2a5ab3bd6b1675665d8be392536c4d10d.udd" 7004
"C:/Users/zxxuh/AppData/Local/UnrealEngine/Common/DerivedDataCache/Buckets/BulkDataList/89/22/c24e98c5e1c939d6e53b96d4cb762710a39f.udd" 7005
"C:/Users/zxxuh/AppData/Local/UnrealEngine/Common/DerivedDataCache/Buckets/BulkDataList/f7/47/2f9a4eadb48afef10df3d46bfef00fabe421.udd" 7006
"C:/Users/zxxuh/AppData/Local/UnrealEngine/Common/DerivedDataCache/Buckets/BulkDataList/58/af/059fe4ff951ae3e2ad1d2c3e67612b190b80.udd" 7007
"C:/Users/zxxuh/AppData/Local/UnrealEngine/Common/DerivedDataCache/Buckets/BulkDataList/f6/12/66f9bfaef962ed4435ffb92ac25dd4b4981e.udd" 7008
"C:/Users/zxxuh/AppData/Local/UnrealEngine/Common/DerivedDataCache/Buckets/BulkDataList/a0/33/a878e321af348f1e43a8c7eded559dd28a5c.udd" 7009
"C:/Users/zxxuh/AppData/Local/UnrealEngine/Common/DerivedDataCache/Buckets/BulkDataList/15/21/db9d04b2057f9ce8bc8795dec4e2ce1a7cc1.udd" 7010
"C:/Users/zxxuh/AppData/Local/UnrealEngine/Common/DerivedDataCache/Buckets/BulkDataList/60/6b/fc50850d43cb0f0098a114e656cac3fb269e.udd" 7011
"C:/Users/zxxuh/AppData/Local/UnrealEngine/Common/DerivedDataCache/Buckets/BulkDataList/ff/e3/cd835a2dc09d124bd8fe3df8a028c8afe59a.udd" 7012
"C:/Users/zxxuh/AppData/Local/UnrealEngine/Common/DerivedDataCache/Buckets/BulkDataList/ac/2f/849d3ca391023baa208611fba2282d6e407e.udd" 7013
"C:/Users/zxxuh/AppData/Local/UnrealEngine/Common/DerivedDataCache/Buckets/BulkDataList/35/30/b6d749d10296617094e06c6e2fd5133876f4.udd" 7014
"C:/Users/zxxuh/AppData/Local/UnrealEngine/Common/DerivedDataCache/Buckets/BulkDataList/c4/71/f8fb15f4e411906aa01fb0187c02fa4ab5e3.udd" 7015
"C:/Users/zxxuh/AppData/Local/UnrealEngine/Common/DerivedDataCache/Buckets/BulkDataList/8f/f8/5dadef92a938153fea434317556111a7839a.udd" 7016
"C:/Users/zxxuh/AppData/Local/UnrealEngine/Common/DerivedDataCache/Buckets/BulkDataList/7b/8a/7ff8834a3dcc7b469cacb27229af5a6e1b21.udd" 7017
"C:/Users/zxxuh/AppData/Local/UnrealEngine/Common/DerivedDataCache/Buckets/BulkDataList/7a/02/c3e3a845631db051cb90235f2154fc62f0f4.udd" 7018
"C:/Users/zxxuh/AppData/Local/UnrealEngine/Common/DerivedDataCache/Buckets/BulkDataList/e5/65/9d28c5692deda6481bb8bab86497827c90f6.udd" 7019
"../../../Engine/Content/EngineMaterials/Substrate/Glints2/dict_0007_0052.uasset" 7020
"../../../Engine/Content/EngineMaterials/Substrate/Glints2/dict_0000_0193.uasset" 7021
"../../../Engine/Content/EngineMaterials/Substrate/Glints2/dict_0005_0028.uasset" 7022
"../../../Engine/Content/EngineMaterials/Substrate/Glints2/dict_0005_0138.uasset" 7023
"../../../Engine/Content/EngineMaterials/Substrate/Glints2/dict_0006_0246.uasset" 7024
"../../../Engine/Content/EngineMaterials/Substrate/Glints2/dict_0007_0172.uasset" 7025
"../../../Engine/Content/EngineMaterials/Substrate/Glints2/dict_0005_0193.uasset" 7026
"../../../Engine/Content/EngineMaterials/Substrate/Glints2/dict_0006_0182.uasset" 7027
"../../../Engine/Content/EngineMaterials/Substrate/Glints2/dict_0005_0222.uasset" 7028
"../../../Engine/Content/EngineMaterials/Substrate/Glints2/dict_0006_0190.uasset" 7029
"../../../Engine/Content/EngineMaterials/Substrate/Glints2/dict_0004_0055.uasset" 7030
"../../../Engine/Content/EngineMaterials/Substrate/Glints2/dict_0006_0102.uasset" 7031
"../../../Engine/Content/EngineMaterials/Substrate/Glints2/dict_0000_0060.uasset" 7032
"../../../Engine/Content/EngineMaterials/Substrate/Glints2/dict_0002_0139.uasset" 7033
"../../../Engine/Content/EngineMaterials/Substrate/Glints2/dict_0000_0052.uasset" 7034
"../../../Engine/Content/EngineMaterials/Substrate/Glints2/dict_0000_0014.uasset" 7035
"../../../Engine/Content/EngineMaterials/Substrate/Glints2/dict_0002_0164.uasset" 7036
"../../../Engine/Content/EngineMaterials/Substrate/Glints2/dict_0007_0029.uasset" 7037
"../../../Engine/Content/EngineMaterials/Substrate/Glints2/dict_0001_0191.uasset" 7038
"../../../Engine/Content/EngineMaterials/Substrate/Glints2/dict_0000_0019.uasset" 7039
"../../../Engine/Content/EngineMaterials/Substrate/Glints2/dict_0007_0053.uasset" 7040
"../../../Engine/Content/EngineMaterials/Substrate/Glints2/dict_0000_0011.uasset" 7041
"../../../Engine/Content/EngineMaterials/Substrate/Glints2/dict_0006_0148.uasset" 7042
"../../../Engine/Content/EngineMaterials/Substrate/Glints2/dict_0004_0202.uasset" 7043
"C:/Users/zxxuh/AppData/Local/UnrealEngine/Common/DerivedDataCache/Buckets/BulkDataList/59/13/e5b2114519e70ab05faaf808d7325c50b169.udd" 7044
"../../../Engine/Content/EngineMaterials/Substrate/Glints2/dict_0004_0002.uasset" 7045
"C:/Users/zxxuh/AppData/Local/UnrealEngine/Common/DerivedDataCache/Buckets/BulkDataList/c7/37/2791dc471f2f6c7ed063bb47e935008d813b.udd" 7046
"../../../Engine/Content/EngineMaterials/Substrate/Glints2/dict_0003_0242.uasset" 7047
"C:/Users/zxxuh/AppData/Local/UnrealEngine/Common/DerivedDataCache/Buckets/BulkDataList/60/3b/b9f31a8fa39b45bdffbcdddbf1a1b93453ed.udd" 7048
"../../../Engine/Content/EngineMaterials/Substrate/Glints2/dict_0001_0015.uasset" 7049
"C:/Users/zxxuh/AppData/Local/UnrealEngine/Common/DerivedDataCache/Buckets/BulkDataList/02/3b/e0ff2eb149aea7c4cc19089ff216cc2b87e7.udd" 7050
"../../../Engine/Content/EngineMaterials/Substrate/Glints2/dict_0006_0230.uasset" 7051
"C:/Users/zxxuh/AppData/Local/UnrealEngine/Common/DerivedDataCache/Buckets/BulkDataList/17/6d/696e299a623ac62622c3636ef224e6dddd6e.udd" 7052
"../../../Engine/Content/EngineMaterials/Substrate/Glints2/dict_0003_0024.uasset" 7053
"C:/Users/zxxuh/AppData/Local/UnrealEngine/Common/DerivedDataCache/Buckets/BulkDataList/b4/cb/0f3f40f936a7d30aebc653b49ac83bbe7d7f.udd" 7054
"../../../Engine/Content/EngineMaterials/Substrate/Glints2/dict_0001_0156.uasset" 7055
"C:/Users/zxxuh/AppData/Local/UnrealEngine/Common/DerivedDataCache/Buckets/BulkDataList/91/87/98952a0581749cf4aa929b0ba407956196ec.udd" 7056
"../../../Engine/Content/EngineMaterials/Substrate/Glints2/dict_0000_0223.uasset" 7057
"C:/Users/zxxuh/AppData/Local/UnrealEngine/Common/DerivedDataCache/Buckets/BulkDataList/89/2a/ef90f412c9d4beaa35f930cca7a0d79a7295.udd" 7058
"../../../Engine/Content/EngineMaterials/Substrate/Glints2/dict_0005_0224.uasset" 7059
"C:/Users/zxxuh/AppData/Local/UnrealEngine/Common/DerivedDataCache/Buckets/BulkDataList/cf/18/96b20495a36969e41ae0d69ac31cce8f2cc7.udd" 7060
"C:/Users/zxxuh/AppData/Local/UnrealEngine/Common/DerivedDataCache/Buckets/BulkDataList/06/be/987b0915ea6e46eb10fcc80ebc2b6dbfb038.udd" 7061
"C:/Users/zxxuh/AppData/Local/UnrealEngine/Common/DerivedDataCache/Buckets/BulkDataList/cb/c9/27e7bcf14acf539e8d8ee278ea174117eded.udd" 7062
"C:/Users/zxxuh/AppData/Local/UnrealEngine/Common/DerivedDataCache/Buckets/BulkDataList/dd/84/73519d212b85b0f5edf8aa1fa4cae1f6912d.udd" 7063
"C:/Users/zxxuh/AppData/Local/UnrealEngine/Common/DerivedDataCache/Buckets/BulkDataList/b9/f9/4dfdf934d46b35317beaae13f2e6de86bf3d.udd" 7064
"C:/Users/zxxuh/AppData/Local/UnrealEngine/Common/DerivedDataCache/Buckets/BulkDataList/87/d5/ae726d024810e64e80d656e7e5c5b13c9464.udd" 7065
"C:/Users/zxxuh/AppData/Local/UnrealEngine/Common/DerivedDataCache/Buckets/BulkDataList/5b/e1/d7bd9028d296e3b5e49ec19f77b80fc2478a.udd" 7066
"C:/Users/zxxuh/AppData/Local/UnrealEngine/Common/DerivedDataCache/Buckets/BulkDataList/bb/fa/57d67386c11df968d11ada80c49d997c77ae.udd" 7067
"C:/Users/zxxuh/AppData/Local/UnrealEngine/Common/DerivedDataCache/Buckets/BulkDataList/8c/5c/9aea0f938061ba4ea564bd6c912b38d29558.udd" 7068
"C:/Users/zxxuh/AppData/Local/UnrealEngine/Common/DerivedDataCache/Buckets/BulkDataList/28/ed/1cc8f1580884f6e97ce5af86c28d20e525f6.udd" 7069
"C:/Users/zxxuh/AppData/Local/UnrealEngine/Common/DerivedDataCache/Buckets/BulkDataList/a8/62/91992086b12da4be27d50cabb98c2ecc12e8.udd" 7070
"C:/Users/zxxuh/AppData/Local/UnrealEngine/Common/DerivedDataCache/Buckets/BulkDataList/dd/56/584bf67622b5a7c87e87b6c915ad40c936d4.udd" 7071
"C:/Users/zxxuh/AppData/Local/UnrealEngine/Common/DerivedDataCache/Buckets/BulkDataList/14/03/b7f9b347084cb7f5cceae418e742cfa2feb3.udd" 7072
"C:/Users/zxxuh/AppData/Local/UnrealEngine/Common/DerivedDataCache/Buckets/BulkDataList/79/86/f933ca7febbd24a61bc6957fc2dd7faa2fea.udd" 7073
"C:/Users/zxxuh/AppData/Local/UnrealEngine/Common/DerivedDataCache/Buckets/BulkDataList/90/fe/e4b58730961c04c44fff6ddbcc538b3282c5.udd" 7074
"C:/Users/zxxuh/AppData/Local/UnrealEngine/Common/DerivedDataCache/Buckets/BulkDataList/2f/1a/0ff3745b19ab6e2c9614a8b3b9c4ebf36bee.udd" 7075
"C:/Users/zxxuh/AppData/Local/UnrealEngine/Common/DerivedDataCache/Buckets/BulkDataList/84/bc/5dafb3db5c0441ac9a2139714e0f93457d3c.udd" 7076
"C:/Users/zxxuh/AppData/Local/UnrealEngine/Common/DerivedDataCache/Buckets/BulkDataList/e8/c9/6591d41ddcf6d2eba14a41b01f1b262ba9e5.udd" 7077
"C:/Users/zxxuh/AppData/Local/UnrealEngine/Common/DerivedDataCache/Buckets/BulkDataList/e5/3b/561d53cea7954c6ca761137b4d3f07a7d053.udd" 7078
"C:/Users/zxxuh/AppData/Local/UnrealEngine/Common/DerivedDataCache/Buckets/BulkDataList/34/df/437371b5ff372578791118825e75802e4efe.udd" 7079
"C:/Users/zxxuh/AppData/Local/UnrealEngine/Common/DerivedDataCache/Buckets/BulkDataList/00/17/562c7dca90e3849d2ad6ee92707ab76d88b8.udd" 7080
"C:/Users/zxxuh/AppData/Local/UnrealEngine/Common/DerivedDataCache/Buckets/BulkDataList/5d/96/f4fed6bcf885141a6a5bafbed8e40fdad10f.udd" 7081
"C:/Users/zxxuh/AppData/Local/UnrealEngine/Common/DerivedDataCache/Buckets/BulkDataList/8b/d9/8b5a47db659d6550ab9958ebc0289346b692.udd" 7082
"C:/Users/zxxuh/AppData/Local/UnrealEngine/Common/DerivedDataCache/Buckets/BulkDataList/70/42/35515148651810e63564a99e3a74175bd252.udd" 7083
"../../../Engine/Content/EngineMaterials/Substrate/Glints2/dict_0003_0124.uasset" 7084
"../../../Engine/Content/EngineMaterials/Substrate/Glints2/dict_0002_0221.uasset" 7085
"../../../Engine/Content/EngineMaterials/Substrate/Glints2/dict_0004_0182.uasset" 7086
"../../../Engine/Content/EngineMaterials/Substrate/Glints2/dict_0007_0033.uasset" 7087
"../../../Engine/Content/EngineMaterials/Substrate/Glints2/dict_0001_0111.uasset" 7088
"../../../Engine/Content/EngineMaterials/Substrate/Glints2/dict_0003_0223.uasset" 7089
"../../../Engine/Content/EngineMaterials/Substrate/Glints2/dict_0002_0086.uasset" 7090
"../../../Engine/Content/EngineMaterials/Substrate/Glints2/dict_0005_0172.uasset" 7091
"../../../Engine/Content/EngineMaterials/Substrate/Glints2/dict_0005_0118.uasset" 7092
"../../../Engine/Content/EngineMaterials/Substrate/Glints2/dict_0003_0152.uasset" 7093
"../../../Engine/Content/EngineMaterials/Substrate/Glints2/dict_0004_0096.uasset" 7094
"../../../Engine/Content/EngineMaterials/Substrate/Glints2/dict_0005_0135.uasset" 7095
"../../../Engine/Content/EngineMaterials/Substrate/Glints2/dict_0003_0220.uasset" 7096
"../../../Engine/Content/EngineMaterials/Substrate/Glints2/dict_0003_0084.uasset" 7097
"../../../Engine/Content/EngineMaterials/Substrate/Glints2/dict_0002_0233.uasset" 7098
"../../../Engine/Content/EngineMaterials/Substrate/Glints2/dict_0007_0016.uasset" 7099
"../../../Engine/Content/EngineMaterials/Substrate/Glints2/dict_0006_0027.uasset" 7100
"../../../Engine/Content/EngineMaterials/Substrate/GLints/dict_16_192_64_0p5_0p02_0047_0010.uasset" 7101
"../../../Engine/Content/EngineMaterials/Substrate/Glints2/dict_0006_0121.uasset" 7102
"../../../Engine/Content/EngineMaterials/Substrate/Glints2/dict_0006_0049.uasset" 7103
"../../../Engine/Content/EngineMaterials/Substrate/GLints/dict_16_192_64_0p5_0p02_0039_0007.uasset" 7104
"../../../Engine/Content/EngineMaterials/Substrate/GLints/dict_16_192_64_0p5_0p02_0052_0015.uasset" 7105
"../../../Engine/Content/EngineMaterials/Substrate/GLints/dict_16_192_64_0p5_0p02_0028_0008.uasset" 7106
"../../../Engine/Content/EngineMaterials/Substrate/GLints/dict_16_192_64_0p5_0p02_0023_0009.uasset" 7107
"C:/Users/zxxuh/AppData/Local/UnrealEngine/Common/DerivedDataCache/Buckets/BulkDataList/30/58/53c104f18a66d8d8c588dbcda4429706d7ab.udd" 7108
"../../../Engine/Content/EngineMaterials/Substrate/GLints/dict_16_192_64_0p5_0p02_0025_0007.uasset" 7109
"C:/Users/zxxuh/AppData/Local/UnrealEngine/Common/DerivedDataCache/Buckets/BulkDataList/cb/cd/f271ca04c2c8ff8b8160c656d3f43a2deebc.udd" 7110
"../../../Engine/Content/EngineMaterials/Substrate/GLints/dict_16_192_64_0p5_0p02_0061_0004.uasset" 7111
"C:/Users/zxxuh/AppData/Local/UnrealEngine/Common/DerivedDataCache/Buckets/BulkDataList/09/fb/314c5befc0bb739574b92309b39bf696a251.udd" 7112
"../../../Engine/Content/EngineMaterials/Substrate/GLints/dict_16_192_64_0p5_0p02_0022_0011.uasset" 7113
"C:/Users/zxxuh/AppData/Local/UnrealEngine/Common/DerivedDataCache/Buckets/BulkDataList/d7/50/eb59111b8e05cab66f09bd4d5a0238a1b7e3.udd" 7114
"../../../Engine/Content/EngineMaterials/Substrate/GLints/dict_16_192_64_0p5_0p02_0048_0011.uasset" 7115
"C:/Users/zxxuh/AppData/Local/UnrealEngine/Common/DerivedDataCache/Buckets/BulkDataList/9c/c4/75af139ccf8e717837c594ac7d692004b591.udd" 7116
"../../../Engine/Content/EngineMaterials/Substrate/GLints/dict_16_192_64_0p5_0p02_0010_0002.uasset" 7117
"C:/Users/zxxuh/AppData/Local/UnrealEngine/Common/DerivedDataCache/Buckets/BulkDataList/f0/89/f05639a74e1791ffa0cca26a955bfe499112.udd" 7118
"../../../Engine/Content/EngineMaterials/Substrate/GLints/dict_16_192_64_0p5_0p02_0057_0000.uasset" 7119
"C:/Users/zxxuh/AppData/Local/UnrealEngine/Common/DerivedDataCache/Buckets/BulkDataList/76/29/aa747f51323936e87b12d3c31ee8c666db13.udd" 7120
"../../../Engine/Content/EngineMaterials/Substrate/GLints/dict_16_192_64_0p5_0p02_0058_0012.uasset" 7121
"C:/Users/zxxuh/AppData/Local/UnrealEngine/Common/DerivedDataCache/Buckets/BulkDataList/fd/e0/3d1152e61d3add2c7310ef448777eb85e629.udd" 7122
"../../../Engine/Content/EngineMaterials/Substrate/GLints/dict_16_192_64_0p5_0p02_0050_0014.uasset" 7123
"C:/Users/zxxuh/AppData/Local/UnrealEngine/Common/DerivedDataCache/Buckets/BulkDataList/30/59/87212bb60c536aabab04cc70cfc53d4caa84.udd" 7124
"C:/Users/zxxuh/AppData/Local/UnrealEngine/Common/DerivedDataCache/Buckets/BulkDataList/08/7c/89a4d8626ef13458e8ebfecb3092cefbe579.udd" 7125
"C:/Users/zxxuh/AppData/Local/UnrealEngine/Common/DerivedDataCache/Buckets/BulkDataList/38/07/bd7360054e9b0449601232fcb4f52db430dc.udd" 7126
"C:/Users/zxxuh/AppData/Local/UnrealEngine/Common/DerivedDataCache/Buckets/BulkDataList/ca/20/12c1d0195e2c91421bd4bfb290da146980fc.udd" 7127
"C:/Users/zxxuh/AppData/Local/UnrealEngine/Common/DerivedDataCache/Buckets/BulkDataList/27/0e/b01d5be468f3359c6d8068f414310906eaf7.udd" 7128
"C:/Users/zxxuh/AppData/Local/UnrealEngine/Common/DerivedDataCache/Buckets/BulkDataList/9d/b1/5c02c022ec2ccb542f87d1e3cc1357880ec3.udd" 7129
"C:/Users/zxxuh/AppData/Local/UnrealEngine/Common/DerivedDataCache/Buckets/BulkDataList/a5/96/1f717ea976ea7c1ef7ad34ca995f6c409dae.udd" 7130
"C:/Users/zxxuh/AppData/Local/UnrealEngine/Common/DerivedDataCache/Buckets/BulkDataList/ca/25/ada1df477f610ec97060f501aa4bad3f88d4.udd" 7131
"C:/Users/zxxuh/AppData/Local/UnrealEngine/Common/DerivedDataCache/Buckets/BulkDataList/c8/b6/2e7365d584990856f5c59cab15c0a7474524.udd" 7132
"C:/Users/zxxuh/AppData/Local/UnrealEngine/Common/DerivedDataCache/Buckets/BulkDataList/47/cd/0c1141b07dfd8b66897a80c91cf31ee58660.udd" 7133
"C:/Users/zxxuh/AppData/Local/UnrealEngine/Common/DerivedDataCache/Buckets/BulkDataList/e6/a4/556c0a876fa3739dd7fb4ca12ce1cdcf10ba.udd" 7134
"C:/Users/zxxuh/AppData/Local/UnrealEngine/Common/DerivedDataCache/Buckets/BulkDataList/c5/61/9d5f82522a4a865c8d7c571e9423d4665ad9.udd" 7135
"C:/Users/zxxuh/AppData/Local/UnrealEngine/Common/DerivedDataCache/Buckets/BulkDataList/92/fe/125c89ddb0bd95d189c46f7ac700ceeceb45.udd" 7136
"C:/Users/zxxuh/AppData/Local/UnrealEngine/Common/DerivedDataCache/Buckets/BulkDataList/7f/f5/0007ad0ab1f26b8742935ad68976f13481d2.udd" 7137
"C:/Users/zxxuh/AppData/Local/UnrealEngine/Common/DerivedDataCache/Buckets/BulkDataList/d0/16/8f0cea70ffb43efc1ada9c45669147335f18.udd" 7138
"C:/Users/zxxuh/AppData/Local/UnrealEngine/Common/DerivedDataCache/Buckets/BulkDataList/79/f8/dd5ef0ce648b22d459031981778d846300c6.udd" 7139
"C:/Users/zxxuh/AppData/Local/UnrealEngine/Common/DerivedDataCache/Buckets/BulkDataList/e9/40/1a95ab440c1a11701c8f24ef773f987acdc5.udd" 7140
"C:/Users/zxxuh/AppData/Local/UnrealEngine/Common/DerivedDataCache/Buckets/BulkDataList/92/0d/4520ca22774757c3a9c57ebe5f76f6c4bbc8.udd" 7141
"C:/Users/zxxuh/AppData/Local/UnrealEngine/Common/DerivedDataCache/Buckets/BulkDataList/40/87/c8f14f603bb72b4c707029af85abed784eb4.udd" 7142
"C:/Users/zxxuh/AppData/Local/UnrealEngine/Common/DerivedDataCache/Buckets/BulkDataList/f4/ef/84cf64045b9c0a2264b0080f07c1326e596f.udd" 7143
"C:/Users/zxxuh/AppData/Local/UnrealEngine/Common/DerivedDataCache/Buckets/BulkDataList/2d/9c/281938c8199bb638a9bdfba3bfab1e5dbcbf.udd" 7144
"C:/Users/zxxuh/AppData/Local/UnrealEngine/Common/DerivedDataCache/Buckets/BulkDataList/67/5b/fe85d78daa800eaa2e90d638637667c93a6e.udd" 7145
"C:/Users/zxxuh/AppData/Local/UnrealEngine/Common/DerivedDataCache/Buckets/BulkDataList/1e/cb/a955cc33ff52f18938a158936bbdbfe25e01.udd" 7146
"C:/Users/zxxuh/AppData/Local/UnrealEngine/Common/DerivedDataCache/Buckets/BulkDataList/9f/bb/6fb3249cc2c1ca76eee2f63cc0ea61011713.udd" 7147
"../../../Engine/Content/EngineMaterials/Substrate/GLints/dict_16_192_64_0p5_0p02_0014_0014.uasset" 7148
"../../../Engine/Content/EngineMaterials/Substrate/GLints/dict_16_192_64_0p5_0p02_0038_0014.uasset" 7149
"../../../Engine/Content/EngineMaterials/Substrate/GLints/dict_16_192_64_0p5_0p02_0017_0006.uasset" 7150
"../../../Engine/Content/EngineMaterials/Substrate/GLints/dict_16_192_64_0p5_0p02_0056_0006.uasset" 7151
"../../../Engine/Content/EngineMaterials/Substrate/GLints/dict_16_192_64_0p5_0p02_0050_0006.uasset" 7152
"../../../Engine/Content/EngineMaterials/Substrate/GLints/dict_16_192_64_0p5_0p02_0027_0003.uasset" 7153
"../../../Engine/Content/EngineMaterials/Substrate/GLints/dict_16_192_64_0p5_0p02_0014_0008.uasset" 7154
"../../../Engine/Content/EngineMaterials/Substrate/GLints/dict_16_192_64_0p5_0p02_0000_0007.uasset" 7155
"../../../Engine/Content/EngineMaterials/Substrate/GLints/dict_16_192_64_0p5_0p02_0043_0015.uasset" 7156
"../../../Engine/Content/EngineMaterials/Substrate/GLints/dict_16_192_64_0p5_0p02_0023_0013.uasset" 7157
"../../../Engine/Content/EngineMaterials/Substrate/GLints/dict_16_192_64_0p5_0p02_0032_0010.uasset" 7158
"../../../Engine/Content/EngineMaterials/Substrate/GLints/dict_16_192_64_0p5_0p02_0008_0007.uasset" 7159
"../../../Engine/Content/EngineMaterials/Substrate/GLints/dict_16_192_64_0p5_0p02_0063_0001.uasset" 7160
"../../../Engine/Content/EngineMaterials/Substrate/GLints/dict_16_192_64_0p5_0p02_0002_0001.uasset" 7161
"../../../Engine/Content/EngineMaterials/Substrate/GLints/dict_16_192_64_0p5_0p02_0060_0003.uasset" 7162
"../../../Engine/Content/EngineMaterials/Substrate/GLints/dict_16_192_64_0p5_0p02_0058_0009.uasset" 7163
"../../../Engine/Content/EngineMaterials/Substrate/GLints/dict_16_192_64_0p5_0p02_0020_0015.uasset" 7164
"../../../Engine/Content/EngineMaterials/Substrate/GLints/dict_16_192_64_0p5_0p02_0057_0008.uasset" 7165
"../../../Engine/Content/EngineMaterials/Substrate/GLints/dict_16_192_64_0p5_0p02_0062_0006.uasset" 7166
"../../../Engine/Content/EngineMaterials/Substrate/GLints/dict_16_192_64_0p5_0p02_0006_0013.uasset" 7167
"../../../Engine/Content/EngineMaterials/Substrate/GLints/dict_16_192_64_0p5_0p02_0060_0000.uasset" 7168
"../../../Engine/Content/EngineMaterials/Substrate/GLints/dict_16_192_64_0p5_0p02_0007_0014.uasset" 7169
"../../../Engine/Content/EngineMaterials/Substrate/GLints/dict_16_192_64_0p5_0p02_0013_0011.uasset" 7170
"../../../Engine/Content/EngineMaterials/Substrate/GLints/dict_16_192_64_0p5_0p02_0033_0015.uasset" 7171
"C:/Users/zxxuh/AppData/Local/UnrealEngine/Common/DerivedDataCache/Buckets/BulkDataList/d1/43/247f0fca88081a3befd0ab0f3c492b0f71f6.udd" 7172
"../../../Engine/Content/EngineMaterials/Substrate/GLints/dict_16_192_64_0p5_0p02_0042_0013.uasset" 7173
"C:/Users/zxxuh/AppData/Local/UnrealEngine/Common/DerivedDataCache/Buckets/BulkDataList/6b/68/a925b54165e3cd6426be42f6c406ed8f7536.udd" 7174
"../../../Engine/Content/EngineMaterials/Substrate/GLints/dict_16_192_64_0p5_0p02_0040_0009.uasset" 7175
"C:/Users/zxxuh/AppData/Local/UnrealEngine/Common/DerivedDataCache/Buckets/BulkDataList/42/36/0f72915bad4cbc6394b7468af8dcd2818f7e.udd" 7176
"../../../Engine/Content/EngineMaterials/Substrate/GLints/dict_16_192_64_0p5_0p02_0026_0014.uasset" 7177
"C:/Users/zxxuh/AppData/Local/UnrealEngine/Common/DerivedDataCache/Buckets/BulkDataList/4d/58/5fdaa97677672ac5068d9e6b5c7eb5b78630.udd" 7178
"../../../Engine/Content/EngineMaterials/Substrate/GLints/dict_16_192_64_0p5_0p02_0002_0011.uasset" 7179
"C:/Users/zxxuh/AppData/Local/UnrealEngine/Common/DerivedDataCache/Buckets/BulkDataList/46/6e/bc775867e63271c2e8e48b4f48128a859db6.udd" 7180
"../../../Engine/Content/EngineMaterials/Substrate/GLints/dict_16_192_64_0p5_0p02_0001_0000.uasset" 7181
"C:/Users/zxxuh/AppData/Local/UnrealEngine/Common/DerivedDataCache/Buckets/BulkDataList/c8/f1/28d91f7b46fc6a1536dd087c10bb2c96a45d.udd" 7182
"../../../Engine/Content/EngineMaterials/Substrate/GLints/dict_16_192_64_0p5_0p02_0045_0013.uasset" 7183
"C:/Users/zxxuh/AppData/Local/UnrealEngine/Common/DerivedDataCache/Buckets/BulkDataList/77/eb/d827d8c36b6683f605721613bacba7ef0ec0.udd" 7184
"../../../Engine/Content/EngineMaterials/Substrate/GLints/dict_16_192_64_0p5_0p02_0034_0000.uasset" 7185
"C:/Users/zxxuh/AppData/Local/UnrealEngine/Common/DerivedDataCache/Buckets/BulkDataList/c5/d7/53a815f02ad1b9b0bdabfe6b3b33eb28cb31.udd" 7186
"../../../Engine/Content/EngineMaterials/Substrate/GLints/dict_16_192_64_0p5_0p02_0004_0007.uasset" 7187
"C:/Users/zxxuh/AppData/Local/UnrealEngine/Common/DerivedDataCache/Buckets/BulkDataList/0f/96/41348798aeac0c0cf32cab73f6b11d0f60c4.udd" 7188
"C:/Users/zxxuh/AppData/Local/UnrealEngine/Common/DerivedDataCache/Buckets/BulkDataList/69/1d/788cc8901239c5d514001b6e28df4e879bc9.udd" 7189
"C:/Users/zxxuh/AppData/Local/UnrealEngine/Common/DerivedDataCache/Buckets/BulkDataList/5b/ee/d7b6cb618f45eb7ede272525a065659bbf8a.udd" 7190
"C:/Users/zxxuh/AppData/Local/UnrealEngine/Common/DerivedDataCache/Buckets/BulkDataList/26/c4/caa7ffc79dc30afcb1d909b12dc57f9bd45b.udd" 7191
"C:/Users/zxxuh/AppData/Local/UnrealEngine/Common/DerivedDataCache/Buckets/BulkDataList/a0/ac/da2e401bfc10da0fba0e90fbb6b1acf0837b.udd" 7192
"C:/Users/zxxuh/AppData/Local/UnrealEngine/Common/DerivedDataCache/Buckets/BulkDataList/98/cc/48929da2699f4e551806c47f31ffe0e7e70f.udd" 7193
"C:/Users/zxxuh/AppData/Local/UnrealEngine/Common/DerivedDataCache/Buckets/BulkDataList/38/d9/20ca25ee77b9278b59ac48562a61f9158884.udd" 7194
"C:/Users/zxxuh/AppData/Local/UnrealEngine/Common/DerivedDataCache/Buckets/BulkDataList/c5/c6/c65dde7c8006539784e4d7bb6da4a69dd631.udd" 7195
"C:/Users/zxxuh/AppData/Local/UnrealEngine/Common/DerivedDataCache/Buckets/BulkDataList/19/eb/0a0e1e544c5ee9b9ed8eece7ca91b04fadb9.udd" 7196
"C:/Users/zxxuh/AppData/Local/UnrealEngine/Common/DerivedDataCache/Buckets/BulkDataList/17/9d/8ccbb6fac77b5e66d6b800233d2facb71900.udd" 7197
"C:/Users/zxxuh/AppData/Local/UnrealEngine/Common/DerivedDataCache/Buckets/BulkDataList/7e/5e/011efa77fd7d5657c3ccc73f1543b38aa9dc.udd" 7198
"C:/Users/zxxuh/AppData/Local/UnrealEngine/Common/DerivedDataCache/Buckets/BulkDataList/21/64/ed62119c0da96e69f2f89b3b2d1b25661cdc.udd" 7199
"C:/Users/zxxuh/AppData/Local/UnrealEngine/Common/DerivedDataCache/Buckets/BulkDataList/f9/a6/827fb5b6d0c95edecba8912a9f2625498906.udd" 7200
"C:/Users/zxxuh/AppData/Local/UnrealEngine/Common/DerivedDataCache/Buckets/BulkDataList/4e/a2/02ddb1555c4b246e7cd97785fd61b16ef36e.udd" 7201
"C:/Users/zxxuh/AppData/Local/UnrealEngine/Common/DerivedDataCache/Buckets/BulkDataList/d7/33/1040be09ed2152634c2d51d99b6234617193.udd" 7202
"C:/Users/zxxuh/AppData/Local/UnrealEngine/Common/DerivedDataCache/Buckets/BulkDataList/8e/11/bebdbfaa47e4d947cd607ca17f44222522f8.udd" 7203
"C:/Users/zxxuh/AppData/Local/UnrealEngine/Common/DerivedDataCache/Buckets/BulkDataList/41/fe/887fcdfdc46407a1535df43f5139b8b6b91e.udd" 7204
"C:/Users/zxxuh/AppData/Local/UnrealEngine/Common/DerivedDataCache/Buckets/BulkDataList/bc/86/552212783d03ec57f0157151b92f1fa65afe.udd" 7205
"C:/Users/zxxuh/AppData/Local/UnrealEngine/Common/DerivedDataCache/Buckets/BulkDataList/a2/2a/5544d9dc2b9075d94f8e2a13e62dfabfc717.udd" 7206
"C:/Users/zxxuh/AppData/Local/UnrealEngine/Common/DerivedDataCache/Buckets/BulkDataList/4e/8e/387d196b498cda1c279d05207b30a8d04263.udd" 7207
"C:/Users/zxxuh/AppData/Local/UnrealEngine/Common/DerivedDataCache/Buckets/BulkDataList/c2/9b/51f150445077cadc043b7fa55d1c1f44e5b8.udd" 7208
"C:/Users/zxxuh/AppData/Local/UnrealEngine/Common/DerivedDataCache/Buckets/BulkDataList/de/8a/0b46bcd6666d292780bb8092ed30193d1482.udd" 7209
"C:/Users/zxxuh/AppData/Local/UnrealEngine/Common/DerivedDataCache/Buckets/BulkDataList/2a/75/a6082b0a9cf352c90d3e903654edbe06e22d.udd" 7210
"C:/Users/zxxuh/AppData/Local/UnrealEngine/Common/DerivedDataCache/Buckets/BulkDataList/93/32/7e34853d5988e2270b8833764b132b12c17d.udd" 7211
"../../../Engine/Content/EngineMaterials/Substrate/GLints/dict_16_192_64_0p5_0p02_0042_0006.uasset" 7212
"../../../Engine/Content/EngineMaterials/Substrate/GLints/dict_16_192_64_0p5_0p02_0041_0007.uasset" 7213
"../../../Engine/Content/EngineMaterials/Substrate/GLints/dict_16_192_64_0p5_0p02_0016_0009.uasset" 7214
"../../../Engine/Content/EngineMaterials/Substrate/GLints/dict_16_192_64_0p5_0p02_0015_0009.uasset" 7215
"../../../Engine/Content/EngineMaterials/Substrate/GLints/dict_16_192_64_0p5_0p02_0006_0001.uasset" 7216
"../../../Engine/Content/EngineMaterials/Substrate/GLints/dict_16_192_64_0p5_0p02_0040_0006.uasset" 7217
"../../../Engine/Content/EngineMaterials/Substrate/GLints/dict_16_192_64_0p5_0p02_0052_0011.uasset" 7218
"../../../Engine/Content/EngineMaterials/Substrate/GLints/dict_16_192_64_0p5_0p02_0054_0005.uasset" 7219
"../../../Engine/Content/EngineMaterials/Substrate/GLints/dict_16_192_64_0p5_0p02_0016_0005.uasset" 7220
"../../../Engine/Content/EngineMaterials/Substrate/GLints/dict_16_192_64_0p5_0p02_0016_0006.uasset" 7221
"../../../Engine/Content/EngineMaterials/Substrate/GLints/dict_16_192_64_0p5_0p02_0030_0013.uasset" 7222
"../../../Engine/Content/EngineMaterials/Substrate/GLints/dict_16_192_64_0p5_0p02_0012_0003.uasset" 7223
"../../../Engine/Content/EngineMaterials/Substrate/GLints/dict_16_192_64_0p5_0p02_0036_0000.uasset" 7224
"../../../Engine/Content/EngineMaterials/Substrate/GLints/dict_16_192_64_0p5_0p02_0056_0003.uasset" 7225
"../../../Engine/Content/EngineMaterials/Substrate/GLints/dict_16_192_64_0p5_0p02_0035_0000.uasset" 7226
"../../../Engine/Content/EngineMaterials/Substrate/GLints/dict_16_192_64_0p5_0p02_0042_0008.uasset" 7227
"../../../Engine/Content/EngineMaterials/Substrate/GLints/dict_16_192_64_0p5_0p02_0017_0002.uasset" 7228
"../../../Engine/Content/EngineMaterials/Substrate/GLints/dict_16_192_64_0p5_0p02_0035_0009.uasset" 7229
"../../../Engine/Content/EngineMaterials/Substrate/GLints/dict_16_192_64_0p5_0p02_0002_0012.uasset" 7230
"../../../Engine/Content/EngineMaterials/Substrate/GLints/dict_16_192_64_0p5_0p02_0036_0002.uasset" 7231
"../../../Engine/Content/EngineMaterials/Substrate/GLints/dict_16_192_64_0p5_0p02_0024_0000.uasset" 7232
"../../../Engine/Content/EngineMaterials/Substrate/GLints/dict_16_192_64_0p5_0p02_0061_0007.uasset" 7233
"../../../Engine/Content/EngineMaterials/Substrate/GLints/dict_16_192_64_0p5_0p02_0000_0010.uasset" 7234
"../../../Engine/Content/EngineMaterials/Substrate/GLints/dict_16_192_64_0p5_0p02_0057_0014.uasset" 7235
"C:/Users/zxxuh/AppData/Local/UnrealEngine/Common/DerivedDataCache/Buckets/BulkDataList/77/ba/a0987eab59f8bf0f12b9292b4cf7547dcca0.udd" 7236
"../../../Engine/Content/EngineMaterials/Substrate/GLints/dict_16_192_64_0p5_0p02_0024_0014.uasset" 7237
"C:/Users/zxxuh/AppData/Local/UnrealEngine/Common/DerivedDataCache/Buckets/BulkDataList/5a/9a/2fdd3377d8caca5e97d9d3e38f8365e16a17.udd" 7238
"../../../Engine/Content/EngineMaterials/Substrate/GLints/dict_16_192_64_0p5_0p02_0046_0002.uasset" 7239
"C:/Users/zxxuh/AppData/Local/UnrealEngine/Common/DerivedDataCache/Buckets/BulkDataList/31/fd/ab94036a419e283a99ce73eb34f784780509.udd" 7240
"../../../Engine/Content/EngineMaterials/Substrate/GLints/dict_16_192_64_0p5_0p02_0025_0011.uasset" 7241
"C:/Users/zxxuh/AppData/Local/UnrealEngine/Common/DerivedDataCache/Buckets/BulkDataList/9a/37/1b1447777956c3e5610fdddd2be3680acdfd.udd" 7242
"../../../Engine/Content/EngineMaterials/Substrate/GLints/dict_16_192_64_0p5_0p02_0003_0009.uasset" 7243
"C:/Users/zxxuh/AppData/Local/UnrealEngine/Common/DerivedDataCache/Buckets/BulkDataList/d8/3b/4096151d434526273212f0e3871b4f70deef.udd" 7244
"../../../Engine/Content/EngineMaterials/Substrate/GLints/dict_16_192_64_0p5_0p02_0024_0006.uasset" 7245
"C:/Users/zxxuh/AppData/Local/UnrealEngine/Common/DerivedDataCache/Buckets/BulkDataList/27/e5/5a79cfc9d2a48deb3cb7e6dfde908d611543.udd" 7246
"../../../Engine/Content/EngineMaterials/Substrate/GLints/dict_16_192_64_0p5_0p02_0030_0015.uasset" 7247
"C:/Users/zxxuh/AppData/Local/UnrealEngine/Common/DerivedDataCache/Buckets/BulkDataList/b4/d8/24b7424372a843fcc50e94b54491cc0fead7.udd" 7248
"../../../Engine/Content/EngineMaterials/Substrate/GLints/dict_16_192_64_0p5_0p02_0025_0000.uasset" 7249
"C:/Users/zxxuh/AppData/Local/UnrealEngine/Common/DerivedDataCache/Buckets/BulkDataList/0b/27/1460bbf95f6cd31c4c3c7bb7b50ba5e26f04.udd" 7250
"../../../Engine/Content/EngineMaterials/Substrate/GLints/dict_16_192_64_0p5_0p02_0039_0005.uasset" 7251
"C:/Users/zxxuh/AppData/Local/UnrealEngine/Common/DerivedDataCache/Buckets/BulkDataList/76/66/847c376d99a93d470b59f0dcacfdc4e8df80.udd" 7252
"C:/Users/zxxuh/AppData/Local/UnrealEngine/Common/DerivedDataCache/Buckets/BulkDataList/29/51/0364c9a92bc51bc990e4490249ad03726300.udd" 7253
"C:/Users/zxxuh/AppData/Local/UnrealEngine/Common/DerivedDataCache/Buckets/BulkDataList/2a/dc/a81abc3f514ba2cfabc2045275b8e0b8c4fd.udd" 7254
"C:/Users/zxxuh/AppData/Local/UnrealEngine/Common/DerivedDataCache/Buckets/BulkDataList/e5/ad/ae2e2e244556c8ce3e650ab040e9b8befc44.udd" 7255
"C:/Users/zxxuh/AppData/Local/UnrealEngine/Common/DerivedDataCache/Buckets/BulkDataList/94/4c/f860a89c5e8c39fd0ccef809e9de3d69f1a9.udd" 7256
"C:/Users/zxxuh/AppData/Local/UnrealEngine/Common/DerivedDataCache/Buckets/BulkDataList/41/ab/a15add4644bf31fc8cee133c730d878be2cd.udd" 7257
"C:/Users/zxxuh/AppData/Local/UnrealEngine/Common/DerivedDataCache/Buckets/BulkDataList/93/a5/c23492c59cf31b61d65789c3ee98cd5c6ba2.udd" 7258
"C:/Users/zxxuh/AppData/Local/UnrealEngine/Common/DerivedDataCache/Buckets/BulkDataList/93/3f/e683482cf70778813a84b8def2551a5456c3.udd" 7259
"C:/Users/zxxuh/AppData/Local/UnrealEngine/Common/DerivedDataCache/Buckets/BulkDataList/93/bb/cca6cb30dd46248e892bbfd13aa704e6d1f6.udd" 7260
"C:/Users/zxxuh/AppData/Local/UnrealEngine/Common/DerivedDataCache/Buckets/BulkDataList/7d/27/8211be7d5b3c7088db892b2558e6e5654f4f.udd" 7261
"C:/Users/zxxuh/AppData/Local/UnrealEngine/Common/DerivedDataCache/Buckets/BulkDataList/fe/67/016e0811aeb62907a87ced640652081cafcc.udd" 7262
"C:/Users/zxxuh/AppData/Local/UnrealEngine/Common/DerivedDataCache/Buckets/BulkDataList/c6/ba/4dd4b8db55bfe0e9eef9cfd5651e23b7dd7f.udd" 7263
"C:/Users/zxxuh/AppData/Local/UnrealEngine/Common/DerivedDataCache/Buckets/BulkDataList/3b/75/7fffa165a1d0970e8ca99b9d2c3b5500c054.udd" 7264
"C:/Users/zxxuh/AppData/Local/UnrealEngine/Common/DerivedDataCache/Buckets/BulkDataList/40/40/86bf6f9493535959c7057197227b0d53b7c9.udd" 7265
"C:/Users/zxxuh/AppData/Local/UnrealEngine/Common/DerivedDataCache/Buckets/BulkDataList/bf/03/fcdee1303ba98f69792aa651a8f161b533fa.udd" 7266
"C:/Users/zxxuh/AppData/Local/UnrealEngine/Common/DerivedDataCache/Buckets/BulkDataList/83/7c/aecf73ca8a91a07a023ba017fffc98c03113.udd" 7267
"C:/Users/zxxuh/AppData/Local/UnrealEngine/Common/DerivedDataCache/Buckets/BulkDataList/7e/a0/d14fd5652dbb5e3247bddddbf0f5e56dc662.udd" 7268
"C:/Users/zxxuh/AppData/Local/UnrealEngine/Common/DerivedDataCache/Buckets/BulkDataList/02/81/d026c7a48affb7b1b7ca6e9f4d9707b5e32c.udd" 7269
"C:/Users/zxxuh/AppData/Local/UnrealEngine/Common/DerivedDataCache/Buckets/BulkDataList/83/b2/427dd498bee60f8b55f83653e06f41d2bdad.udd" 7270
"C:/Users/zxxuh/AppData/Local/UnrealEngine/Common/DerivedDataCache/Buckets/BulkDataList/66/ea/ad640a0ca6aa09b823e5a22b660bbd571624.udd" 7271
"C:/Users/zxxuh/AppData/Local/UnrealEngine/Common/DerivedDataCache/Buckets/BulkDataList/65/e9/d91cccc99df835176b9720babfe04868d56b.udd" 7272
"C:/Users/zxxuh/AppData/Local/UnrealEngine/Common/DerivedDataCache/Buckets/BulkDataList/72/10/7b473eaa6becd61e491dae9bae6fa9015f62.udd" 7273
"C:/Users/zxxuh/AppData/Local/UnrealEngine/Common/DerivedDataCache/Buckets/BulkDataList/e4/57/f7e5b354deb65d4ebde908e15ddec52a31db.udd" 7274
"C:/Users/zxxuh/AppData/Local/UnrealEngine/Common/DerivedDataCache/Buckets/BulkDataList/ea/46/661223b7dc5d2c2201c43094f4dbfc2ae170.udd" 7275
"../../../Engine/Content/EngineMaterials/Substrate/GLints/dict_16_192_64_0p5_0p02_0047_0000.uasset" 7276
"../../../Engine/Content/EngineMaterials/Substrate/GLints/dict_16_192_64_0p5_0p02_0008_0006.uasset" 7277
"../../../Engine/Content/EngineMaterials/Substrate/GLints/dict_16_192_64_0p5_0p02_0039_0002.uasset" 7278
"../../../Engine/Content/EngineMaterials/Substrate/GLints/dict_16_192_64_0p5_0p02_0039_0012.uasset" 7279
"../../../Engine/Content/EngineMaterials/Substrate/GLints/dict_16_192_64_0p5_0p02_0020_0008.uasset" 7280
"../../../Engine/Content/EngineMaterials/Substrate/GLints/dict_16_192_64_0p5_0p02_0057_0006.uasset" 7281
"../../../Engine/Content/EngineMaterials/Substrate/GLints/dict_16_192_64_0p5_0p02_0019_0005.uasset" 7282
"../../../Engine/Content/EngineMaterials/Substrate/GLints/dict_16_192_64_0p5_0p02_0032_0013.uasset" 7283
"../../../Engine/Content/EngineMaterials/Substrate/GLints/dict_16_192_64_0p5_0p02_0006_0012.uasset" 7284
"../../../Engine/Content/EngineMaterials/Substrate/GLints/dict_16_192_64_0p5_0p02_0056_0008.uasset" 7285
"../../../Engine/Content/EngineMaterials/Substrate/GLints/dict_16_192_64_0p5_0p02_0029_0008.uasset" 7286
"../../../Engine/Content/EngineMaterials/Substrate/GLints/dict_16_192_64_0p5_0p02_0002_0007.uasset" 7287
"../../../Engine/Content/EngineMaterials/Substrate/GLints/dict_16_192_64_0p5_0p02_0006_0000.uasset" 7288
"../../../Engine/Content/EngineMaterials/Substrate/GLints/dict_16_192_64_0p5_0p02_0044_0000.uasset" 7289
"../../../Engine/Content/EngineMaterials/Substrate/GLints/dict_16_192_64_0p5_0p02_0061_0001.uasset" 7290
"../../../Engine/Content/EngineMaterials/Substrate/GLints/dict_16_192_64_0p5_0p02_0005_0005.uasset" 7291
"../../../Engine/Content/EngineMaterials/Substrate/GLints/dict_16_192_64_0p5_0p02_0002_0013.uasset" 7292
"../../../Engine/Content/EngineMaterials/Substrate/GLints/dict_16_192_64_0p5_0p02_0045_0009.uasset" 7293
"../../../Engine/Content/EngineMaterials/Substrate/GLints/dict_16_192_64_0p5_0p02_0004_0012.uasset" 7294
"../../../Engine/Content/EngineMaterials/Substrate/GLints/dict_16_192_64_0p5_0p02_0027_0015.uasset" 7295
"../../../Engine/Content/EngineMaterials/Substrate/GLints/dict_16_192_64_0p5_0p02_0047_0003.uasset" 7296
"../../../Engine/Content/EngineMaterials/Substrate/GLints/dict_16_192_64_0p5_0p02_0027_0011.uasset" 7297
"../../../Engine/Content/EngineMaterials/Substrate/GLints/dict_16_192_64_0p5_0p02_0044_0014.uasset" 7298
"../../../Engine/Content/EngineMaterials/Substrate/GLints/dict_16_192_64_0p5_0p02_0054_0006.uasset" 7299
"C:/Users/zxxuh/AppData/Local/UnrealEngine/Common/DerivedDataCache/Buckets/BulkDataList/a4/33/072f8f9d5d7eaf01a5bf5ca2335ac5634340.udd" 7300
"../../../Engine/Content/EngineMaterials/Substrate/GLints/dict_16_192_64_0p5_0p02_0044_0003.uasset" 7301
"C:/Users/zxxuh/AppData/Local/UnrealEngine/Common/DerivedDataCache/Buckets/BulkDataList/25/3d/c77a40b646bc9bc3d5a38ab1d80d78e04b17.udd" 7302
"../../../Engine/Content/EngineMaterials/Substrate/GLints/dict_16_192_64_0p5_0p02_0018_0014.uasset" 7303
"C:/Users/zxxuh/AppData/Local/UnrealEngine/Common/DerivedDataCache/Buckets/BulkDataList/c3/2a/78790eed639ef116913a41e233a7e212d855.udd" 7304
"../../../Engine/Content/EngineMaterials/Substrate/GLints/dict_16_192_64_0p5_0p02_0038_0010.uasset" 7305
"C:/Users/zxxuh/AppData/Local/UnrealEngine/Common/DerivedDataCache/Buckets/BulkDataList/3c/b0/74eb4789b63a47c980856003924e6ea5481b.udd" 7306
"../../../Engine/Content/EngineMaterials/Substrate/GLints/dict_16_192_64_0p5_0p02_0018_0003.uasset" 7307
"C:/Users/zxxuh/AppData/Local/UnrealEngine/Common/DerivedDataCache/Buckets/BulkDataList/e4/0f/c33a638ae344ae9760eff7b684034ece81ba.udd" 7308
"../../../Engine/Content/EngineMaterials/Substrate/GLints/dict_16_192_64_0p5_0p02_0010_0013.uasset" 7309
"C:/Users/zxxuh/AppData/Local/UnrealEngine/Common/DerivedDataCache/Buckets/BulkDataList/69/73/3a1ad3fdaefe96ec7a089e66f8cbc1be79f6.udd" 7310
"../../../Engine/Content/EngineMaterials/Substrate/GLints/dict_16_192_64_0p5_0p02_0035_0013.uasset" 7311
"C:/Users/zxxuh/AppData/Local/UnrealEngine/Common/DerivedDataCache/Buckets/BulkDataList/59/79/a94baf201d5a0d6ed6efe7c800c9e2e76135.udd" 7312
"../../../Engine/Content/EngineMaterials/Substrate/GLints/dict_16_192_64_0p5_0p02_0007_0015.uasset" 7313
"C:/Users/zxxuh/AppData/Local/UnrealEngine/Common/DerivedDataCache/Buckets/BulkDataList/9e/d2/bd9c7fdb4f13ec39eca6cd7026f9c398d1c8.udd" 7314
"../../../Engine/Content/EngineMaterials/Substrate/GLints/dict_16_192_64_0p5_0p02_0012_0006.uasset" 7315
"C:/Users/zxxuh/AppData/Local/UnrealEngine/Common/DerivedDataCache/Buckets/BulkDataList/ef/4c/600c0b0c055dfc10325bf0cfb412cea41b34.udd" 7316
"C:/Users/zxxuh/AppData/Local/UnrealEngine/Common/DerivedDataCache/Buckets/BulkDataList/b6/cd/0fafa50da9e5753a9ca06a2063f4fd97db0f.udd" 7317
"C:/Users/zxxuh/AppData/Local/UnrealEngine/Common/DerivedDataCache/Buckets/BulkDataList/a9/b0/4a002f5aa4986827299da851136ec3aa5ba1.udd" 7318
"C:/Users/zxxuh/AppData/Local/UnrealEngine/Common/DerivedDataCache/Buckets/BulkDataList/85/6b/75cc55c59e64adf855b74b28af5fd8b12149.udd" 7319
"C:/Users/zxxuh/AppData/Local/UnrealEngine/Common/DerivedDataCache/Buckets/BulkDataList/67/aa/bad8200a7af02430197cef67aa405d891617.udd" 7320
"C:/Users/zxxuh/AppData/Local/UnrealEngine/Common/DerivedDataCache/Buckets/BulkDataList/e8/8b/3b2f195567567b1e11e427daab1ef6b6cd26.udd" 7321
"C:/Users/zxxuh/AppData/Local/UnrealEngine/Common/DerivedDataCache/Buckets/BulkDataList/e5/2f/34661be0bb04d7996717fe73292b97b03f78.udd" 7322
"C:/Users/zxxuh/AppData/Local/UnrealEngine/Common/DerivedDataCache/Buckets/BulkDataList/31/2b/06de9779b5210c1f5c99954bfb6f76259615.udd" 7323
"C:/Users/zxxuh/AppData/Local/UnrealEngine/Common/DerivedDataCache/Buckets/BulkDataList/cf/46/3e23e3f40f5bd78073c35b326c1449d42fec.udd" 7324
"C:/Users/zxxuh/AppData/Local/UnrealEngine/Common/DerivedDataCache/Buckets/BulkDataList/72/da/00d0d935a5bfd8bddad44eb8067951a91790.udd" 7325
"C:/Users/zxxuh/AppData/Local/UnrealEngine/Common/DerivedDataCache/Buckets/BulkDataList/64/fc/48443fc9d7b2bd189fa3b0ca13e813419f8d.udd" 7326
"C:/Users/zxxuh/AppData/Local/UnrealEngine/Common/DerivedDataCache/Buckets/BulkDataList/5d/bc/cc295ddda5e488e43305378671244e2c8073.udd" 7327
"C:/Users/zxxuh/AppData/Local/UnrealEngine/Common/DerivedDataCache/Buckets/BulkDataList/c8/ba/2b35a659dde8b02db7ef0e416e4357256155.udd" 7328
"C:/Users/zxxuh/AppData/Local/UnrealEngine/Common/DerivedDataCache/Buckets/BulkDataList/91/91/cd1860fbac30000881e76eac0a7ee8ae9c38.udd" 7329
"C:/Users/zxxuh/AppData/Local/UnrealEngine/Common/DerivedDataCache/Buckets/BulkDataList/f1/57/4681bf331818be7767e84f637b31e222930e.udd" 7330
"C:/Users/zxxuh/AppData/Local/UnrealEngine/Common/DerivedDataCache/Buckets/BulkDataList/76/d5/1276adec4ae8761ffc453253d9ea6fe6dd13.udd" 7331
"C:/Users/zxxuh/AppData/Local/UnrealEngine/Common/DerivedDataCache/Buckets/BulkDataList/6e/6d/f776fb8a86a67d31e2d32039d9f0df5d16cf.udd" 7332
"C:/Users/zxxuh/AppData/Local/UnrealEngine/Common/DerivedDataCache/Buckets/BulkDataList/79/37/bbabe95b5f01604dabc243c7d4bd356f05e7.udd" 7333
"C:/Users/zxxuh/AppData/Local/UnrealEngine/Common/DerivedDataCache/Buckets/BulkDataList/50/f9/642068deb941d5035e0086998468516acd10.udd" 7334
"C:/Users/zxxuh/AppData/Local/UnrealEngine/Common/DerivedDataCache/Buckets/BulkDataList/75/4b/9194e2833ec34b3fb7b7518098af19791511.udd" 7335
"C:/Users/zxxuh/AppData/Local/UnrealEngine/Common/DerivedDataCache/Buckets/BulkDataList/c6/43/cdc6c8aaa23b64c235bdc756f59cb5723aa8.udd" 7336
"C:/Users/zxxuh/AppData/Local/UnrealEngine/Common/DerivedDataCache/Buckets/BulkDataList/48/be/f6757882c79091910f266f2d909ac9f65c7c.udd" 7337
"C:/Users/zxxuh/AppData/Local/UnrealEngine/Common/DerivedDataCache/Buckets/BulkDataList/b6/02/e25abf2a328600fb36101ccb36a80075cc60.udd" 7338
"C:/Users/zxxuh/AppData/Local/UnrealEngine/Common/DerivedDataCache/Buckets/BulkDataList/f5/df/0b15cbd20bbb60f1bb4bc53c56002de69d7a.udd" 7339
"../../../Engine/Content/EngineMaterials/Substrate/GLints/dict_16_192_64_0p5_0p02_0056_0001.uasset" 7340
"../../../Engine/Content/EngineMaterials/Substrate/GLints/dict_16_192_64_0p5_0p02_0042_0007.uasset" 7341
"../../../Engine/Content/EngineMaterials/Substrate/GLints/dict_16_192_64_0p5_0p02_0045_0005.uasset" 7342
"../../../Engine/Content/EngineMaterials/Substrate/GLints/dict_16_192_64_0p5_0p02_0053_0014.uasset" 7343
"../../../Engine/Content/EngineMaterials/Substrate/GLints/dict_16_192_64_0p5_0p02_0054_0013.uasset" 7344
"../../../Engine/Content/EngineMaterials/Substrate/GLints/dict_16_192_64_0p5_0p02_0020_0004.uasset" 7345
"../../../Engine/Content/EngineMaterials/Substrate/GLints/dict_16_192_64_0p5_0p02_0022_0005.uasset" 7346
"../../../Engine/Content/EngineMaterials/Substrate/GLints/dict_16_192_64_0p5_0p02_0036_0008.uasset" 7347
"../../../Engine/Content/EngineMaterials/Substrate/GLints/dict_16_192_64_0p5_0p02_0035_0008.uasset" 7348
"../../../Engine/Content/EngineMaterials/Substrate/GLints/dict_16_192_64_0p5_0p02_0061_0015.uasset" 7349
"../../../Engine/Content/EngineMaterials/Substrate/GLints/dict_16_192_64_0p5_0p02_0009_0007.uasset" 7350
"../../../Engine/Content/EngineMaterials/Substrate/GLints/dict_16_192_64_0p5_0p02_0063_0003.uasset" 7351
"../../../Engine/Content/EngineMaterials/Substrate/GLints/dict_16_192_64_0p5_0p02_0049_0009.uasset" 7352
"../../../Engine/Content/EngineMaterials/Substrate/GLints/dict_16_192_64_0p5_0p02_0020_0011.uasset" 7353
"../../../Engine/Content/EngineMaterials/Substrate/GLints/dict_16_192_64_0p5_0p02_0027_0010.uasset" 7354
"../../../Engine/Content/EngineMaterials/Substrate/GLints/dict_16_192_64_0p5_0p02_0004_0013.uasset" 7355
"../../../Engine/Content/EngineMaterials/Substrate/GLints/dict_16_192_64_0p5_0p02_0035_0004.uasset" 7356
"../../../Engine/Content/EngineMaterials/Substrate/GLints/dict_16_192_64_0p5_0p02_0047_0002.uasset" 7357
"../../../Engine/Content/EngineMaterials/Substrate/GLints/dict_16_192_64_0p5_0p02_0032_0012.uasset" 7358
"../../../Engine/Content/EngineMaterials/Substrate/GLints/dict_16_192_64_0p5_0p02_0024_0003.uasset" 7359
"../../../Engine/Content/EngineMaterials/Substrate/GLints/dict_16_192_64_0p5_0p02_0018_0012.uasset" 7360
"../../../Engine/Content/EngineMaterials/Substrate/GLints/dict_16_192_64_0p5_0p02_0015_0002.uasset" 7361
"../../../Engine/Content/EngineMaterials/Substrate/GLints/dict_16_192_64_0p5_0p02_0007_0008.uasset" 7362
"../../../Engine/Content/EngineMaterials/Substrate/GLints/dict_16_192_64_0p5_0p02_0053_0012.uasset" 7363
"C:/Users/zxxuh/AppData/Local/UnrealEngine/Common/DerivedDataCache/Buckets/BulkDataList/7e/81/d1a9cf775493092e260d39fda01163c4e201.udd" 7364
"../../../Engine/Content/EngineMaterials/Substrate/GLints/dict_16_192_64_0p5_0p02_0045_0002.uasset" 7365
"C:/Users/zxxuh/AppData/Local/UnrealEngine/Common/DerivedDataCache/Buckets/BulkDataList/de/8e/0237a46d1bdf665cdfb2c709cc6d8e32cc65.udd" 7366
"../../../Engine/Content/EngineMaterials/Substrate/GLints/dict_16_192_64_0p5_0p02_0010_0000.uasset" 7367
"C:/Users/zxxuh/AppData/Local/UnrealEngine/Common/DerivedDataCache/Buckets/BulkDataList/99/19/17728b5112de56b7f7ce898f58e672351295.udd" 7368
"../../../Engine/Content/EngineMaterials/Substrate/GLints/dict_16_192_64_0p5_0p02_0050_0008.uasset" 7369
"../../../Engine/Content/EngineMaterials/Substrate/GLints/dict_16_192_64_0p5_0p02_0051_0005.uasset" 7370
"C:/Users/zxxuh/AppData/Local/UnrealEngine/Common/DerivedDataCache/Buckets/BulkDataList/40/0c/7942c48857f6f552bd179fdc36157182554a.udd" 7371
"C:/Users/zxxuh/AppData/Local/UnrealEngine/Common/DerivedDataCache/Buckets/BulkDataList/bd/09/d5212233d70c1592655e681f859a17722afa.udd" 7372
"../../../Engine/Content/EngineMaterials/Substrate/GLints/dict_16_192_64_0p5_0p02_0035_0001.uasset" 7373
"C:/Users/zxxuh/AppData/Local/UnrealEngine/Common/DerivedDataCache/Buckets/BulkDataList/9a/a7/7f68ca33117f7f098453193cc297d7f417bf.udd" 7374
"../../../Engine/Content/EngineMaterials/Substrate/GLints/dict_16_192_64_0p5_0p02_0020_0007.uasset" 7375
"C:/Users/zxxuh/AppData/Local/UnrealEngine/Common/DerivedDataCache/Buckets/BulkDataList/f5/3a/af52c0fc81f2ac75fdd0933c239500ce2abd.udd" 7376
"../../../Engine/Content/EngineMaterials/Substrate/GLints/dict_16_192_64_0p5_0p02_0024_0009.uasset" 7377
"C:/Users/zxxuh/AppData/Local/UnrealEngine/Common/DerivedDataCache/Buckets/BulkDataList/33/d2/1280920fa1c9d189fa04df8823e09d726f1a.udd" 7378
"../../../Engine/Content/EngineMaterials/Substrate/GLints/dict_16_192_64_0p5_0p02_0003_0000.uasset" 7379
"C:/Users/zxxuh/AppData/Local/UnrealEngine/Common/DerivedDataCache/Buckets/BulkDataList/df/50/e39963d157be06cb1a73c713c561841108e7.udd" 7380
"C:/Users/zxxuh/AppData/Local/UnrealEngine/Common/DerivedDataCache/Buckets/BulkDataList/48/af/378bbdf82065ac26a2238ea600f3e769831d.udd" 7381
"C:/Users/zxxuh/AppData/Local/UnrealEngine/Common/DerivedDataCache/Buckets/BulkDataList/59/9f/40518402818b025ddee1a6d84414bf9bb658.udd" 7382
"C:/Users/zxxuh/AppData/Local/UnrealEngine/Common/DerivedDataCache/Buckets/BulkDataList/d1/6d/f781de39d6bf4fb7dc9b731839d67cc3e9c1.udd" 7383
"C:/Users/zxxuh/AppData/Local/UnrealEngine/Common/DerivedDataCache/Buckets/BulkDataList/25/46/666b72e1079bc551ce031bdbcf54cc83d087.udd" 7384
"C:/Users/zxxuh/AppData/Local/UnrealEngine/Common/DerivedDataCache/Buckets/BulkDataList/f7/e1/06ac7e00a4336725315d183263072b3f4e73.udd" 7385
"C:/Users/zxxuh/AppData/Local/UnrealEngine/Common/DerivedDataCache/Buckets/BulkDataList/5c/51/83ae17a97ae1357955a597028cc17052984f.udd" 7386
"C:/Users/zxxuh/AppData/Local/UnrealEngine/Common/DerivedDataCache/Buckets/BulkDataList/d5/21/266c65e3ed380326d99258b1185ee95ab58a.udd" 7387
"C:/Users/zxxuh/AppData/Local/UnrealEngine/Common/DerivedDataCache/Buckets/BulkDataList/2c/77/9384cfd06fe366105906e2b0543231fe4d02.udd" 7388
"C:/Users/zxxuh/AppData/Local/UnrealEngine/Common/DerivedDataCache/Buckets/BulkDataList/a9/48/dcc9ceb5c016982b21f659e325d40081ef0d.udd" 7389
"C:/Users/zxxuh/AppData/Local/UnrealEngine/Common/DerivedDataCache/Buckets/BulkDataList/70/95/5e5ed788569c11bde7c37d17d73d825cb300.udd" 7390
"C:/Users/zxxuh/AppData/Local/UnrealEngine/Common/DerivedDataCache/Buckets/BulkDataList/5c/e9/18f73dcda2f3702cd4dfade4233a5a16423c.udd" 7391
"C:/Users/zxxuh/AppData/Local/UnrealEngine/Common/DerivedDataCache/Buckets/BulkDataList/18/bb/304426b8be15c15a0fe142ea7910d525eb03.udd" 7392
"C:/Users/zxxuh/AppData/Local/UnrealEngine/Common/DerivedDataCache/Buckets/BulkDataList/69/56/af2f328cab9b4811a29dd63bb1a1fe5d0219.udd" 7393
"C:/Users/zxxuh/AppData/Local/UnrealEngine/Common/DerivedDataCache/Buckets/BulkDataList/72/e1/29e43a3c555e7e855443e6e1bf13b23976b2.udd" 7394
"C:/Users/zxxuh/AppData/Local/UnrealEngine/Common/DerivedDataCache/Buckets/BulkDataList/4a/2e/654fae7188f10fc6fafbdd6134e571b32b16.udd" 7395
"C:/Users/zxxuh/AppData/Local/UnrealEngine/Common/DerivedDataCache/Buckets/BulkDataList/4a/f9/abb0fca393640615cd2c3bf4143a65b1be41.udd" 7396
"C:/Users/zxxuh/AppData/Local/UnrealEngine/Common/DerivedDataCache/Buckets/BulkDataList/b5/7b/733c69113edd90d706d7c18b2216241b48de.udd" 7397
"C:/Users/zxxuh/AppData/Local/UnrealEngine/Common/DerivedDataCache/Buckets/BulkDataList/33/0d/77a4c0312236e113f6b9adb26f42ceccb689.udd" 7398
"C:/Users/zxxuh/AppData/Local/UnrealEngine/Common/DerivedDataCache/Buckets/BulkDataList/16/e5/1ce66b995ea65706e167032793c3a9d0ab2c.udd" 7399
"C:/Users/zxxuh/AppData/Local/UnrealEngine/Common/DerivedDataCache/Buckets/BulkDataList/8e/bd/1de748012c89e3adf87a49b8b2f2a6cb663e.udd" 7400
"C:/Users/zxxuh/AppData/Local/UnrealEngine/Common/DerivedDataCache/Buckets/BulkDataList/c0/68/a29d11df3b8620aa9fb235028acf59c4b9a0.udd" 7401
"C:/Users/zxxuh/AppData/Local/UnrealEngine/Common/DerivedDataCache/Buckets/BulkDataList/ff/09/9497a59b375e5173d2840c00ff5297eca50a.udd" 7402
"C:/Users/zxxuh/AppData/Local/UnrealEngine/Common/DerivedDataCache/Buckets/BulkDataList/8f/d7/f34ff59a3f2d2c21597d0f4947767e8b8f20.udd" 7403
"../../../Engine/Content/EngineMaterials/Substrate/GLints/dict_16_192_64_0p5_0p02_0058_0002.uasset" 7404
"../../../Engine/Content/EngineMaterials/Substrate/GLints/dict_16_192_64_0p5_0p02_0006_0008.uasset" 7405
"../../../Engine/Content/EngineMaterials/Substrate/GLints/dict_16_192_64_0p5_0p02_0042_0000.uasset" 7406
"../../../Engine/Content/EngineMaterials/Substrate/GLints/dict_16_192_64_0p5_0p02_0040_0003.uasset" 7407
"../../../Engine/Content/EngineMaterials/Substrate/GLints/dict_16_192_64_0p5_0p02_0053_0015.uasset" 7408
"../../../Engine/Content/EngineMaterials/Substrate/GLints/dict_16_192_64_0p5_0p02_0058_0014.uasset" 7409
"../../../Engine/Content/EngineMaterials/Substrate/GLints/dict_16_192_64_0p5_0p02_0056_0009.uasset" 7410
"../../../Engine/Content/EngineMaterials/Substrate/GLints/dict_16_192_64_0p5_0p02_0040_0012.uasset" 7411
"../../../Engine/Content/EngineMaterials/Substrate/GLints/dict_16_192_64_0p5_0p02_0052_0004.uasset" 7412
"../../../Engine/Content/EngineMaterials/Substrate/GLints/dict_16_192_64_0p5_0p02_0043_0014.uasset" 7413
"../../../Engine/Content/EngineMaterials/Substrate/GLints/dict_16_192_64_0p5_0p02_0060_0004.uasset" 7414
"../../../Engine/Content/EngineMaterials/Substrate/GLints/dict_16_192_64_0p5_0p02_0054_0002.uasset" 7415
"../../../Engine/Content/EngineMaterials/Substrate/GLints/dict_16_192_64_0p5_0p02_0017_0009.uasset" 7416
"../../../Engine/Content/EngineMaterials/Substrate/GLints/dict_16_192_64_0p5_0p02_0000_0002.uasset" 7417
"../../../Engine/Content/EngineMaterials/Substrate/GLints/dict_16_192_64_0p5_0p02_0000_0004.uasset" 7418
"../../../Engine/Content/EngineMaterials/Substrate/GLints/dict_16_192_64_0p5_0p02_0003_0008.uasset" 7419
"../../../Engine/Content/EngineMaterials/Substrate/GLints/dict_16_192_64_0p5_0p02_0015_0006.uasset" 7420
"../../../Engine/Content/EngineMaterials/Substrate/GLints/dict_16_192_64_0p5_0p02_0045_0000.uasset" 7421
"../../../Engine/Content/EngineMaterials/Substrate/GLints/dict_16_192_64_0p5_0p02_0023_0014.uasset" 7422
"../../../Engine/Content/EngineMaterials/Substrate/GLints/dict_16_192_64_0p5_0p02_0016_0012.uasset" 7423
"../../../Engine/Content/EngineMaterials/Substrate/GLints/dict_16_192_64_0p5_0p02_0022_0000.uasset" 7424
"../../../Engine/Content/EngineMaterials/Substrate/GLints/dict_16_192_64_0p5_0p02_0057_0004.uasset" 7425
"../../../Engine/Content/EngineMaterials/Substrate/GLints/dict_16_192_64_0p5_0p02_0053_0002.uasset" 7426
"../../../Engine/Content/EngineMaterials/Substrate/GLints/dict_16_192_64_0p5_0p02_0029_0014.uasset" 7427
"C:/Users/zxxuh/AppData/Local/UnrealEngine/Common/DerivedDataCache/Buckets/BulkDataList/94/05/b8663369657da9569b5e2685b169ac5c5f0b.udd" 7428
"../../../Engine/Content/EngineMaterials/Substrate/GLints/dict_16_192_64_0p5_0p02_0033_0006.uasset" 7429
"C:/Users/zxxuh/AppData/Local/UnrealEngine/Common/DerivedDataCache/Buckets/BulkDataList/90/f1/b3f894f110d6be7225374e408f02b5020d7a.udd" 7430
"../../../Engine/Content/EngineMaterials/Substrate/GLints/dict_16_192_64_0p5_0p02_0026_0012.uasset" 7431
"C:/Users/zxxuh/AppData/Local/UnrealEngine/Common/DerivedDataCache/Buckets/BulkDataList/4c/80/020c2d8c7ec4ad11e8c2e72e629427d5026a.udd" 7432
"../../../Engine/Content/EngineMaterials/Substrate/GLints/dict_16_192_64_0p5_0p02_0002_0003.uasset" 7433
"C:/Users/zxxuh/AppData/Local/UnrealEngine/Common/DerivedDataCache/Buckets/BulkDataList/98/c5/e7b1b1a548569419016e95b5fee45d389390.udd" 7434
"../../../Engine/Content/EngineMaterials/Substrate/GLints/dict_16_192_64_0p5_0p02_0052_0006.uasset" 7435
"C:/Users/zxxuh/AppData/Local/UnrealEngine/Common/DerivedDataCache/Buckets/BulkDataList/1f/1e/a26cff241ed11228edb9e279f15f78a2b739.udd" 7436
"../../../Engine/Content/EngineMaterials/Substrate/GLints/dict_16_192_64_0p5_0p02_0003_0007.uasset" 7437
"C:/Users/zxxuh/AppData/Local/UnrealEngine/Common/DerivedDataCache/Buckets/BulkDataList/cb/b7/6a8ff8f2675236e466b4cee5673b037f6987.udd" 7438
"../../../Engine/Content/EngineMaterials/Substrate/GLints/dict_16_192_64_0p5_0p02_0015_0011.uasset" 7439
"C:/Users/zxxuh/AppData/Local/UnrealEngine/Common/DerivedDataCache/Buckets/BulkDataList/e5/f3/db0e1fc327b4a362008711d5fc3dd78a893e.udd" 7440
"../../../Engine/Content/EngineMaterials/Substrate/GLints/dict_16_192_64_0p5_0p02_0054_0004.uasset" 7441
"C:/Users/zxxuh/AppData/Local/UnrealEngine/Common/DerivedDataCache/Buckets/BulkDataList/96/88/f4a2bdbdd706a5f047bcf09916d2eb25cf5d.udd" 7442
"../../../Engine/Content/EngineMaterials/Substrate/GLints/dict_16_192_64_0p5_0p02_0055_0007.uasset" 7443
"C:/Users/zxxuh/AppData/Local/UnrealEngine/Common/DerivedDataCache/Buckets/BulkDataList/e5/a8/59e131a57d938d0576a67fe5e5a145547b3e.udd" 7444
"C:/Users/zxxuh/AppData/Local/UnrealEngine/Common/DerivedDataCache/Buckets/BulkDataList/63/30/45a0170b476602b38ac3daf60929a2fe85de.udd" 7445
"C:/Users/zxxuh/AppData/Local/UnrealEngine/Common/DerivedDataCache/Buckets/BulkDataList/f0/33/58f07413e3d9006c6e2b4e6e084fc344693c.udd" 7446
"C:/Users/zxxuh/AppData/Local/UnrealEngine/Common/DerivedDataCache/Buckets/BulkDataList/5c/80/82a5b83d5a32b70ed11d4058415cc037b9f6.udd" 7447
"C:/Users/zxxuh/AppData/Local/UnrealEngine/Common/DerivedDataCache/Buckets/BulkDataList/0f/c4/4b80d015804d1119e2ddbe83a91329e8e869.udd" 7448
"C:/Users/zxxuh/AppData/Local/UnrealEngine/Common/DerivedDataCache/Buckets/BulkDataList/eb/cc/4a38b5450e7a2072926eae1f457cca1e8832.udd" 7449
"C:/Users/zxxuh/AppData/Local/UnrealEngine/Common/DerivedDataCache/Buckets/BulkDataList/74/02/7d834a641b0a929f98751bfb04a92a213b9a.udd" 7450
"C:/Users/zxxuh/AppData/Local/UnrealEngine/Common/DerivedDataCache/Buckets/BulkDataList/b9/d8/dfa19e1de994312af3e42d2ae9f7749dada5.udd" 7451
"C:/Users/zxxuh/AppData/Local/UnrealEngine/Common/DerivedDataCache/Buckets/BulkDataList/04/2d/e71f4a87635321eea3e6d993fbaa505ceeab.udd" 7452
"C:/Users/zxxuh/AppData/Local/UnrealEngine/Common/DerivedDataCache/Buckets/BulkDataList/1d/9b/4508b0280819dc2d1ba131a1cbb2eee822ef.udd" 7453
"C:/Users/zxxuh/AppData/Local/UnrealEngine/Common/DerivedDataCache/Buckets/BulkDataList/f4/60/8a780eae2dd8250e245ce81ddef206d92425.udd" 7454
"C:/Users/zxxuh/AppData/Local/UnrealEngine/Common/DerivedDataCache/Buckets/BulkDataList/56/44/2ef83fe5b062a216d6f1690eaa1632678a18.udd" 7455
"C:/Users/zxxuh/AppData/Local/UnrealEngine/Common/DerivedDataCache/Buckets/BulkDataList/8b/8d/84a9b8467c70b4db6927823e7287fbc5c5ce.udd" 7456
"C:/Users/zxxuh/AppData/Local/UnrealEngine/Common/DerivedDataCache/Buckets/BulkDataList/e5/48/3ddcd8d0d40e7dc7d81e988f292f8aca4825.udd" 7457
"C:/Users/zxxuh/AppData/Local/UnrealEngine/Common/DerivedDataCache/Buckets/BulkDataList/dc/7e/cf55ae909fc77b0db69e730196fe96a78276.udd" 7458
"C:/Users/zxxuh/AppData/Local/UnrealEngine/Common/DerivedDataCache/Buckets/BulkDataList/5f/2c/3e2171cfffb3e53a9b88707e8f831a72eb6f.udd" 7459
"C:/Users/zxxuh/AppData/Local/UnrealEngine/Common/DerivedDataCache/Buckets/BulkDataList/c8/1c/ac96de15541e1c8992083f170a415a8a3705.udd" 7460
"C:/Users/zxxuh/AppData/Local/UnrealEngine/Common/DerivedDataCache/Buckets/BulkDataList/26/f8/b357aa461413f2e19e3afb8b38491b1efe4d.udd" 7461
"C:/Users/zxxuh/AppData/Local/UnrealEngine/Common/DerivedDataCache/Buckets/BulkDataList/8a/0b/19343d76e20cdee46537cc42c5e371d97cbc.udd" 7462
"C:/Users/zxxuh/AppData/Local/UnrealEngine/Common/DerivedDataCache/Buckets/BulkDataList/eb/12/2b1f941412ac68ffc3faeec909137aa94525.udd" 7463
"C:/Users/zxxuh/AppData/Local/UnrealEngine/Common/DerivedDataCache/Buckets/BulkDataList/07/fd/c21199a6c70ddb1a06ca11d4d6cb301b09a9.udd" 7464
"C:/Users/zxxuh/AppData/Local/UnrealEngine/Common/DerivedDataCache/Buckets/BulkDataList/d9/32/5705e57fe3785020664ee486c51131a268b0.udd" 7465
"C:/Users/zxxuh/AppData/Local/UnrealEngine/Common/DerivedDataCache/Buckets/BulkDataList/f9/40/dfed6fcdf5382627325a4d3dfcf38ed51718.udd" 7466
"C:/Users/zxxuh/AppData/Local/UnrealEngine/Common/DerivedDataCache/Buckets/BulkDataList/59/90/74e1291e049c2e93df2283d7d785e925f9b5.udd" 7467
"../../../Engine/Content/EngineMaterials/Substrate/GLints/dict_16_192_64_0p5_0p02_0061_0010.uasset" 7468
"../../../Engine/Content/EngineMaterials/Substrate/GLints/dict_16_192_64_0p5_0p02_0036_0004.uasset" 7469
"../../../Engine/Content/EngineMaterials/Substrate/GLints/dict_16_192_64_0p5_0p02_0039_0013.uasset" 7470
"../../../Engine/Content/EngineMaterials/Substrate/GLints/dict_16_192_64_0p5_0p02_0021_0015.uasset" 7471
"../../../Engine/Content/EngineMaterials/Substrate/GLints/dict_16_192_64_0p5_0p02_0061_0012.uasset" 7472
"../../../Engine/Content/EngineMaterials/Substrate/GLints/dict_16_192_64_0p5_0p02_0016_0008.uasset" 7473
"../../../Engine/Content/EngineMaterials/Substrate/GLints/dict_16_192_64_0p5_0p02_0012_0011.uasset" 7474
"../../../Engine/Content/EngineMaterials/Substrate/GLints/dict_16_192_64_0p5_0p02_0025_0010.uasset" 7475
"../../../Engine/Content/EngineMaterials/Substrate/GLints/dict_16_192_64_0p5_0p02_0025_0013.uasset" 7476
"../../../Engine/Content/EngineMaterials/Substrate/GLints/dict_16_192_64_0p5_0p02_0057_0011.uasset" 7477
"../../../Engine/Content/EngineMaterials/Substrate/GLints/dict_16_192_64_0p5_0p02_0010_0001.uasset" 7478
"../../../Engine/Content/EngineMaterials/Substrate/GLints/dict_16_192_64_0p5_0p02_0005_0002.uasset" 7479
"../../../Engine/Content/EngineMaterials/Substrate/GLints/dict_16_192_64_0p5_0p02_0049_0000.uasset" 7480
"../../../Engine/Content/EngineMaterials/Substrate/GLints/dict_16_192_64_0p5_0p02_0034_0002.uasset" 7481
"../../../Engine/Content/EngineMaterials/Substrate/GLints/dict_16_192_64_0p5_0p02_0056_0005.uasset" 7482
"../../../Engine/Content/EngineMaterials/Substrate/GLints/dict_16_192_64_0p5_0p02_0001_0015.uasset" 7483
"../../../Engine/Content/EngineMaterials/Substrate/GLints/dict_16_192_64_0p5_0p02_0022_0009.uasset" 7484
"../../../Engine/Content/EngineMaterials/Substrate/GLints/dict_16_192_64_0p5_0p02_0005_0004.uasset" 7485
"../../../Engine/Content/EngineMaterials/Substrate/GLints/dict_16_192_64_0p5_0p02_0052_0005.uasset" 7486
"../../../Engine/Content/EngineMaterials/Substrate/GLints/dict_16_192_64_0p5_0p02_0031_0006.uasset" 7487
"../../../Engine/Content/EngineMaterials/Substrate/GLints/dict_16_192_64_0p5_0p02_0016_0011.uasset" 7488
"../../../Engine/Content/EngineMaterials/Substrate/GLints/dict_16_192_64_0p5_0p02_0025_0003.uasset" 7489
"../../../Engine/Content/EngineMaterials/Substrate/GLints/dict_16_192_64_0p5_0p02_0043_0002.uasset" 7490
"../../../Engine/Content/EngineMaterials/Substrate/GLints/dict_16_192_64_0p5_0p02_0012_0002.uasset" 7491
"C:/Users/zxxuh/AppData/Local/UnrealEngine/Common/DerivedDataCache/Buckets/BulkDataList/d1/e5/613887a2c365a1e317d8f748fdae47378e08.udd" 7492
"../../../Engine/Content/EngineMaterials/Substrate/GLints/dict_16_192_64_0p5_0p02_0012_0001.uasset" 7493
"C:/Users/zxxuh/AppData/Local/UnrealEngine/Common/DerivedDataCache/Buckets/BulkDataList/89/e5/302b5df72e67674d30cb50ad806358e57bdf.udd" 7494
"../../../Engine/Content/EngineMaterials/Substrate/GLints/dict_16_192_64_0p5_0p02_0023_0010.uasset" 7495
"C:/Users/zxxuh/AppData/Local/UnrealEngine/Common/DerivedDataCache/Buckets/BulkDataList/93/a5/1661cb1a158883cb8de8a87c04d359f17800.udd" 7496
"../../../Engine/Content/EngineMaterials/Substrate/GLints/dict_16_192_64_0p5_0p02_0043_0006.uasset" 7497
"C:/Users/zxxuh/AppData/Local/UnrealEngine/Common/DerivedDataCache/Buckets/BulkDataList/bb/7b/7396b2d84078495a76f0e23344d6be8d61b4.udd" 7498
"../../../Engine/Content/EngineMaterials/Substrate/GLints/dict_16_192_64_0p5_0p02_0034_0009.uasset" 7499
"C:/Users/zxxuh/AppData/Local/UnrealEngine/Common/DerivedDataCache/Buckets/BulkDataList/87/99/b3541299893d82be7272cf6d8c042e40f760.udd" 7500
"../../../Engine/Content/EngineMaterials/Substrate/GLints/dict_16_192_64_0p5_0p02_0033_0008.uasset" 7501
"C:/Users/zxxuh/AppData/Local/UnrealEngine/Common/DerivedDataCache/Buckets/BulkDataList/16/dc/9dbf880f1ccbbd0f845861a82ec561924a7d.udd" 7502
"../../../Engine/Content/EngineMaterials/Substrate/GLints/dict_16_192_64_0p5_0p02_0063_0011.uasset" 7503
"C:/Users/zxxuh/AppData/Local/UnrealEngine/Common/DerivedDataCache/Buckets/BulkDataList/54/03/d17ecf6a55ccab0b76ce3176468bee8d184e.udd" 7504
"../../../Engine/Content/EngineMaterials/Substrate/GLints/dict_16_192_64_0p5_0p02_0052_0001.uasset" 7505
"C:/Users/zxxuh/AppData/Local/UnrealEngine/Common/DerivedDataCache/Buckets/BulkDataList/bc/29/f5c32360b4ad6216251e54fd1d73990d01ac.udd" 7506
"../../../Engine/Content/EngineMaterials/Substrate/GLints/dict_16_192_64_0p5_0p02_0042_0002.uasset" 7507
"C:/Users/zxxuh/AppData/Local/UnrealEngine/Common/DerivedDataCache/Buckets/BulkDataList/79/8e/0c4cd6b86506b355b2ad1f411d2d4d73915b.udd" 7508
"C:/Users/zxxuh/AppData/Local/UnrealEngine/Common/DerivedDataCache/Buckets/BulkDataList/45/30/f1d7b676b614dbd9508daa775a8dac39f2c2.udd" 7509
"C:/Users/zxxuh/AppData/Local/UnrealEngine/Common/DerivedDataCache/Buckets/BulkDataList/89/0c/21da2445b16f4ec053eab82331733970955b.udd" 7510
"C:/Users/zxxuh/AppData/Local/UnrealEngine/Common/DerivedDataCache/Buckets/BulkDataList/8a/7e/7f25e6f0a27b66b4a9c9222075e04e5d73ec.udd" 7511
"C:/Users/zxxuh/AppData/Local/UnrealEngine/Common/DerivedDataCache/Buckets/BulkDataList/7d/d8/057adb48e6d43d3e71e8874e6b86261fc45c.udd" 7512
"C:/Users/zxxuh/AppData/Local/UnrealEngine/Common/DerivedDataCache/Buckets/BulkDataList/af/c1/21cb8639d65f4ff819fe156f0d77e1804856.udd" 7513
"C:/Users/zxxuh/AppData/Local/UnrealEngine/Common/DerivedDataCache/Buckets/BulkDataList/49/5b/48aaad581b0f177dc7af00d7c071a7122e46.udd" 7514
"C:/Users/zxxuh/AppData/Local/UnrealEngine/Common/DerivedDataCache/Buckets/BulkDataList/e2/32/e062ff7ca69dc4f063776cb411f4445a9297.udd" 7515
"C:/Users/zxxuh/AppData/Local/UnrealEngine/Common/DerivedDataCache/Buckets/BulkDataList/3b/36/e3a5be9fe6e3de6a0e8f6876650e2835fd47.udd" 7516
"C:/Users/zxxuh/AppData/Local/UnrealEngine/Common/DerivedDataCache/Buckets/BulkDataList/a9/b3/f0b732fbead6c3217d10309f700a25c3ccc4.udd" 7517
"C:/Users/zxxuh/AppData/Local/UnrealEngine/Common/DerivedDataCache/Buckets/BulkDataList/e8/6c/24018971b92acb45e273a3596d42a7cc0bd4.udd" 7518
"C:/Users/zxxuh/AppData/Local/UnrealEngine/Common/DerivedDataCache/Buckets/BulkDataList/e9/d6/6c6c0c7b1b8ac7beef19636ddbde2dbaa866.udd" 7519
"C:/Users/zxxuh/AppData/Local/UnrealEngine/Common/DerivedDataCache/Buckets/BulkDataList/09/cc/dfaa2b884e99411f2d9ae90d0127f06e542e.udd" 7520
"C:/Users/zxxuh/AppData/Local/UnrealEngine/Common/DerivedDataCache/Buckets/BulkDataList/fc/7f/a424847750dd1917c911c0fd21ca4e9d848f.udd" 7521
"C:/Users/zxxuh/AppData/Local/UnrealEngine/Common/DerivedDataCache/Buckets/BulkDataList/b3/ef/fccd40c0f7f876de89beba49a9cf22e5163d.udd" 7522
"C:/Users/zxxuh/AppData/Local/UnrealEngine/Common/DerivedDataCache/Buckets/BulkDataList/38/88/136490678e55299967b66d4d42435aa2590f.udd" 7523
"C:/Users/zxxuh/AppData/Local/UnrealEngine/Common/DerivedDataCache/Buckets/BulkDataList/6b/7f/bda4efb924ce1b9a8fe553d744f45c42fe0c.udd" 7524
"C:/Users/zxxuh/AppData/Local/UnrealEngine/Common/DerivedDataCache/Buckets/BulkDataList/23/33/eafc66fd9cffc3d8f50ec8392d8a9891b73d.udd" 7525
"C:/Users/zxxuh/AppData/Local/UnrealEngine/Common/DerivedDataCache/Buckets/BulkDataList/58/e4/1371884fda70e22bd840e9b071472688647e.udd" 7526
"C:/Users/zxxuh/AppData/Local/UnrealEngine/Common/DerivedDataCache/Buckets/BulkDataList/e6/9a/6c8e0c0206d4bcf82c2b6c0a749a57178485.udd" 7527
"C:/Users/zxxuh/AppData/Local/UnrealEngine/Common/DerivedDataCache/Buckets/BulkDataList/20/9c/5cb8b58b67942fdae40a4f82b3c0f9872343.udd" 7528
"C:/Users/zxxuh/AppData/Local/UnrealEngine/Common/DerivedDataCache/Buckets/BulkDataList/cf/83/70afc69278fac33cc030f988febf4abbe87c.udd" 7529
"C:/Users/zxxuh/AppData/Local/UnrealEngine/Common/DerivedDataCache/Buckets/BulkDataList/f0/f5/89662a726f662823b8efcfdf7e0079e16935.udd" 7530
"C:/Users/zxxuh/AppData/Local/UnrealEngine/Common/DerivedDataCache/Buckets/BulkDataList/99/3f/c8fe95d13e92bbc97c842d6ef9c863688f79.udd" 7531
"../../../Engine/Content/EngineMaterials/Substrate/GLints/dict_16_192_64_0p5_0p02_0022_0002.uasset" 7532
"../../../Engine/Content/EngineMaterials/Substrate/GLints/dict_16_192_64_0p5_0p02_0017_0001.uasset" 7533
"../../../Engine/Content/EngineMaterials/Substrate/GLints/dict_16_192_64_0p5_0p02_0044_0013.uasset" 7534
"../../../Engine/Content/EngineMaterials/Substrate/GLints/dict_16_192_64_0p5_0p02_0029_0004.uasset" 7535
"../../../Engine/Content/EngineMaterials/Substrate/GLints/dict_16_192_64_0p5_0p02_0051_0011.uasset" 7536
"../../../Engine/Content/EngineMaterials/Substrate/GLints/dict_16_192_64_0p5_0p02_0049_0004.uasset" 7537
"../../../Engine/Content/EngineMaterials/Substrate/GLints/dict_16_192_64_0p5_0p02_0059_0003.uasset" 7538
"../../../Engine/Content/EngineMaterials/Substrate/GLints/dict_16_192_64_0p5_0p02_0057_0001.uasset" 7539
"../../../Engine/Content/EngineMaterials/Substrate/GLints/dict_16_192_64_0p5_0p02_0008_0013.uasset" 7540
"../../../Engine/Content/EngineMaterials/Substrate/GLints/dict_16_192_64_0p5_0p02_0000_0015.uasset" 7541
"../../../Engine/Content/EngineMaterials/Substrate/GLints/dict_16_192_64_0p5_0p02_0032_0001.uasset" 7542
"../../../Engine/Content/EngineMaterials/Substrate/GLints/dict_16_192_64_0p5_0p02_0031_0015.uasset" 7543
"../../../Engine/Content/EngineMaterials/Substrate/GLints/dict_16_192_64_0p5_0p02_0031_0004.uasset" 7544
"../../../Engine/Content/EngineMaterials/Substrate/GLints/dict_16_192_64_0p5_0p02_0035_0014.uasset" 7545
"../../../Engine/Content/EngineMaterials/Substrate/GLints/dict_16_192_64_0p5_0p02_0043_0012.uasset" 7546
"../../../Engine/Content/EngineMaterials/Substrate/GLints/dict_16_192_64_0p5_0p02_0013_0002.uasset" 7547
"../../../Engine/Content/EngineMaterials/Substrate/GLints/dict_16_192_64_0p5_0p02_0026_0003.uasset" 7548
"../../../Engine/Content/EngineMaterials/Substrate/GLints/dict_16_192_64_0p5_0p02_0006_0006.uasset" 7549
"../../../Engine/Content/EngineMaterials/Substrate/GLints/dict_16_192_64_0p5_0p02_0013_0004.uasset" 7550
"../../../Engine/Content/EngineMaterials/Substrate/GLints/dict_16_192_64_0p5_0p02_0034_0007.uasset" 7551
"../../../Engine/Content/EngineMaterials/Substrate/GLints/dict_16_192_64_0p5_0p02_0004_0002.uasset" 7552
"../../../Engine/Content/EngineMaterials/Substrate/GLints/dict_16_192_64_0p5_0p02_0045_0004.uasset" 7553
"../../../Engine/Content/EngineMaterials/Substrate/GLints/dict_16_192_64_0p5_0p02_0029_0007.uasset" 7554
"../../../Engine/Content/EngineMaterials/Substrate/GLints/dict_16_192_64_0p5_0p02_0008_0011.uasset" 7555
"C:/Users/zxxuh/AppData/Local/UnrealEngine/Common/DerivedDataCache/Buckets/BulkDataList/3f/bc/533fdea05eac7aa3f3a04ab75e22a37143c2.udd" 7556
"../../../Engine/Content/EngineMaterials/Substrate/GLints/dict_16_192_64_0p5_0p02_0014_0005.uasset" 7557
"C:/Users/zxxuh/AppData/Local/UnrealEngine/Common/DerivedDataCache/Buckets/BulkDataList/e0/78/70f05af8d00051fc2a24421b980b3b3cdba3.udd" 7558
"../../../Engine/Content/EngineMaterials/Substrate/GLints/dict_16_192_64_0p5_0p02_0047_0015.uasset" 7559
"C:/Users/zxxuh/AppData/Local/UnrealEngine/Common/DerivedDataCache/Buckets/BulkDataList/b4/eb/9853a75d643abd46fb6e6200a1657605a169.udd" 7560
"../../../Engine/Content/EngineMaterials/Substrate/GLints/dict_16_192_64_0p5_0p02_0043_0008.uasset" 7561
"C:/Users/zxxuh/AppData/Local/UnrealEngine/Common/DerivedDataCache/Buckets/BulkDataList/cc/a1/35fa9219078ce788812874c6a038e54d6983.udd" 7562
"../../../Engine/Content/EngineMaterials/Substrate/GLints/dict_16_192_64_0p5_0p02_0059_0015.uasset" 7563
"C:/Users/zxxuh/AppData/Local/UnrealEngine/Common/DerivedDataCache/Buckets/BulkDataList/74/c2/77ae14c3f9a42395250b596589bb1bdac711.udd" 7564
"../../../Engine/Content/EngineMaterials/Substrate/GLints/dict_16_192_64_0p5_0p02_0048_0006.uasset" 7565
"C:/Users/zxxuh/AppData/Local/UnrealEngine/Common/DerivedDataCache/Buckets/BulkDataList/63/e1/aae49a607d028419d321bf10b45445680fef.udd" 7566
"../../../Engine/Content/EngineMaterials/Substrate/GLints/dict_16_192_64_0p5_0p02_0041_0012.uasset" 7567
"C:/Users/zxxuh/AppData/Local/UnrealEngine/Common/DerivedDataCache/Buckets/BulkDataList/33/20/10bf66a6c8cbe45eb506f5fe560335b260b9.udd" 7568
"../../../Engine/Content/EngineMaterials/Substrate/GLints/dict_16_192_64_0p5_0p02_0016_0015.uasset" 7569
"C:/Users/zxxuh/AppData/Local/UnrealEngine/Common/DerivedDataCache/Buckets/BulkDataList/cd/5b/418f5436f7315568490a035b730e2d744cec.udd" 7570
"../../../Engine/Content/EngineMaterials/Substrate/GLints/dict_16_192_64_0p5_0p02_0007_0011.uasset" 7571
"C:/Users/zxxuh/AppData/Local/UnrealEngine/Common/DerivedDataCache/Buckets/BulkDataList/84/99/156fec7f138e71bc1a3d8f11e4e8b763b3aa.udd" 7572
"C:/Users/zxxuh/AppData/Local/UnrealEngine/Common/DerivedDataCache/Buckets/BulkDataList/2a/3b/d10513716118e050dcbd41396be0bb656383.udd" 7573
"C:/Users/zxxuh/AppData/Local/UnrealEngine/Common/DerivedDataCache/Buckets/BulkDataList/7a/88/6c0a306b3e03bbfe0bb8970c7035bfa383c5.udd" 7574
"C:/Users/zxxuh/AppData/Local/UnrealEngine/Common/DerivedDataCache/Buckets/BulkDataList/0a/b3/fc5be3a6d501aabba3ec0d7ae9cd51134a9c.udd" 7575
"C:/Users/zxxuh/AppData/Local/UnrealEngine/Common/DerivedDataCache/Buckets/BulkDataList/b6/00/63b3f5bae638ea2a94fca154b1c15e25485c.udd" 7576
"C:/Users/zxxuh/AppData/Local/UnrealEngine/Common/DerivedDataCache/Buckets/BulkDataList/86/06/caa49a8d3bb27515c02640d786b1b3d780fd.udd" 7577
"C:/Users/zxxuh/AppData/Local/UnrealEngine/Common/DerivedDataCache/Buckets/BulkDataList/d8/40/0350959f520f8fad2b2d631930c796e7b3ed.udd" 7578
"C:/Users/zxxuh/AppData/Local/UnrealEngine/Common/DerivedDataCache/Buckets/BulkDataList/f1/77/df83b1b445f8fbf3143ada19ba2c9feff00e.udd" 7579
"C:/Users/zxxuh/AppData/Local/UnrealEngine/Common/DerivedDataCache/Buckets/BulkDataList/e8/bc/16ebc23273bb56642460fd6497cf09079f20.udd" 7580
"C:/Users/zxxuh/AppData/Local/UnrealEngine/Common/DerivedDataCache/Buckets/BulkDataList/60/31/2767e556c6b3a9f7cac03fb77b477f44526f.udd" 7581
"C:/Users/zxxuh/AppData/Local/UnrealEngine/Common/DerivedDataCache/Buckets/BulkDataList/f2/93/ac4794006d806dc4d2a0f93de005bc5809f8.udd" 7582
"C:/Users/zxxuh/AppData/Local/UnrealEngine/Common/DerivedDataCache/Buckets/BulkDataList/f8/9e/a393e8719317dc4feb65318da6280306a1fd.udd" 7583
"C:/Users/zxxuh/AppData/Local/UnrealEngine/Common/DerivedDataCache/Buckets/BulkDataList/77/92/e53010c501398c86c9d946d2d9f15fc1c369.udd" 7584
"C:/Users/zxxuh/AppData/Local/UnrealEngine/Common/DerivedDataCache/Buckets/BulkDataList/57/46/6d41ac68993408ca825e5a1eabc37ec3716a.udd" 7585
"C:/Users/zxxuh/AppData/Local/UnrealEngine/Common/DerivedDataCache/Buckets/BulkDataList/a4/c5/97efd3a8d0c2e74a6b6363f2f31675e92195.udd" 7586
"C:/Users/zxxuh/AppData/Local/UnrealEngine/Common/DerivedDataCache/Buckets/BulkDataList/d1/5f/20df239881cf2ae104313898b4efa0ff833f.udd" 7587
"C:/Users/zxxuh/AppData/Local/UnrealEngine/Common/DerivedDataCache/Buckets/BulkDataList/9f/84/17f2a7713c60720d7266fc4116d83ea926eb.udd" 7588
"C:/Users/zxxuh/AppData/Local/UnrealEngine/Common/DerivedDataCache/Buckets/BulkDataList/d5/9c/1c2073417291cfc0de7066984d6c6409b25e.udd" 7589
"C:/Users/zxxuh/AppData/Local/UnrealEngine/Common/DerivedDataCache/Buckets/BulkDataList/97/a0/2908b7ab7b83c222c4b0a92ab5a501c20700.udd" 7590
"C:/Users/zxxuh/AppData/Local/UnrealEngine/Common/DerivedDataCache/Buckets/BulkDataList/48/cc/7b14d74e7774a1945383f5c5d5e1b75aeb2f.udd" 7591
"C:/Users/zxxuh/AppData/Local/UnrealEngine/Common/DerivedDataCache/Buckets/BulkDataList/5d/01/18bbe2ba58f6114038aa85a1f05531a4a1f5.udd" 7592
"C:/Users/zxxuh/AppData/Local/UnrealEngine/Common/DerivedDataCache/Buckets/BulkDataList/51/2c/148106a16b93756175a5c65a909d1bd6afc2.udd" 7593
"C:/Users/zxxuh/AppData/Local/UnrealEngine/Common/DerivedDataCache/Buckets/BulkDataList/6e/a0/b08702209060314603038eaa527127ea2a5d.udd" 7594
"C:/Users/zxxuh/AppData/Local/UnrealEngine/Common/DerivedDataCache/Buckets/BulkDataList/b5/44/a941dff8463d7d6bde1566206ded298e22b0.udd" 7595
"../../../Engine/Content/EngineMaterials/Substrate/GLints/dict_16_192_64_0p5_0p02_0049_0005.uasset" 7596
"../../../Engine/Content/EngineMaterials/Substrate/GLints/dict_16_192_64_0p5_0p02_0059_0001.uasset" 7597
"../../../Engine/Content/EngineMaterials/Substrate/GLints/dict_16_192_64_0p5_0p02_0035_0005.uasset" 7598
"../../../Engine/Content/EngineMaterials/Substrate/GLints/dict_16_192_64_0p5_0p02_0048_0003.uasset" 7599
"../../../Engine/Content/EngineMaterials/Substrate/GLints/dict_16_192_64_0p5_0p02_0024_0011.uasset" 7600
"../../../Engine/Content/EngineMaterials/Substrate/GLints/dict_16_192_64_0p5_0p02_0019_0013.uasset" 7601
"../../../Engine/Content/EngineMaterials/Substrate/GLints/dict_16_192_64_0p5_0p02_0029_0006.uasset" 7602
"../../../Engine/Content/EngineMaterials/Substrate/GLints/dict_16_192_64_0p5_0p02_0049_0006.uasset" 7603
"../../../Engine/Content/EngineMaterials/Substrate/GLints/dict_16_192_64_0p5_0p02_0038_0004.uasset" 7604
"../../../Engine/Content/EngineMaterials/Substrate/GLints/dict_16_192_64_0p5_0p02_0020_0001.uasset" 7605
"../../../Engine/Content/EngineMaterials/Substrate/GLints/dict_16_192_64_0p5_0p02_0011_0013.uasset" 7606
"../../../Engine/Content/EngineMaterials/Substrate/GLints/dict_16_192_64_0p5_0p02_0034_0003.uasset" 7607
"../../../Engine/Content/EngineMaterials/Substrate/GLints/dict_16_192_64_0p5_0p02_0033_0013.uasset" 7608
"../../../Engine/Content/EngineMaterials/Substrate/GLints/dict_16_192_64_0p5_0p02_0000_0011.uasset" 7609
"../../../Engine/Content/EngineMaterials/Substrate/GLints/dict_16_192_64_0p5_0p02_0003_0013.uasset" 7610
"../../../Engine/Content/EngineMaterials/Substrate/GLints/dict_16_192_64_0p5_0p02_0028_0010.uasset" 7611
"../../../Engine/Content/EngineMaterials/Substrate/GLints/dict_16_192_64_0p5_0p02_0049_0003.uasset" 7612
"../../../Engine/Content/EngineMaterials/Substrate/GLints/dict_16_192_64_0p5_0p02_0041_0013.uasset" 7613
"../../../Engine/Content/EngineMaterials/Substrate/GLints/dict_16_192_64_0p5_0p02_0038_0008.uasset" 7614
"../../../Engine/Content/EngineMaterials/Substrate/GLints/dict_16_192_64_0p5_0p02_0009_0004.uasset" 7615
"../../../Engine/Content/EngineMaterials/Substrate/GLints/dict_16_192_64_0p5_0p02_0007_0003.uasset" 7616
"../../../Engine/Content/EngineMaterials/Substrate/GLints/dict_16_192_64_0p5_0p02_0023_0008.uasset" 7617
"../../../Engine/Content/EngineMaterials/Substrate/GLints/dict_16_192_64_0p5_0p02_0031_0011.uasset" 7618
"../../../Engine/Content/EngineMaterials/Substrate/GLints/dict_16_192_64_0p5_0p02_0051_0014.uasset" 7619
"../../../Engine/Content/EngineMaterials/Substrate/GLints/dict_16_192_64_0p5_0p02_0059_0000.uasset" 7620
"C:/Users/zxxuh/AppData/Local/UnrealEngine/Common/DerivedDataCache/Buckets/BulkDataList/b4/b4/e63a37354d27e6d613e3dd111583b885c187.udd" 7621
"C:/Users/zxxuh/AppData/Local/UnrealEngine/Common/DerivedDataCache/Buckets/BulkDataList/31/1b/2e194da03757576e4dc8d68b004bacc6b8ec.udd" 7622
"../../../Engine/Content/EngineMaterials/Substrate/GLints/dict_16_192_64_0p5_0p02_0008_0014.uasset" 7623
"C:/Users/zxxuh/AppData/Local/UnrealEngine/Common/DerivedDataCache/Buckets/BulkDataList/63/5d/70b08fca08b5055e69cb1d1c868df2d57e76.udd" 7624
"../../../Engine/Content/EngineMaterials/Substrate/GLints/dict_16_192_64_0p5_0p02_0014_0006.uasset" 7625
"C:/Users/zxxuh/AppData/Local/UnrealEngine/Common/DerivedDataCache/Buckets/BulkDataList/39/f2/d739a59d3cf11a12db9e1ea0d4ccbbb66d41.udd" 7626
"../../../Engine/Content/EngineMaterials/Substrate/GLints/dict_16_192_64_0p5_0p02_0036_0012.uasset" 7627
"C:/Users/zxxuh/AppData/Local/UnrealEngine/Common/DerivedDataCache/Buckets/BulkDataList/dd/6d/4999f3bc6a8d9cd516e532dff08db167b553.udd" 7628
"../../../Engine/Content/EngineMaterials/Substrate/GLints/dict_16_192_64_0p5_0p02_0014_0007.uasset" 7629
"C:/Users/zxxuh/AppData/Local/UnrealEngine/Common/DerivedDataCache/Buckets/BulkDataList/8d/38/e19d4ad4d643e0956dedca78b24f64019c02.udd" 7630
"../../../Engine/Content/EngineMaterials/Substrate/GLints/dict_16_192_64_0p5_0p02_0022_0010.uasset" 7631
"C:/Users/zxxuh/AppData/Local/UnrealEngine/Common/DerivedDataCache/Buckets/BulkDataList/7f/5a/ee0a2a14541a01868996373a4e4bfe84e878.udd" 7632
"../../../Engine/Content/EngineMaterials/Substrate/GLints/dict_16_192_64_0p5_0p02_0011_0006.uasset" 7633
"C:/Users/zxxuh/AppData/Local/UnrealEngine/Common/DerivedDataCache/Buckets/BulkDataList/83/70/b93d576af02c62c2679a5972d33be3977d54.udd" 7634
"../../../Engine/Content/EngineMaterials/Substrate/GLints/dict_16_192_64_0p5_0p02_0014_0000.uasset" 7635
"C:/Users/zxxuh/AppData/Local/UnrealEngine/Common/DerivedDataCache/Buckets/BulkDataList/ba/b1/adbd4ee3d498c693c61ae12642e6b381d154.udd" 7636
"C:/Users/zxxuh/AppData/Local/UnrealEngine/Common/DerivedDataCache/Buckets/BulkDataList/56/f9/5c1ee0937ab903206648dc696abc82c964af.udd" 7637
"C:/Users/zxxuh/AppData/Local/UnrealEngine/Common/DerivedDataCache/Buckets/BulkDataList/e9/36/167ac642de05a4896daa6efa430f72988456.udd" 7638
"C:/Users/zxxuh/AppData/Local/UnrealEngine/Common/DerivedDataCache/Buckets/BulkDataList/9f/18/7fd957d7295cb5140770cb0608690b3c4ffd.udd" 7639
"C:/Users/zxxuh/AppData/Local/UnrealEngine/Common/DerivedDataCache/Buckets/BulkDataList/7a/46/7ca23bba07bc341f440878f50a5a09d19290.udd" 7640
"C:/Users/zxxuh/AppData/Local/UnrealEngine/Common/DerivedDataCache/Buckets/BulkDataList/16/a3/f8b6598eae2371a31740e9795d9557e8d1be.udd" 7641
"C:/Users/zxxuh/AppData/Local/UnrealEngine/Common/DerivedDataCache/Buckets/BulkDataList/97/d0/c4f3fc06aca4a90fee0f2ac6e691fe356378.udd" 7642
"C:/Users/zxxuh/AppData/Local/UnrealEngine/Common/DerivedDataCache/Buckets/BulkDataList/26/50/6fbd4199b9c86afefa48306d9d89dad670a1.udd" 7643
"C:/Users/zxxuh/AppData/Local/UnrealEngine/Common/DerivedDataCache/Buckets/BulkDataList/a8/4a/f6862c292542c749257d702bc3543d4cba42.udd" 7644
"C:/Users/zxxuh/AppData/Local/UnrealEngine/Common/DerivedDataCache/Buckets/BulkDataList/e6/f8/e2d7f5c8b387f7ddfb6902bdc3c8e615cad1.udd" 7645
"C:/Users/zxxuh/AppData/Local/UnrealEngine/Common/DerivedDataCache/Buckets/BulkDataList/af/f9/250675cc9790f9b85cfc5d7ff9a4b778df95.udd" 7646
"C:/Users/zxxuh/AppData/Local/UnrealEngine/Common/DerivedDataCache/Buckets/BulkDataList/3c/e9/e96b5e466aa035d21d50c729a4004e6ca513.udd" 7647
"C:/Users/zxxuh/AppData/Local/UnrealEngine/Common/DerivedDataCache/Buckets/BulkDataList/88/45/4d4052b270ef46809a8abed76b8ea329cacc.udd" 7648
"C:/Users/zxxuh/AppData/Local/UnrealEngine/Common/DerivedDataCache/Buckets/BulkDataList/54/da/38168a45d36155742c73906f20ba124cff15.udd" 7649
"C:/Users/zxxuh/AppData/Local/UnrealEngine/Common/DerivedDataCache/Buckets/BulkDataList/88/1a/4d677eeb18388a041009acd154be10df3bf2.udd" 7650
"C:/Users/zxxuh/AppData/Local/UnrealEngine/Common/DerivedDataCache/Buckets/BulkDataList/c4/0e/e587e92996e6f31a1fd1006efd6814dfabfe.udd" 7651
"C:/Users/zxxuh/AppData/Local/UnrealEngine/Common/DerivedDataCache/Buckets/BulkDataList/c1/62/a1885e53635ba0e910979c017d371dee30cb.udd" 7652
"C:/Users/zxxuh/AppData/Local/UnrealEngine/Common/DerivedDataCache/Buckets/BulkDataList/c3/53/0d658e019cfd3a7df40d0a0a44637dfbd0a7.udd" 7653
"C:/Users/zxxuh/AppData/Local/UnrealEngine/Common/DerivedDataCache/Buckets/BulkDataList/fc/e1/261ae228f7602a8af74b67152827a1b1e9a3.udd" 7654
"C:/Users/zxxuh/AppData/Local/UnrealEngine/Common/DerivedDataCache/Buckets/BulkDataList/4e/37/025c1a5c07d75963940c2e277cae418a60de.udd" 7655
"C:/Users/zxxuh/AppData/Local/UnrealEngine/Common/DerivedDataCache/Buckets/BulkDataList/dc/e0/b9cf42c978780f88ac84e57b9a06a7d00b31.udd" 7656
"C:/Users/zxxuh/AppData/Local/UnrealEngine/Common/DerivedDataCache/Buckets/BulkDataList/61/f2/8766c366e749f854b3aeb607afec7916a70b.udd" 7657
"C:/Users/zxxuh/AppData/Local/UnrealEngine/Common/DerivedDataCache/Buckets/BulkDataList/87/d8/53598d657456e24f23767da42e9126135d1b.udd" 7658
"C:/Users/zxxuh/AppData/Local/UnrealEngine/Common/DerivedDataCache/Buckets/BulkDataList/bd/de/21a1e7cf06d22397e2d97d09b0bad83d26a6.udd" 7659
"../../../Engine/Content/EngineMaterials/Substrate/GLints/dict_16_192_64_0p5_0p02_0053_0001.uasset" 7660
"../../../Engine/Content/EngineMaterials/Substrate/GLints/dict_16_192_64_0p5_0p02_0061_0006.uasset" 7661
"../../../Engine/Content/EngineMaterials/Substrate/GLints/dict_16_192_64_0p5_0p02_0046_0014.uasset" 7662
"../../../Engine/Content/EngineMaterials/Substrate/GLints/dict_16_192_64_0p5_0p02_0058_0005.uasset" 7663
"../../../Engine/Content/EngineMaterials/Substrate/GLints/dict_16_192_64_0p5_0p02_0044_0008.uasset" 7664
"../../../Engine/Content/EngineMaterials/Substrate/GLints/dict_16_192_64_0p5_0p02_0044_0005.uasset" 7665
"../../../Engine/Content/EngineMaterials/Substrate/GLints/dict_16_192_64_0p5_0p02_0006_0015.uasset" 7666
"../../../Engine/Content/EngineMaterials/Substrate/GLints/dict_16_192_64_0p5_0p02_0046_0006.uasset" 7667
"../../../Engine/Content/EngineMaterials/Substrate/GLints/dict_16_192_64_0p5_0p02_0042_0004.uasset" 7668
"../../../Engine/Content/EngineMaterials/Substrate/GLints/dict_16_192_64_0p5_0p02_0043_0009.uasset" 7669
"../../../Engine/Content/EngineMaterials/Substrate/GLints/dict_16_192_64_0p5_0p02_0034_0001.uasset" 7670
"../../../Engine/Content/EngineMaterials/Substrate/GLints/dict_16_192_64_0p5_0p02_0037_0002.uasset" 7671
"../../../Engine/Content/EngineMaterials/Substrate/GLints/dict_16_192_64_0p5_0p02_0051_0003.uasset" 7672
"../../../Engine/Content/EngineMaterials/Substrate/GLints/dict_16_192_64_0p5_0p02_0063_0014.uasset" 7673
"../../../Engine/Content/EngineMaterials/Substrate/GLints/dict_16_192_64_0p5_0p02_0002_0008.uasset" 7674
"../../../Engine/Content/EngineMaterials/Substrate/GLints/dict_16_192_64_0p5_0p02_0055_0004.uasset" 7675
"../../../Engine/Content/EngineMaterials/Substrate/GLints/dict_16_192_64_0p5_0p02_0045_0008.uasset" 7676
"../../../Engine/Content/EngineMaterials/Substrate/GLints/dict_16_192_64_0p5_0p02_0046_0011.uasset" 7677
"../../../Engine/Content/EngineMaterials/Substrate/GLints/dict_16_192_64_0p5_0p02_0031_0010.uasset" 7678
"../../../Engine/Content/EngineMaterials/Substrate/GLints/dict_16_192_64_0p5_0p02_0042_0012.uasset" 7679
"../../../Engine/Content/EngineMaterials/Substrate/GLints/dict_16_192_64_0p5_0p02_0057_0005.uasset" 7680
"../../../Engine/Content/EngineMaterials/Substrate/GLints/dict_16_192_64_0p5_0p02_0028_0000.uasset" 7681
"../../../Engine/Content/EngineMaterials/Substrate/GLints/dict_16_192_64_0p5_0p02_0001_0011.uasset" 7682
"../../../Engine/Content/EngineMaterials/Substrate/GLints/dict_16_192_64_0p5_0p02_0016_0000.uasset" 7683
"C:/Users/zxxuh/AppData/Local/UnrealEngine/Common/DerivedDataCache/Buckets/BulkDataList/7d/4b/2cb8cdf0e1f37aa212a54802f609b67ca5ae.udd" 7684
"../../../Engine/Content/EngineMaterials/Substrate/GLints/dict_16_192_64_0p5_0p02_0016_0004.uasset" 7685
"C:/Users/zxxuh/AppData/Local/UnrealEngine/Common/DerivedDataCache/Buckets/BulkDataList/7a/cc/4fb8c94b3bdeebc054f89cf512c70302f38d.udd" 7686
"../../../Engine/Content/EngineMaterials/Substrate/GLints/dict_16_192_64_0p5_0p02_0014_0015.uasset" 7687
"C:/Users/zxxuh/AppData/Local/UnrealEngine/Common/DerivedDataCache/Buckets/BulkDataList/c4/0a/b2fd8345d549317eb324f5bedaf5e79dfdd8.udd" 7688
"../../../Engine/Content/EngineMaterials/Substrate/GLints/dict_16_192_64_0p5_0p02_0056_0007.uasset" 7689
"C:/Users/zxxuh/AppData/Local/UnrealEngine/Common/DerivedDataCache/Buckets/BulkDataList/20/4d/870fdc63ecdcfbce41bbeb4d149561250430.udd" 7690
"../../../Engine/Content/EngineMaterials/Substrate/GLints/dict_16_192_64_0p5_0p02_0041_0015.uasset" 7691
"C:/Users/zxxuh/AppData/Local/UnrealEngine/Common/DerivedDataCache/Buckets/BulkDataList/bb/66/7179c4ff77f9c7c9e2775d27eeb5a4aba8de.udd" 7692
"../../../Engine/Content/EngineMaterials/Substrate/GLints/dict_16_192_64_0p5_0p02_0004_0004.uasset" 7693
"C:/Users/zxxuh/AppData/Local/UnrealEngine/Common/DerivedDataCache/Buckets/BulkDataList/a3/13/da75db5710fd1d623bbc8a1f1e5c78930a2d.udd" 7694
"../../../Engine/Content/EngineMaterials/Substrate/GLints/dict_16_192_64_0p5_0p02_0028_0001.uasset" 7695
"../../../Engine/Content/EngineMaterials/Substrate/GLints/dict_16_192_64_0p5_0p02_0035_0015.uasset" 7696
"C:/Users/zxxuh/AppData/Local/UnrealEngine/Common/DerivedDataCache/Buckets/BulkDataList/3e/5a/d67bdcff9e554f0b120e0ffd644f9d6b9b5b.udd" 7697
"C:/Users/zxxuh/AppData/Local/UnrealEngine/Common/DerivedDataCache/Buckets/BulkDataList/ea/dc/96f2861ecd4c3b0d69725a6f848f45786e3e.udd" 7698
"../../../Engine/Content/EngineMaterials/Substrate/GLints/dict_16_192_64_0p5_0p02_0055_0003.uasset" 7699
"C:/Users/zxxuh/AppData/Local/UnrealEngine/Common/DerivedDataCache/Buckets/BulkDataList/6c/f8/734c4a7518a536062f5d53239c13cb582c35.udd" 7700
"C:/Users/zxxuh/AppData/Local/UnrealEngine/Common/DerivedDataCache/Buckets/BulkDataList/c2/2f/be549b56dacf8ab23ba5b23fc39124bdfce8.udd" 7701
"C:/Users/zxxuh/AppData/Local/UnrealEngine/Common/DerivedDataCache/Buckets/BulkDataList/43/a0/f0fdef42ca0538055c1487a86f083e4159d1.udd" 7702
"C:/Users/zxxuh/AppData/Local/UnrealEngine/Common/DerivedDataCache/Buckets/BulkDataList/80/d4/8d969f693fd0f7b7acd51b8e41cbfeff2cba.udd" 7703
"C:/Users/zxxuh/AppData/Local/UnrealEngine/Common/DerivedDataCache/Buckets/BulkDataList/70/ab/73fcd988294291efec9ca35bb8061bf5da25.udd" 7704
"C:/Users/zxxuh/AppData/Local/UnrealEngine/Common/DerivedDataCache/Buckets/BulkDataList/21/ba/7ed910172a24c1dccd93419a1982d0991341.udd" 7705
"C:/Users/zxxuh/AppData/Local/UnrealEngine/Common/DerivedDataCache/Buckets/BulkDataList/74/1c/e413b36101cf8d87e7e4331bf69c6e8ab2e9.udd" 7706
"C:/Users/zxxuh/AppData/Local/UnrealEngine/Common/DerivedDataCache/Buckets/BulkDataList/cf/50/7d914bb4d3011f7ff6381aa2b54b3f078cd8.udd" 7707
"C:/Users/zxxuh/AppData/Local/UnrealEngine/Common/DerivedDataCache/Buckets/BulkDataList/e1/ca/c200165cc9b33756ba90a8951f25dafce868.udd" 7708
"C:/Users/zxxuh/AppData/Local/UnrealEngine/Common/DerivedDataCache/Buckets/BulkDataList/3a/85/5950152e52da7cc847fe7372bcaefb5678ac.udd" 7709
"C:/Users/zxxuh/AppData/Local/UnrealEngine/Common/DerivedDataCache/Buckets/BulkDataList/f3/18/3e75e95bc10981e71c906abfe7e566ecf9ce.udd" 7710
"C:/Users/zxxuh/AppData/Local/UnrealEngine/Common/DerivedDataCache/Buckets/BulkDataList/25/50/b06aa36777b5ef3359afa9fe2c5c2ca8c559.udd" 7711
"C:/Users/zxxuh/AppData/Local/UnrealEngine/Common/DerivedDataCache/Buckets/BulkDataList/4b/d4/72559d1397e462813210a5288bf5d1b7be02.udd" 7712
"C:/Users/zxxuh/AppData/Local/UnrealEngine/Common/DerivedDataCache/Buckets/BulkDataList/e7/cc/99ef106925a103254b2eaefb19131119ee06.udd" 7713
"C:/Users/zxxuh/AppData/Local/UnrealEngine/Common/DerivedDataCache/Buckets/BulkDataList/89/21/1cbdeb0aef088a45c10f8b3e8dfa62fcf7b0.udd" 7714
"C:/Users/zxxuh/AppData/Local/UnrealEngine/Common/DerivedDataCache/Buckets/BulkDataList/9f/00/161393ca8e1526c12e163554c7f3d6a4aff0.udd" 7715
"C:/Users/zxxuh/AppData/Local/UnrealEngine/Common/DerivedDataCache/Buckets/BulkDataList/b8/2a/6b43f9c1553f2a68efc214eca86930608785.udd" 7716
"C:/Users/zxxuh/AppData/Local/UnrealEngine/Common/DerivedDataCache/Buckets/BulkDataList/1e/59/77a6fa88fff6ecf6611663bdb4421174a591.udd" 7717
"C:/Users/zxxuh/AppData/Local/UnrealEngine/Common/DerivedDataCache/Buckets/BulkDataList/85/b9/1cc8b574a64b94b7ac78526525c9d4d2b644.udd" 7718
"C:/Users/zxxuh/AppData/Local/UnrealEngine/Common/DerivedDataCache/Buckets/BulkDataList/a9/3c/6f59c17521bd175879d7ca18fb28a598840a.udd" 7719
"C:/Users/zxxuh/AppData/Local/UnrealEngine/Common/DerivedDataCache/Buckets/BulkDataList/31/ad/dcb1764fcb75058ef0eaec76cdfd4bdd7a8a.udd" 7720
"C:/Users/zxxuh/AppData/Local/UnrealEngine/Common/DerivedDataCache/Buckets/BulkDataList/31/73/8ec389da176449ecf84b423cb701e2d8163d.udd" 7721
"C:/Users/zxxuh/AppData/Local/UnrealEngine/Common/DerivedDataCache/Buckets/BulkDataList/f9/e2/554e8d9fbaaab0da26035f428d310909526d.udd" 7722
"C:/Users/zxxuh/AppData/Local/UnrealEngine/Common/DerivedDataCache/Buckets/BulkDataList/07/5c/65018c68548e2d59b0ad8ad0d2d2fda9cadf.udd" 7723
"../../../Engine/Content/EngineMaterials/Substrate/GLints/dict_16_192_64_0p5_0p02_0010_0008.uasset" 7724
"../../../Engine/Content/EngineMaterials/Substrate/GLints/dict_16_192_64_0p5_0p02_0012_0015.uasset" 7725
"../../../Engine/Content/EngineMaterials/Substrate/GLints/dict_16_192_64_0p5_0p02_0001_0002.uasset" 7726
"../../../Engine/Content/EngineMaterials/Substrate/GLints/dict_16_192_64_0p5_0p02_0026_0002.uasset" 7727
"../../../Engine/Content/EngineMaterials/Substrate/GLints/dict_16_192_64_0p5_0p02_0009_0003.uasset" 7728
"../../../Engine/Content/EngineMaterials/Substrate/GLints/dict_16_192_64_0p5_0p02_0054_0007.uasset" 7729
"../../../Engine/Content/EngineMaterials/Substrate/GLints/dict_16_192_64_0p5_0p02_0022_0004.uasset" 7730
"../../../Engine/Content/EngineMaterials/Substrate/GLints/dict_16_192_64_0p5_0p02_0056_0013.uasset" 7731
"../../../Engine/Content/EngineMaterials/Substrate/GLints/dict_16_192_64_0p5_0p02_0010_0006.uasset" 7732
"../../../Engine/Content/EngineMaterials/Substrate/GLints/dict_16_192_64_0p5_0p02_0010_0003.uasset" 7733
"../../../Engine/Content/EngineMaterials/Substrate/GLints/dict_16_192_64_0p5_0p02_0061_0014.uasset" 7734
"../../../Engine/Content/EngineMaterials/Substrate/GLints/dict_16_192_64_0p5_0p02_0063_0007.uasset" 7735
"../../../Engine/Content/EngineMaterials/Substrate/GLints/dict_16_192_64_0p5_0p02_0004_0000.uasset" 7736
"../../../Engine/Content/EngineMaterials/Substrate/GLints/dict_16_192_64_0p5_0p02_0033_0005.uasset" 7737
"../../../Engine/Content/EngineMaterials/Substrate/GLints/dict_16_192_64_0p5_0p02_0008_0004.uasset" 7738
"../../../Engine/Content/EngineMaterials/Substrate/GLints/dict_16_192_64_0p5_0p02_0027_0008.uasset" 7739
"../../../Engine/Content/EngineMaterials/Substrate/GLints/dict_16_192_64_0p5_0p02_0050_0001.uasset" 7740
"../../../Engine/Content/EngineMaterials/Substrate/GLints/dict_16_192_64_0p5_0p02_0062_0011.uasset" 7741
"../../../Engine/Content/EngineMaterials/Substrate/GLints/dict_16_192_64_0p5_0p02_0050_0003.uasset" 7742
"../../../Engine/Content/EngineMaterials/Substrate/GLints/dict_16_192_64_0p5_0p02_0020_0009.uasset" 7743
"../../../Engine/Content/EngineMaterials/Substrate/GLints/dict_16_192_64_0p5_0p02_0025_0015.uasset" 7744
"../../../Engine/Content/EngineMaterials/Substrate/GLints/dict_16_192_64_0p5_0p02_0019_0007.uasset" 7745
"../../../Engine/Content/EngineMaterials/Substrate/GLints/dict_16_192_64_0p5_0p02_0041_0001.uasset" 7746
"../../../Engine/Content/EngineMaterials/Substrate/GLints/dict_16_192_64_0p5_0p02_0025_0014.uasset" 7747
"C:/Users/zxxuh/AppData/Local/UnrealEngine/Common/DerivedDataCache/Buckets/BulkDataList/e2/ea/af392a9f007df13259a3c12f0067cd292405.udd" 7748
"../../../Engine/Content/EngineMaterials/Substrate/GLints/dict_16_192_64_0p5_0p02_0010_0011.uasset" 7749
"C:/Users/zxxuh/AppData/Local/UnrealEngine/Common/DerivedDataCache/Buckets/BulkDataList/53/b4/d44552c7286efeb9f64f132f83ec77b2891d.udd" 7750
"../../../Engine/Content/EngineMaterials/Substrate/GLints/dict_16_192_64_0p5_0p02_0010_0004.uasset" 7751
"C:/Users/zxxuh/AppData/Local/UnrealEngine/Common/DerivedDataCache/Buckets/BulkDataList/db/78/e9f3b37ecafe116b59a48b4c7493f4ce0963.udd" 7752
"../../../Engine/Content/EngineMaterials/Substrate/GLints/dict_16_192_64_0p5_0p02_0033_0009.uasset" 7753
"C:/Users/zxxuh/AppData/Local/UnrealEngine/Common/DerivedDataCache/Buckets/BulkDataList/a0/c1/fdadcfb11590a936a98c52a08fa2945c6e47.udd" 7754
"../../../Engine/Content/EngineMaterials/Substrate/GLints/dict_16_192_64_0p5_0p02_0033_0003.uasset" 7755
"C:/Users/zxxuh/AppData/Local/UnrealEngine/Common/DerivedDataCache/Buckets/BulkDataList/a1/8c/d7714364f9fc25b00bab36672c72bdb8e953.udd" 7756
"../../../Engine/Content/EngineMaterials/Substrate/GLints/dict_16_192_64_0p5_0p02_0005_0009.uasset" 7757
"C:/Users/zxxuh/AppData/Local/UnrealEngine/Common/DerivedDataCache/Buckets/BulkDataList/b6/c6/654d6a7cb9597103809e4067b4ecd1d42164.udd" 7758
"../../../Engine/Content/EngineMaterials/Substrate/GLints/dict_16_192_64_0p5_0p02_0059_0014.uasset" 7759
"../../../Engine/Content/EngineMaterials/Substrate/GLints/dict_16_192_64_0p5_0p02_0056_0012.uasset" 7760
"C:/Users/zxxuh/AppData/Local/UnrealEngine/Common/DerivedDataCache/Buckets/BulkDataList/d7/61/8eb09603656de6e57f2c3a594065e9dd6aa0.udd" 7761
"C:/Users/zxxuh/AppData/Local/UnrealEngine/Common/DerivedDataCache/Buckets/BulkDataList/85/80/dc6d6c19aeb0e22627fe1bcced54b1e180cd.udd" 7762
"../../../Engine/Content/EngineMaterials/Substrate/GLints/dict_16_192_64_0p5_0p02_0055_0005.uasset" 7763
"C:/Users/zxxuh/AppData/Local/UnrealEngine/Common/DerivedDataCache/Buckets/BulkDataList/fe/b2/be00b315ff00e3b0de2e3e004ea09da50ce6.udd" 7764
"C:/Users/zxxuh/AppData/Local/UnrealEngine/Common/DerivedDataCache/Buckets/BulkDataList/25/0e/128d75e201d420c0da68444be8c8f1253122.udd" 7765
"C:/Users/zxxuh/AppData/Local/UnrealEngine/Common/DerivedDataCache/Buckets/BulkDataList/d6/0d/4b31e0494d8401f9b8629380527ab134aded.udd" 7766
"C:/Users/zxxuh/AppData/Local/UnrealEngine/Common/DerivedDataCache/Buckets/BulkDataList/4b/48/bb5340a10ed655ce1458a630c6fd0822a0b3.udd" 7767
"C:/Users/zxxuh/AppData/Local/UnrealEngine/Common/DerivedDataCache/Buckets/BulkDataList/fb/3c/5e72f82c4f75ecfae0b0712298b09281e80e.udd" 7768
"C:/Users/zxxuh/AppData/Local/UnrealEngine/Common/DerivedDataCache/Buckets/BulkDataList/ea/d6/ad58727d3e6381794fd48ab9e839db50996d.udd" 7769
"C:/Users/zxxuh/AppData/Local/UnrealEngine/Common/DerivedDataCache/Buckets/BulkDataList/72/3d/25728ac50776628780972ad87af69d868f91.udd" 7770
"C:/Users/zxxuh/AppData/Local/UnrealEngine/Common/DerivedDataCache/Buckets/BulkDataList/04/0b/3256525a0151bc2811a3ac394cee42bca692.udd" 7771
"C:/Users/zxxuh/AppData/Local/UnrealEngine/Common/DerivedDataCache/Buckets/BulkDataList/1f/60/62000d94b9bcf696193c769831de925aaccf.udd" 7772
"C:/Users/zxxuh/AppData/Local/UnrealEngine/Common/DerivedDataCache/Buckets/BulkDataList/b0/fd/580ba459bb020de7e795ae22b24ec7184c59.udd" 7773
"C:/Users/zxxuh/AppData/Local/UnrealEngine/Common/DerivedDataCache/Buckets/BulkDataList/77/82/ee453bf6bf0640a51ea4c263111fe84bb593.udd" 7774
"C:/Users/zxxuh/AppData/Local/UnrealEngine/Common/DerivedDataCache/Buckets/BulkDataList/78/92/5a96c67d434b35c3ff2e69bbb96bbf9fc882.udd" 7775
"C:/Users/zxxuh/AppData/Local/UnrealEngine/Common/DerivedDataCache/Buckets/BulkDataList/97/fe/e8fdd0d43d1bf87d93297dfd154aff8ffb74.udd" 7776
"C:/Users/zxxuh/AppData/Local/UnrealEngine/Common/DerivedDataCache/Buckets/BulkDataList/7b/67/e22802dfe370ef5030c7faea624a6184ef12.udd" 7777
"C:/Users/zxxuh/AppData/Local/UnrealEngine/Common/DerivedDataCache/Buckets/BulkDataList/84/10/1acb2775ebf78aa65472e6d542194f21bae7.udd" 7778
"C:/Users/zxxuh/AppData/Local/UnrealEngine/Common/DerivedDataCache/Buckets/BulkDataList/68/71/b428dddcf454d934976769e8324971af022b.udd" 7779
"C:/Users/zxxuh/AppData/Local/UnrealEngine/Common/DerivedDataCache/Buckets/BulkDataList/3a/8c/6c7822cdfb7bce37d4b05cba1c536abb3911.udd" 7780
"C:/Users/zxxuh/AppData/Local/UnrealEngine/Common/DerivedDataCache/Buckets/BulkDataList/44/0f/68a4acafb8871592e83067b434ce17733203.udd" 7781
"C:/Users/zxxuh/AppData/Local/UnrealEngine/Common/DerivedDataCache/Buckets/BulkDataList/c4/f8/7f6b1cd0c645c5939e407f727261626bf9a6.udd" 7782
"C:/Users/zxxuh/AppData/Local/UnrealEngine/Common/DerivedDataCache/Buckets/BulkDataList/06/6a/5adb903fc99effa2b8714452615d8e9c0519.udd" 7783
"C:/Users/zxxuh/AppData/Local/UnrealEngine/Common/DerivedDataCache/Buckets/BulkDataList/65/a4/352e478a6dd63216edf269be603751fcd75b.udd" 7784
"C:/Users/zxxuh/AppData/Local/UnrealEngine/Common/DerivedDataCache/Buckets/BulkDataList/e9/84/246c4b82f7ab4d8b88940c55be431c7b0a7b.udd" 7785
"C:/Users/zxxuh/AppData/Local/UnrealEngine/Common/DerivedDataCache/Buckets/BulkDataList/06/19/ed372f80a3dd48ba35fae228eeb83da53870.udd" 7786
"C:/Users/zxxuh/AppData/Local/UnrealEngine/Common/DerivedDataCache/Buckets/BulkDataList/94/63/7ab516d95004a803cbf1c26f8e391c6c8a92.udd" 7787
"../../../Engine/Content/EngineMaterials/Substrate/GLints/dict_16_192_64_0p5_0p02_0023_0002.uasset" 7788
"../../../Engine/Content/EngineMaterials/Substrate/GLints/dict_16_192_64_0p5_0p02_0012_0004.uasset" 7789
"../../../Engine/Content/EngineMaterials/Substrate/GLints/dict_16_192_64_0p5_0p02_0048_0002.uasset" 7790
"../../../Engine/Content/EngineMaterials/Substrate/GLints/dict_16_192_64_0p5_0p02_0055_0006.uasset" 7791
"../../../Engine/Content/EngineMaterials/Substrate/GLints/dict_16_192_64_0p5_0p02_0032_0002.uasset" 7792
"../../../Engine/Content/EngineMaterials/Substrate/GLints/dict_16_192_64_0p5_0p02_0032_0014.uasset" 7793
"../../../Engine/Content/EngineMaterials/Substrate/GLints/dict_16_192_64_0p5_0p02_0030_0000.uasset" 7794
"../../../Engine/Content/EngineMaterials/Substrate/GLints/dict_16_192_64_0p5_0p02_0005_0000.uasset" 7795
"../../../Engine/Content/EngineMaterials/Substrate/GLints/dict_16_192_64_0p5_0p02_0059_0004.uasset" 7796
"../../../Engine/Content/EngineMaterials/Substrate/GLints/dict_16_192_64_0p5_0p02_0018_0001.uasset" 7797
"../../../Engine/Content/EngineMaterials/Substrate/GLints/dict_16_192_64_0p5_0p02_0028_0014.uasset" 7798
"../../../Engine/Content/EngineMaterials/Substrate/GLints/dict_16_192_64_0p5_0p02_0038_0015.uasset" 7799
"../../../Engine/Content/EngineMaterials/Substrate/GLints/dict_16_192_64_0p5_0p02_0014_0012.uasset" 7800
"../../../Engine/Content/EngineMaterials/Substrate/GLints/dict_16_192_64_0p5_0p02_0004_0001.uasset" 7801
"../../../Engine/Content/EngineMaterials/Substrate/GLints/dict_16_192_64_0p5_0p02_0018_0010.uasset" 7802
"../../../Engine/Content/EngineMaterials/Substrate/GLints/dict_16_192_64_0p5_0p02_0047_0001.uasset" 7803
"../../../Engine/Content/EngineMaterials/Substrate/GLints/dict_16_192_64_0p5_0p02_0013_0008.uasset" 7804
"../../../Engine/Content/EngineMaterials/Substrate/GLints/dict_16_192_64_0p5_0p02_0046_0004.uasset" 7805
"../../../Engine/Content/EngineMaterials/Substrate/GLints/dict_16_192_64_0p5_0p02_0044_0011.uasset" 7806
"../../../Engine/Content/EngineMaterials/Substrate/GLints/dict_16_192_64_0p5_0p02_0020_0013.uasset" 7807
"../../../Engine/Content/EngineMaterials/Substrate/GLints/dict_16_192_64_0p5_0p02_0013_0003.uasset" 7808
"../../../Engine/Content/EngineMaterials/Substrate/GLints/dict_16_192_64_0p5_0p02_0020_0010.uasset" 7809
"../../../Engine/Content/EngineMaterials/Substrate/GLints/dict_16_192_64_0p5_0p02_0034_0010.uasset" 7810
"../../../Engine/Content/EngineMaterials/Substrate/GLints/dict_16_192_64_0p5_0p02_0048_0004.uasset" 7811
"C:/Users/zxxuh/AppData/Local/UnrealEngine/Common/DerivedDataCache/Buckets/BulkDataList/6f/aa/0b7e26a5701d61b8a0de54137b48d94ac960.udd" 7812
"../../../Engine/Content/EngineMaterials/Substrate/GLints/dict_16_192_64_0p5_0p02_0003_0003.uasset" 7813
"C:/Users/zxxuh/AppData/Local/UnrealEngine/Common/DerivedDataCache/Buckets/BulkDataList/31/9b/8ecce7e53d18f92c23145cef2fd845fe93f4.udd" 7814
"../../../Engine/Content/EngineMaterials/Substrate/GLints/dict_16_192_64_0p5_0p02_0011_0014.uasset" 7815
"C:/Users/zxxuh/AppData/Local/UnrealEngine/Common/DerivedDataCache/Buckets/BulkDataList/10/66/92185d5b35cec4a5c0381965b41af656c3d1.udd" 7816
"../../../Engine/Content/EngineMaterials/Substrate/GLints/dict_16_192_64_0p5_0p02_0030_0003.uasset" 7817
"C:/Users/zxxuh/AppData/Local/UnrealEngine/Common/DerivedDataCache/Buckets/BulkDataList/f8/cf/66bc63f9c4b91ebe71df43ee50d414c64baa.udd" 7818
"../../../Engine/Content/EngineMaterials/Substrate/GLints/dict_16_192_64_0p5_0p02_0011_0002.uasset" 7819
"C:/Users/zxxuh/AppData/Local/UnrealEngine/Common/DerivedDataCache/Buckets/BulkDataList/d1/7d/38defeca6b3e3481367c845e3dc855545562.udd" 7820
"../../../Engine/Content/EngineMaterials/Substrate/GLints/dict_16_192_64_0p5_0p02_0028_0005.uasset" 7821
"C:/Users/zxxuh/AppData/Local/UnrealEngine/Common/DerivedDataCache/Buckets/BulkDataList/78/fa/ada7e046a0118c3d4f782abdd486a1dc5786.udd" 7822
"../../../Engine/Content/EngineMaterials/Substrate/GLints/dict_16_192_64_0p5_0p02_0020_0003.uasset" 7823
"C:/Users/zxxuh/AppData/Local/UnrealEngine/Common/DerivedDataCache/Buckets/BulkDataList/04/10/2adecaeb4c99ed6f44994e2c0b99a39da292.udd" 7824
"../../../Engine/Content/EngineMaterials/Substrate/GLints/dict_16_192_64_0p5_0p02_0012_0005.uasset" 7825
"C:/Users/zxxuh/AppData/Local/UnrealEngine/Common/DerivedDataCache/Buckets/BulkDataList/89/db/ed9a721c9d585b5447681b580f6dd551e1e8.udd" 7826
"../../../Engine/Content/EngineMaterials/Substrate/GLints/dict_16_192_64_0p5_0p02_0008_0015.uasset" 7827
"C:/Users/zxxuh/AppData/Local/UnrealEngine/Common/DerivedDataCache/Buckets/BulkDataList/89/c2/c290dc3ed90ebab202c48f18a8eec551468b.udd" 7828
"C:/Users/zxxuh/AppData/Local/UnrealEngine/Common/DerivedDataCache/Buckets/BulkDataList/7c/e9/eb7bc96dddb80c022d02997c3eed24c1ce6d.udd" 7829
"C:/Users/zxxuh/AppData/Local/UnrealEngine/Common/DerivedDataCache/Buckets/BulkDataList/e0/9a/a2b761e6ac603b73e9b0bada1ac7fd8ca923.udd" 7830
"C:/Users/zxxuh/AppData/Local/UnrealEngine/Common/DerivedDataCache/Buckets/BulkDataList/96/c2/b6d246de1ae27cd6dbc7c4a85d3a20a87063.udd" 7831
"C:/Users/zxxuh/AppData/Local/UnrealEngine/Common/DerivedDataCache/Buckets/BulkDataList/2c/a6/6c74197db38e8d18e37b0ea68286252dab93.udd" 7832
"C:/Users/zxxuh/AppData/Local/UnrealEngine/Common/DerivedDataCache/Buckets/BulkDataList/d3/08/5003aae86b5c43ad6b139fe4c82912bb1016.udd" 7833
"C:/Users/zxxuh/AppData/Local/UnrealEngine/Common/DerivedDataCache/Buckets/BulkDataList/9d/ea/6f07e27159504e5121ac32d9b31ede09f2c7.udd" 7834
"C:/Users/zxxuh/AppData/Local/UnrealEngine/Common/DerivedDataCache/Buckets/BulkDataList/ba/22/ce92f9f748a4c024e2fbc93b216fb7bc52d0.udd" 7835
"C:/Users/zxxuh/AppData/Local/UnrealEngine/Common/DerivedDataCache/Buckets/BulkDataList/8b/af/3391ab55bb4a9f3f51497eeedda5fd8fdd38.udd" 7836
"C:/Users/zxxuh/AppData/Local/UnrealEngine/Common/DerivedDataCache/Buckets/BulkDataList/8d/03/fd5d335cc7e2594e3270d1458511c2400699.udd" 7837
"C:/Users/zxxuh/AppData/Local/UnrealEngine/Common/DerivedDataCache/Buckets/BulkDataList/b5/12/9a895a77764aa2f195ee304285a8d1ce6b47.udd" 7838
"C:/Users/zxxuh/AppData/Local/UnrealEngine/Common/DerivedDataCache/Buckets/BulkDataList/63/19/db78bbef7426a204f1a505380b8356659597.udd" 7839
"C:/Users/zxxuh/AppData/Local/UnrealEngine/Common/DerivedDataCache/Buckets/BulkDataList/51/09/1b28e58426f2ff1b41f0400ce553187c72c8.udd" 7840
"C:/Users/zxxuh/AppData/Local/UnrealEngine/Common/DerivedDataCache/Buckets/BulkDataList/f1/62/604e771bf3652e3ae11b576b4b84060fd37f.udd" 7841
"C:/Users/zxxuh/AppData/Local/UnrealEngine/Common/DerivedDataCache/Buckets/BulkDataList/8b/10/9315e69933ce302879f7384dfceb3e1e2537.udd" 7842
"C:/Users/zxxuh/AppData/Local/UnrealEngine/Common/DerivedDataCache/Buckets/BulkDataList/7b/f3/d0a4df360370fae20d92f14a3ee6030838c7.udd" 7843
"C:/Users/zxxuh/AppData/Local/UnrealEngine/Common/DerivedDataCache/Buckets/BulkDataList/25/ad/2822248ab4541717a9f3d4b8c19da329468e.udd" 7844
"C:/Users/zxxuh/AppData/Local/UnrealEngine/Common/DerivedDataCache/Buckets/BulkDataList/30/bc/2bd435a7fe9c0c061be9b72db2adffe79e84.udd" 7845
"C:/Users/zxxuh/AppData/Local/UnrealEngine/Common/DerivedDataCache/Buckets/BulkDataList/01/9e/3028de44c477aa3b057d5a3a2e732b002357.udd" 7846
"C:/Users/zxxuh/AppData/Local/UnrealEngine/Common/DerivedDataCache/Buckets/BulkDataList/51/f8/16393302c148dd44e1003af666bc2e7c2d5e.udd" 7847
"C:/Users/zxxuh/AppData/Local/UnrealEngine/Common/DerivedDataCache/Buckets/BulkDataList/29/cb/3cd2aafe4b573bbf86b2256b7d9d822cbfb6.udd" 7848
"C:/Users/zxxuh/AppData/Local/UnrealEngine/Common/DerivedDataCache/Buckets/BulkDataList/c5/b9/a28b838bf887da30278f4884f00ea79827e2.udd" 7849
"C:/Users/zxxuh/AppData/Local/UnrealEngine/Common/DerivedDataCache/Buckets/BulkDataList/bc/04/782a9ee0acd67915868b5c41e937d4e40cf1.udd" 7850
"C:/Users/zxxuh/AppData/Local/UnrealEngine/Common/DerivedDataCache/Buckets/BulkDataList/3b/ec/edd870978e0ea06ff3f4fe7ca5a2954d5fab.udd" 7851
"../../../Engine/Content/EngineMaterials/Substrate/GLints/dict_16_192_64_0p5_0p02_0013_0012.uasset" 7852
"../../../Engine/Content/EngineMaterials/Substrate/GLints/dict_16_192_64_0p5_0p02_0024_0002.uasset" 7853
"../../../Engine/Content/EngineMaterials/Substrate/GLints/dict_16_192_64_0p5_0p02_0051_0013.uasset" 7854
"../../../Engine/Content/EngineMaterials/Substrate/GLints/dict_16_192_64_0p5_0p02_0011_0007.uasset" 7855
"../../../Engine/Content/EngineMaterials/Substrate/GLints/dict_16_192_64_0p5_0p02_0003_0010.uasset" 7856
"../../../Engine/Content/EngineMaterials/Substrate/GLints/dict_16_192_64_0p5_0p02_0003_0001.uasset" 7857
"../../../Engine/Content/EngineMaterials/Substrate/GLints/dict_16_192_64_0p5_0p02_0001_0008.uasset" 7858
"../../../Engine/Content/EngineMaterials/Substrate/GLints/dict_16_192_64_0p5_0p02_0038_0006.uasset" 7859
"../../../Engine/Content/EngineMaterials/Substrate/GLints/dict_16_192_64_0p5_0p02_0029_0011.uasset" 7860
"../../../Engine/Content/EngineMaterials/Substrate/GLints/dict_16_192_64_0p5_0p02_0029_0000.uasset" 7861
"../../../Engine/Content/EngineMaterials/Substrate/GLints/dict_16_192_64_0p5_0p02_0008_0012.uasset" 7862
"../../../Engine/Content/EngineMaterials/Substrate/GLints/dict_16_192_64_0p5_0p02_0017_0007.uasset" 7863
"../../../Engine/Content/EngineMaterials/Substrate/GLints/dict_16_192_64_0p5_0p02_0051_0006.uasset" 7864
"../../../Engine/Content/EngineMaterials/Substrate/GLints/dict_16_192_64_0p5_0p02_0024_0012.uasset" 7865
"../../../Engine/Content/EngineMaterials/Substrate/GLints/dict_16_192_64_0p5_0p02_0030_0008.uasset" 7866
"../../../Engine/Content/EngineMaterials/Substrate/GLints/dict_16_192_64_0p5_0p02_0040_0000.uasset" 7867
"../../../Engine/Content/EngineMaterials/Substrate/GLints/dict_16_192_64_0p5_0p02_0054_0010.uasset" 7868
"../../../Engine/Content/EngineMaterials/Substrate/GLints/dict_16_192_64_0p5_0p02_0021_0003.uasset" 7869
"../../../Engine/Content/EngineMaterials/Substrate/GLints/dict_16_192_64_0p5_0p02_0012_0007.uasset" 7870
"../../../Engine/Content/EngineMaterials/Substrate/GLints/dict_16_192_64_0p5_0p02_0054_0003.uasset" 7871
"../../../Engine/Content/EngineMaterials/Substrate/GLints/dict_16_192_64_0p5_0p02_0054_0001.uasset" 7872
"../../../Engine/Content/EngineMaterials/Substrate/GLints/dict_16_192_64_0p5_0p02_0060_0008.uasset" 7873
"../../../Engine/Content/EngineMaterials/Substrate/GLints/dict_16_192_64_0p5_0p02_0063_0010.uasset" 7874
"../../../Engine/Content/EngineMaterials/Substrate/GLints/dict_16_192_64_0p5_0p02_0037_0013.uasset" 7875
"C:/Users/zxxuh/AppData/Local/UnrealEngine/Common/DerivedDataCache/Buckets/BulkDataList/2a/c7/17a251343fa33f7930fea062d491f1392eec.udd" 7876
"../../../Engine/Content/EngineMaterials/Substrate/GLints/dict_16_192_64_0p5_0p02_0061_0003.uasset" 7877
"C:/Users/zxxuh/AppData/Local/UnrealEngine/Common/DerivedDataCache/Buckets/BulkDataList/69/8a/0825e7c63ea31611b0b15f43fbebc60bb138.udd" 7878
"../../../Engine/Content/EngineMaterials/Substrate/GLints/dict_16_192_64_0p5_0p02_0048_0007.uasset" 7879
"C:/Users/zxxuh/AppData/Local/UnrealEngine/Common/DerivedDataCache/Buckets/BulkDataList/e2/bb/89e217e49a7cac0828dc9b8e9b5028831528.udd" 7880
"../../../Engine/Content/EngineMaterials/Substrate/GLints/dict_16_192_64_0p5_0p02_0062_0000.uasset" 7881
"C:/Users/zxxuh/AppData/Local/UnrealEngine/Common/DerivedDataCache/Buckets/BulkDataList/a0/14/e08f5253854c349d88f2a358aa64574c07ac.udd" 7882
"../../../Engine/Content/EngineMaterials/Substrate/GLints/dict_16_192_64_0p5_0p02_0038_0000.uasset" 7883
"C:/Users/zxxuh/AppData/Local/UnrealEngine/Common/DerivedDataCache/Buckets/BulkDataList/28/95/0b2aa5b13daf10856c112e9c021d9104e787.udd" 7884
"../../../Engine/Content/EngineMaterials/Substrate/GLints/dict_16_192_64_0p5_0p02_0058_0011.uasset" 7885
"C:/Users/zxxuh/AppData/Local/UnrealEngine/Common/DerivedDataCache/Buckets/BulkDataList/4c/6e/8884f654baaa3cb966f0d9b7a77f49e16398.udd" 7886
"../../../Engine/Content/EngineMaterials/Substrate/GLints/dict_16_192_64_0p5_0p02_0051_0010.uasset" 7887
"C:/Users/zxxuh/AppData/Local/UnrealEngine/Common/DerivedDataCache/Buckets/BulkDataList/0c/c5/59575688ebfaf196cabd4f0deef665747e6e.udd" 7888
"../../../Engine/Content/EngineMaterials/Substrate/GLints/dict_16_192_64_0p5_0p02_0014_0002.uasset" 7889
"C:/Users/zxxuh/AppData/Local/UnrealEngine/Common/DerivedDataCache/Buckets/BulkDataList/a6/28/d54381c2083429878b07535b80342dd4edf2.udd" 7890
"../../../Engine/Content/EngineMaterials/Substrate/GLints/dict_16_192_64_0p5_0p02_0052_0010.uasset" 7891
"C:/Users/zxxuh/AppData/Local/UnrealEngine/Common/DerivedDataCache/Buckets/BulkDataList/19/2e/b349140b02bd2188e160e1c4b90da95de0d7.udd" 7892
"C:/Users/zxxuh/AppData/Local/UnrealEngine/Common/DerivedDataCache/Buckets/BulkDataList/45/e5/89529a57948887c8f3396fef7412e25cc336.udd" 7893
"C:/Users/zxxuh/AppData/Local/UnrealEngine/Common/DerivedDataCache/Buckets/BulkDataList/18/5e/348877a0116c083fecb59914b3e1bacee88d.udd" 7894
"C:/Users/zxxuh/AppData/Local/UnrealEngine/Common/DerivedDataCache/Buckets/BulkDataList/d0/68/f277c581bd87954349c1729112ba2dd6e4c6.udd" 7895
"C:/Users/zxxuh/AppData/Local/UnrealEngine/Common/DerivedDataCache/Buckets/BulkDataList/ff/ae/3abc33c7cd0139af326412787a213f5cb4d4.udd" 7896
"C:/Users/zxxuh/AppData/Local/UnrealEngine/Common/DerivedDataCache/Buckets/BulkDataList/9f/8e/e9a4d7873c4424b42b7d65d4a125a5ec41ac.udd" 7897
"C:/Users/zxxuh/AppData/Local/UnrealEngine/Common/DerivedDataCache/Buckets/BulkDataList/9d/a4/8af53d0e18af26891f28bb8ab153ab4c7ed5.udd" 7898
"C:/Users/zxxuh/AppData/Local/UnrealEngine/Common/DerivedDataCache/Buckets/BulkDataList/37/5c/36d3b0f43392c8147f8b4a6819af4f5ae907.udd" 7899
"C:/Users/zxxuh/AppData/Local/UnrealEngine/Common/DerivedDataCache/Buckets/BulkDataList/a2/bd/af06caf7152ef63bb290c45bec6ab4a86a51.udd" 7900
"C:/Users/zxxuh/AppData/Local/UnrealEngine/Common/DerivedDataCache/Buckets/BulkDataList/c6/ec/b308812ff8af015ae060f5961f1e02966414.udd" 7901
"C:/Users/zxxuh/AppData/Local/UnrealEngine/Common/DerivedDataCache/Buckets/BulkDataList/51/d1/6bcdde872bb36e14898f143fa7230771ed6c.udd" 7902
"C:/Users/zxxuh/AppData/Local/UnrealEngine/Common/DerivedDataCache/Buckets/BulkDataList/05/44/bb966ae9f771b08a94771a4e00407ad424cd.udd" 7903
"C:/Users/zxxuh/AppData/Local/UnrealEngine/Common/DerivedDataCache/Buckets/BulkDataList/c3/a7/7299d0223d2868c9b675cc3f7a811ec34c1b.udd" 7904
"C:/Users/zxxuh/AppData/Local/UnrealEngine/Common/DerivedDataCache/Buckets/BulkDataList/b1/89/dc9dc91c9f4c3f4dbbe8cf98630d27c41628.udd" 7905
"C:/Users/zxxuh/AppData/Local/UnrealEngine/Common/DerivedDataCache/Buckets/BulkDataList/62/e0/5262ddd65ce403494fe412ad8f339c6b20ff.udd" 7906
"C:/Users/zxxuh/AppData/Local/UnrealEngine/Common/DerivedDataCache/Buckets/BulkDataList/35/d0/b884ae015ca3bcbd2b82d938a64eaba74ae8.udd" 7907
"C:/Users/zxxuh/AppData/Local/UnrealEngine/Common/DerivedDataCache/Buckets/BulkDataList/7a/9e/275c08e587b43df4bd6f9bfac24b49052ebf.udd" 7908
"C:/Users/zxxuh/AppData/Local/UnrealEngine/Common/DerivedDataCache/Buckets/BulkDataList/56/da/633ed719892ef80d10b1c93aaa6de1263b13.udd" 7909
"C:/Users/zxxuh/AppData/Local/UnrealEngine/Common/DerivedDataCache/Buckets/BulkDataList/4d/99/5449b5821f3d318c704c9844acda2ad6e8c0.udd" 7910
"C:/Users/zxxuh/AppData/Local/UnrealEngine/Common/DerivedDataCache/Buckets/BulkDataList/55/9e/852a10537d9f58db98b11efffe80bd099654.udd" 7911
"C:/Users/zxxuh/AppData/Local/UnrealEngine/Common/DerivedDataCache/Buckets/BulkDataList/c9/af/05a68fb76a6e5c08d3e0eb97ac3f2146b666.udd" 7912
"C:/Users/zxxuh/AppData/Local/UnrealEngine/Common/DerivedDataCache/Buckets/BulkDataList/ea/63/d230dd9ba5a37a5e4b89f27a2c4011cb2b68.udd" 7913
"C:/Users/zxxuh/AppData/Local/UnrealEngine/Common/DerivedDataCache/Buckets/BulkDataList/15/c9/7322117d4689712a1f06cd6c37c07d4dad72.udd" 7914
"C:/Users/zxxuh/AppData/Local/UnrealEngine/Common/DerivedDataCache/Buckets/BulkDataList/e2/51/e89292722e138f2bb78ea647b12791b8bbfb.udd" 7915
"../../../Engine/Content/EngineMaterials/Substrate/GLints/dict_16_192_64_0p5_0p02_0027_0004.uasset" 7916
"../../../Engine/Content/EngineMaterials/Substrate/GLints/dict_16_192_64_0p5_0p02_0037_0003.uasset" 7917
"../../../Engine/Content/EngineMaterials/Substrate/GLints/dict_16_192_64_0p5_0p02_0024_0013.uasset" 7918
"../../../Engine/Content/EngineMaterials/Substrate/GLints/dict_16_192_64_0p5_0p02_0017_0011.uasset" 7919
"../../../Engine/Content/EngineMaterials/Substrate/GLints/dict_16_192_64_0p5_0p02_0016_0003.uasset" 7920
"../../../Engine/Content/EngineMaterials/Substrate/GLints/dict_16_192_64_0p5_0p02_0003_0005.uasset" 7921
"../../../Engine/Content/EngineMaterials/Substrate/GLints/dict_16_192_64_0p5_0p02_0036_0011.uasset" 7922
"../../../Engine/Content/EngineMaterials/Substrate/GLints/dict_16_192_64_0p5_0p02_0037_0010.uasset" 7923
"../../../Engine/Content/EngineMaterials/Substrate/GLints/dict_16_192_64_0p5_0p02_0060_0007.uasset" 7924
"../../../Engine/Content/EngineMaterials/Substrate/GLints/dict_16_192_64_0p5_0p02_0035_0006.uasset" 7925
"../../../Engine/Content/EngineMaterials/Substrate/GLints/dict_16_192_64_0p5_0p02_0017_0012.uasset" 7926
"../../../Engine/Content/EngineMaterials/Substrate/GLints/dict_16_192_64_0p5_0p02_0019_0011.uasset" 7927
"../../../Engine/Content/EngineMaterials/Substrate/GLints/dict_16_192_64_0p5_0p02_0050_0010.uasset" 7928
"../../../Engine/Content/EngineMaterials/Substrate/GLints/dict_16_192_64_0p5_0p02_0042_0001.uasset" 7929
"../../../Engine/Content/EngineMaterials/Substrate/GLints/dict_16_192_64_0p5_0p02_0021_0000.uasset" 7930
"../../../Engine/Content/EngineMaterials/Substrate/GLints/dict_16_192_64_0p5_0p02_0003_0011.uasset" 7931
"../../../Engine/Content/EngineMaterials/Substrate/GLints/dict_16_192_64_0p5_0p02_0026_0013.uasset" 7932
"../../../Engine/Content/EngineMaterials/Substrate/GLints/dict_16_192_64_0p5_0p02_0052_0014.uasset" 7933
"../../../Engine/Content/EngineMaterials/Substrate/GLints/dict_16_192_64_0p5_0p02_0055_0000.uasset" 7934
"../../../Engine/Content/EngineMaterials/Substrate/GLints/dict_16_192_64_0p5_0p02_0032_0015.uasset" 7935
"../../../Engine/Content/EngineMaterials/Substrate/GLints/dict_16_192_64_0p5_0p02_0018_0015.uasset" 7936
"../../../Engine/Content/EngineMaterials/Substrate/GLints/dict_16_192_64_0p5_0p02_0028_0002.uasset" 7937
"../../../Engine/Content/EngineMaterials/Substrate/GLints/dict_16_192_64_0p5_0p02_0058_0001.uasset" 7938
"../../../Engine/Content/EngineMaterials/Substrate/GLints/dict_16_192_64_0p5_0p02_0020_0005.uasset" 7939
"C:/Users/zxxuh/AppData/Local/UnrealEngine/Common/DerivedDataCache/Buckets/BulkDataList/cc/21/4a5a54c4aac685b5086b49f2362906004624.udd" 7940
"../../../Engine/Content/EngineMaterials/Substrate/GLints/dict_16_192_64_0p5_0p02_0016_0002.uasset" 7941
"C:/Users/zxxuh/AppData/Local/UnrealEngine/Common/DerivedDataCache/Buckets/BulkDataList/3f/52/b32916b553f030da392a8d1ec77c147b7791.udd" 7942
"../../../Engine/Content/EngineMaterials/Substrate/GLints/dict_16_192_64_0p5_0p02_0001_0004.uasset" 7943
"C:/Users/zxxuh/AppData/Local/UnrealEngine/Common/DerivedDataCache/Buckets/BulkDataList/a3/04/e46173501646658ce4debeba514fd3e094c7.udd" 7944
"../../../Engine/Content/EngineMaterials/Substrate/GLints/dict_16_192_64_0p5_0p02_0048_0010.uasset" 7945
"../../../Engine/Content/EngineMaterials/Substrate/GLints/dict_16_192_64_0p5_0p02_0043_0005.uasset" 7946
"C:/Users/zxxuh/AppData/Local/UnrealEngine/Common/DerivedDataCache/Buckets/BulkDataList/c1/0d/c26c70ef338a25af85b01fdf316d10cbdeee.udd" 7947
"C:/Users/zxxuh/AppData/Local/UnrealEngine/Common/DerivedDataCache/Buckets/BulkDataList/58/13/0e2e34d603827898364ebbdf976e75a80467.udd" 7948
"../../../Engine/Content/EngineMaterials/Substrate/GLints/dict_16_192_64_0p5_0p02_0002_0002.uasset" 7949
"C:/Users/zxxuh/AppData/Local/UnrealEngine/Common/DerivedDataCache/Buckets/BulkDataList/33/7c/22fbb6ffaaac2bff3244aa15f97ba34ab626.udd" 7950
"../../../Engine/Content/EngineMaterials/Substrate/GLints/dict_16_192_64_0p5_0p02_0019_0001.uasset" 7951
"C:/Users/zxxuh/AppData/Local/UnrealEngine/Common/DerivedDataCache/Buckets/BulkDataList/3b/ec/f5d7aa5ed9a76d079a691d96f4b8280621bd.udd" 7952
"../../../Engine/Content/EngineMaterials/Substrate/GLints/dict_16_192_64_0p5_0p02_0058_0013.uasset" 7953
"C:/Users/zxxuh/AppData/Local/UnrealEngine/Common/DerivedDataCache/Buckets/BulkDataList/e8/2d/353f07bda6aa9a6a36d6fa55f9cb891ddf6b.udd" 7954
"../../../Engine/Content/EngineMaterials/Substrate/GLints/dict_16_192_64_0p5_0p02_0052_0003.uasset" 7955
"C:/Users/zxxuh/AppData/Local/UnrealEngine/Common/DerivedDataCache/Buckets/BulkDataList/4c/30/d3e5a930136e4668a700a6ac40501cd2d853.udd" 7956
"C:/Users/zxxuh/AppData/Local/UnrealEngine/Common/DerivedDataCache/Buckets/BulkDataList/e1/05/ef75e5486564758cbed23414fd1a4f86525b.udd" 7957
"C:/Users/zxxuh/AppData/Local/UnrealEngine/Common/DerivedDataCache/Buckets/BulkDataList/b4/9e/aa510552e64344bf85d54632b14408970bb3.udd" 7958
"C:/Users/zxxuh/AppData/Local/UnrealEngine/Common/DerivedDataCache/Buckets/BulkDataList/c4/07/763fdface4b905a2374ce61313e5c4357793.udd" 7959
"C:/Users/zxxuh/AppData/Local/UnrealEngine/Common/DerivedDataCache/Buckets/BulkDataList/e3/b0/bcfa711c1f5b55bcc031dac7413b00320b1e.udd" 7960
"C:/Users/zxxuh/AppData/Local/UnrealEngine/Common/DerivedDataCache/Buckets/BulkDataList/f9/c9/74a3678251daff527a035523a35162788885.udd" 7961
"C:/Users/zxxuh/AppData/Local/UnrealEngine/Common/DerivedDataCache/Buckets/BulkDataList/5d/74/eda94c817c5a43a6151135bcc188845cd8e8.udd" 7962
"C:/Users/zxxuh/AppData/Local/UnrealEngine/Common/DerivedDataCache/Buckets/BulkDataList/cb/98/5d061735b951981b38a1174fc0f03ea574bf.udd" 7963
"C:/Users/zxxuh/AppData/Local/UnrealEngine/Common/DerivedDataCache/Buckets/BulkDataList/78/a8/c6e8f59209f602bcb304e283de68a536ee68.udd" 7964
"C:/Users/zxxuh/AppData/Local/UnrealEngine/Common/DerivedDataCache/Buckets/BulkDataList/3d/62/165ae08117f8ca818159ce2bf026b5dbd2eb.udd" 7965
"C:/Users/zxxuh/AppData/Local/UnrealEngine/Common/DerivedDataCache/Buckets/BulkDataList/f5/2c/cb87a35edda42cbad12831f4eacdb5a11293.udd" 7966
"C:/Users/zxxuh/AppData/Local/UnrealEngine/Common/DerivedDataCache/Buckets/BulkDataList/2c/9c/30da0bdf7091421358b5ef53edbd3ff9c957.udd" 7967
"C:/Users/zxxuh/AppData/Local/UnrealEngine/Common/DerivedDataCache/Buckets/BulkDataList/49/98/6c56c463261fc5a41c9878922b8fd9450a94.udd" 7968
"C:/Users/zxxuh/AppData/Local/UnrealEngine/Common/DerivedDataCache/Buckets/BulkDataList/f7/13/24e64eccb9816e738786dd09e864e77ad76a.udd" 7969
"C:/Users/zxxuh/AppData/Local/UnrealEngine/Common/DerivedDataCache/Buckets/BulkDataList/bb/1e/5af409cc264a3962c8f1afc49ba955ce7457.udd" 7970
"C:/Users/zxxuh/AppData/Local/UnrealEngine/Common/DerivedDataCache/Buckets/BulkDataList/98/1c/2bbcd5789182c772a8e8f06d56e1f8309154.udd" 7971
"C:/Users/zxxuh/AppData/Local/UnrealEngine/Common/DerivedDataCache/Buckets/BulkDataList/90/32/5c275b1f3393de3b8307441a3e17e2332246.udd" 7972
"C:/Users/zxxuh/AppData/Local/UnrealEngine/Common/DerivedDataCache/Buckets/BulkDataList/8b/8e/24df1219a589ea6d9fda0d6e44864b93106b.udd" 7973
"C:/Users/zxxuh/AppData/Local/UnrealEngine/Common/DerivedDataCache/Buckets/BulkDataList/47/a7/b4e894a74dcc594761d3fbdb12d8d4024742.udd" 7974
"C:/Users/zxxuh/AppData/Local/UnrealEngine/Common/DerivedDataCache/Buckets/BulkDataList/65/92/2e807cec4bdd27636d7f6520a9a2440ee621.udd" 7975
"C:/Users/zxxuh/AppData/Local/UnrealEngine/Common/DerivedDataCache/Buckets/BulkDataList/8c/a7/9bda5e94191d731ff2a267f1eb34a4f1846e.udd" 7976
"C:/Users/zxxuh/AppData/Local/UnrealEngine/Common/DerivedDataCache/Buckets/BulkDataList/48/9d/f6ef988c285dc6bc7202b1c5fcc61a476877.udd" 7977
"C:/Users/zxxuh/AppData/Local/UnrealEngine/Common/DerivedDataCache/Buckets/BulkDataList/51/fe/8446ecd049ed423dad95ac17879b2e79917a.udd" 7978
"C:/Users/zxxuh/AppData/Local/UnrealEngine/Common/DerivedDataCache/Buckets/BulkDataList/a9/2f/4da93774efab45a285812d96e6792f463829.udd" 7979
"../../../Engine/Content/EngineMaterials/Substrate/GLints/dict_16_192_64_0p5_0p02_0038_0001.uasset" 7980
"../../../Engine/Content/EngineMaterials/Substrate/GLints/dict_16_192_64_0p5_0p02_0027_0001.uasset" 7981
"../../../Engine/Content/EngineMaterials/Substrate/GLints/dict_16_192_64_0p5_0p02_0025_0001.uasset" 7982
"../../../Engine/Content/EngineMaterials/Substrate/GLints/dict_16_192_64_0p5_0p02_0023_0003.uasset" 7983
"../../../Engine/Content/EngineMaterials/Substrate/GLints/dict_16_192_64_0p5_0p02_0063_0006.uasset" 7984
"../../../Engine/Content/EngineMaterials/Substrate/GLints/dict_16_192_64_0p5_0p02_0044_0007.uasset" 7985
"../../../Engine/Content/EngineMaterials/Substrate/GLints/dict_16_192_64_0p5_0p02_0049_0002.uasset" 7986
"../../../Engine/Content/EngineMaterials/Substrate/GLints/dict_16_192_64_0p5_0p02_0008_0001.uasset" 7987
"../../../Engine/Content/EngineMaterials/Substrate/GLints/dict_16_192_64_0p5_0p02_0005_0015.uasset" 7988
"../../../Engine/Content/EngineMaterials/Substrate/GLints/dict_16_192_64_0p5_0p02_0042_0005.uasset" 7989
"../../../Engine/Content/EngineMaterials/Substrate/GLints/dict_16_192_64_0p5_0p02_0033_0012.uasset" 7990
"../../../Engine/Content/EngineMaterials/Substrate/GLints/dict_16_192_64_0p5_0p02_0057_0012.uasset" 7991
"../../../Engine/Content/EngineMaterials/Substrate/GLints/dict_16_192_64_0p5_0p02_0046_0013.uasset" 7992
"../../../Engine/Content/EngineMaterials/Substrate/GLints/dict_16_192_64_0p5_0p02_0028_0011.uasset" 7993
"../../../Engine/Content/EngineMaterials/Substrate/GLints/dict_16_192_64_0p5_0p02_0026_0004.uasset" 7994
"../../../Engine/Content/EngineMaterials/Substrate/GLints/dict_16_192_64_0p5_0p02_0022_0007.uasset" 7995
"../../../Engine/Content/EngineMaterials/Substrate/GLints/dict_16_192_64_0p5_0p02_0031_0002.uasset" 7996
"../../../Engine/Content/EngineMaterials/Substrate/GLints/dict_16_192_64_0p5_0p02_0028_0007.uasset" 7997
"../../../Engine/Content/EngineMaterials/Substrate/GLints/dict_16_192_64_0p5_0p02_0002_0000.uasset" 7998
"../../../Engine/Content/EngineMaterials/Substrate/GLints/dict_16_192_64_0p5_0p02_0010_0015.uasset" 7999
"../../../Engine/Content/EngineMaterials/Substrate/GLints/dict_16_192_64_0p5_0p02_0014_0011.uasset" 8000
"../../../Engine/Content/EngineMaterials/Substrate/GLints/dict_16_192_64_0p5_0p02_0055_0002.uasset" 8001
"../../../Engine/Content/EngineMaterials/Substrate/GLints/dict_16_192_64_0p5_0p02_0060_0013.uasset" 8002
"../../../Engine/Content/EngineMaterials/Substrate/GLints/dict_16_192_64_0p5_0p02_0043_0007.uasset" 8003
"C:/Users/zxxuh/AppData/Local/UnrealEngine/Common/DerivedDataCache/Buckets/BulkDataList/ee/b3/3f222e1d4a9087fafae103f63dab97c30733.udd" 8004
"../../../Engine/Content/EngineMaterials/Substrate/GLints/dict_16_192_64_0p5_0p02_0032_0007.uasset" 8005
"C:/Users/zxxuh/AppData/Local/UnrealEngine/Common/DerivedDataCache/Buckets/BulkDataList/f5/20/21d8bd96141e378ba20d17ca886d5793654c.udd" 8006
"../../../Engine/Content/EngineMaterials/Substrate/GLints/dict_16_192_64_0p5_0p02_0030_0007.uasset" 8007
"C:/Users/zxxuh/AppData/Local/UnrealEngine/Common/DerivedDataCache/Buckets/BulkDataList/82/d0/e21c73a230ca13f14e33bb12939fc6815a3e.udd" 8008
"../../../Engine/Content/EngineMaterials/Substrate/GLints/dict_16_192_64_0p5_0p02_0029_0005.uasset" 8009
"C:/Users/zxxuh/AppData/Local/UnrealEngine/Common/DerivedDataCache/Buckets/BulkDataList/fb/9d/d1810f7567354e3d04e0afa2d477eab2eda9.udd" 8010
"../../../Engine/Content/EngineMaterials/Substrate/GLints/dict_16_192_64_0p5_0p02_0059_0012.uasset" 8011
"C:/Users/zxxuh/AppData/Local/UnrealEngine/Common/DerivedDataCache/Buckets/BulkDataList/f2/39/6bc4b536165ad79190c9837cb4165bb8d329.udd" 8012
"../../../Engine/Content/EngineMaterials/Substrate/GLints/dict_16_192_64_0p5_0p02_0052_0002.uasset" 8013
"C:/Users/zxxuh/AppData/Local/UnrealEngine/Common/DerivedDataCache/Buckets/BulkDataList/df/19/052f4aa93a9c0551b251ad22b3e82b3dd1aa.udd" 8014
"../../../Engine/Content/EngineMaterials/Substrate/GLints/dict_16_192_64_0p5_0p02_0058_0007.uasset" 8015
"C:/Users/zxxuh/AppData/Local/UnrealEngine/Common/DerivedDataCache/Buckets/BulkDataList/fa/02/b62c0f7cb4cec826602e91b9d2d6511bc601.udd" 8016
"../../../Engine/Content/EngineMaterials/Substrate/GLints/dict_16_192_64_0p5_0p02_0024_0001.uasset" 8017
"C:/Users/zxxuh/AppData/Local/UnrealEngine/Common/DerivedDataCache/Buckets/BulkDataList/0e/81/a82da42ee291ceb70dc256d354c94b9e7e4a.udd" 8018
"../../../Engine/Content/EngineMaterials/Substrate/GLints/dict_16_192_64_0p5_0p02_0021_0008.uasset" 8019
"C:/Users/zxxuh/AppData/Local/UnrealEngine/Common/DerivedDataCache/Buckets/BulkDataList/b4/79/02ee6941dc4af274cf28126efb2e66b40b6b.udd" 8020
"C:/Users/zxxuh/AppData/Local/UnrealEngine/Common/DerivedDataCache/Buckets/BulkDataList/c3/5c/f8e78489abb19dea8ec1986f50a37156e5d0.udd" 8021
"C:/Users/zxxuh/AppData/Local/UnrealEngine/Common/DerivedDataCache/Buckets/BulkDataList/99/12/097d54bf28fd98e295f3bf8ffe417d1bc89d.udd" 8022
"C:/Users/zxxuh/AppData/Local/UnrealEngine/Common/DerivedDataCache/Buckets/BulkDataList/77/29/cc29e2bf38b96abe41b59406fefe3aa60903.udd" 8023
"C:/Users/zxxuh/AppData/Local/UnrealEngine/Common/DerivedDataCache/Buckets/BulkDataList/c8/f0/8dc42567ce58887c3e590b4eb023e7135a21.udd" 8024
"C:/Users/zxxuh/AppData/Local/UnrealEngine/Common/DerivedDataCache/Buckets/BulkDataList/3a/03/b4bf55c507b95913ad7e4e658a5d86fb7bd3.udd" 8025
"C:/Users/zxxuh/AppData/Local/UnrealEngine/Common/DerivedDataCache/Buckets/BulkDataList/56/92/b980329b2a5504242397a596f45f1034f757.udd" 8026
"C:/Users/zxxuh/AppData/Local/UnrealEngine/Common/DerivedDataCache/Buckets/BulkDataList/e5/09/2714d25a70905a85a5fdbe13bf47cd041b67.udd" 8027
"C:/Users/zxxuh/AppData/Local/UnrealEngine/Common/DerivedDataCache/Buckets/BulkDataList/ba/e7/3b8338e2c78e15861987194c952c1f860da8.udd" 8028
"C:/Users/zxxuh/AppData/Local/UnrealEngine/Common/DerivedDataCache/Buckets/BulkDataList/26/75/1327cc8d90c6ab2fb6edcf41c37584d0ab10.udd" 8029
"C:/Users/zxxuh/AppData/Local/UnrealEngine/Common/DerivedDataCache/Buckets/BulkDataList/34/1a/6c4f3048b5595034bc402e480f1c6db5a2a7.udd" 8030
"C:/Users/zxxuh/AppData/Local/UnrealEngine/Common/DerivedDataCache/Buckets/BulkDataList/8a/01/23747452c503f689b58402d05513817c2eca.udd" 8031
"C:/Users/zxxuh/AppData/Local/UnrealEngine/Common/DerivedDataCache/Buckets/BulkDataList/b5/a8/0143502703c2ac0535d4eccf143741baa79c.udd" 8032
"C:/Users/zxxuh/AppData/Local/UnrealEngine/Common/DerivedDataCache/Buckets/BulkDataList/94/fd/f5816a9ef10e6ed3a58b3570fc07432400a5.udd" 8033
"C:/Users/zxxuh/AppData/Local/UnrealEngine/Common/DerivedDataCache/Buckets/BulkDataList/3c/c4/77a18592932b2be46c272191583be7c67c20.udd" 8034
"C:/Users/zxxuh/AppData/Local/UnrealEngine/Common/DerivedDataCache/Buckets/BulkDataList/02/96/d8d9c7c3c41406431ba6313c8741cd2acaa8.udd" 8035
"C:/Users/zxxuh/AppData/Local/UnrealEngine/Common/DerivedDataCache/Buckets/BulkDataList/a1/5f/763284d34ec076db7a8fc900093728ec1e25.udd" 8036
"C:/Users/zxxuh/AppData/Local/UnrealEngine/Common/DerivedDataCache/Buckets/BulkDataList/02/d5/ef8f7e5c5c63e3722d66da9db24ce498ac8b.udd" 8037
"C:/Users/zxxuh/AppData/Local/UnrealEngine/Common/DerivedDataCache/Buckets/BulkDataList/15/8a/5c0788390b21149a5c3cc2bb80f262370792.udd" 8038
"C:/Users/zxxuh/AppData/Local/UnrealEngine/Common/DerivedDataCache/Buckets/BulkDataList/fa/7c/e5f2c5af9bc82bf1989ad9dc71ff9f6b1492.udd" 8039
"C:/Users/zxxuh/AppData/Local/UnrealEngine/Common/DerivedDataCache/Buckets/BulkDataList/a4/59/82f1e178a3b4eb633ae05611cd320d10cc68.udd" 8040
"C:/Users/zxxuh/AppData/Local/UnrealEngine/Common/DerivedDataCache/Buckets/BulkDataList/c0/bb/16b5c5ab145ed8b379e91372f2e913dd67a2.udd" 8041
"C:/Users/zxxuh/AppData/Local/UnrealEngine/Common/DerivedDataCache/Buckets/BulkDataList/68/78/8c454ebd69c424aea063f143a40a5847fced.udd" 8042
"C:/Users/zxxuh/AppData/Local/UnrealEngine/Common/DerivedDataCache/Buckets/BulkDataList/7f/bf/e8b1607014273825a0c1fb969d284b3ed5a2.udd" 8043
"../../../Engine/Content/EngineMaterials/Substrate/GLints/dict_16_192_64_0p5_0p02_0018_0007.uasset" 8044
"../../../Engine/Content/EngineMaterials/Substrate/GLints/dict_16_192_64_0p5_0p02_0058_0008.uasset" 8045
"../../../Engine/Content/EngineMaterials/Substrate/GLints/dict_16_192_64_0p5_0p02_0030_0001.uasset" 8046
"../../../Engine/Content/EngineMaterials/Substrate/GLints/dict_16_192_64_0p5_0p02_0008_0009.uasset" 8047
"../../../Engine/Content/EngineMaterials/Substrate/GLints/dict_16_192_64_0p5_0p02_0051_0008.uasset" 8048
"../../../Engine/Content/EngineMaterials/Substrate/GLints/dict_16_192_64_0p5_0p02_0002_0010.uasset" 8049
"../../../Engine/Content/EngineMaterials/Substrate/GLints/dict_16_192_64_0p5_0p02_0050_0009.uasset" 8050
"../../../Engine/Content/EngineMaterials/Substrate/GLints/dict_16_192_64_0p5_0p02_0023_0005.uasset" 8051
"../../../Engine/Content/EngineMaterials/Substrate/GLints/dict_16_192_64_0p5_0p02_0048_0001.uasset" 8052
"../../../Engine/Content/EngineMaterials/Substrate/GLints/dict_16_192_64_0p5_0p02_0028_0006.uasset" 8053
"../../../Engine/Content/EngineMaterials/Substrate/GLints/dict_16_192_64_0p5_0p02_0046_0012.uasset" 8054
"../../../Engine/Content/EngineMaterials/Substrate/GLints/dict_16_192_64_0p5_0p02_0014_0001.uasset" 8055
"../../../Engine/Content/EngineMaterials/Substrate/GLints/dict_16_192_64_0p5_0p02_0001_0014.uasset" 8056
"../../../Engine/Content/EngineMaterials/Substrate/GLints/dict_16_192_64_0p5_0p02_0062_0008.uasset" 8057
"../../../Engine/Content/EngineMaterials/Substrate/GLints/dict_16_192_64_0p5_0p02_0060_0010.uasset" 8058
"../../../Engine/Content/EngineMaterials/Substrate/GLints/dict_16_192_64_0p5_0p02_0022_0013.uasset" 8059
"../../../Engine/Content/EngineMaterials/Substrate/GLints/dict_16_192_64_0p5_0p02_0015_0015.uasset" 8060
"../../../Engine/Content/EngineMaterials/Substrate/GLints/dict_16_192_64_0p5_0p02_0061_0009.uasset" 8061
"../../../Engine/Content/EngineMaterials/Substrate/GLints/dict_16_192_64_0p5_0p02_0034_0004.uasset" 8062
"../../../Engine/Content/EngineMaterials/Substrate/GLints/dict_16_192_64_0p5_0p02_0044_0010.uasset" 8063
"../../../Engine/Content/EngineMaterials/Substrate/GLints/dict_16_192_64_0p5_0p02_0027_0006.uasset" 8064
"../../../Engine/Content/EngineMaterials/Substrate/GLints/dict_16_192_64_0p5_0p02_0047_0013.uasset" 8065
"../../../Engine/Content/EngineMaterials/Substrate/GLints/dict_16_192_64_0p5_0p02_0036_0005.uasset" 8066
"../../../Engine/Content/EngineMaterials/Substrate/GLints/dict_16_192_64_0p5_0p02_0051_0009.uasset" 8067
"C:/Users/zxxuh/AppData/Local/UnrealEngine/Common/DerivedDataCache/Buckets/BulkDataList/7c/76/39a7455011cea60248e228a3b189a0ce9bdd.udd" 8068
"../../../Engine/Content/EngineMaterials/Substrate/GLints/dict_16_192_64_0p5_0p02_0037_0007.uasset" 8069
"C:/Users/zxxuh/AppData/Local/UnrealEngine/Common/DerivedDataCache/Buckets/BulkDataList/1f/b2/fa3c65c173c90c56bef5fa2524e8a40e8d17.udd" 8070
"../../../Engine/Content/EngineMaterials/Substrate/GLints/dict_16_192_64_0p5_0p02_0018_0009.uasset" 8071
"C:/Users/zxxuh/AppData/Local/UnrealEngine/Common/DerivedDataCache/Buckets/BulkDataList/d7/96/90f06d221e42f6cc1dce3de54eb1922ea719.udd" 8072
"../../../Engine/Content/EngineMaterials/Substrate/GLints/dict_16_192_64_0p5_0p02_0035_0002.uasset" 8073
"C:/Users/zxxuh/AppData/Local/UnrealEngine/Common/DerivedDataCache/Buckets/BulkDataList/f3/ee/b940448507fd4140b18928284efa00024fae.udd" 8074
"../../../Engine/Content/EngineMaterials/Substrate/GLints/dict_16_192_64_0p5_0p02_0008_0003.uasset" 8075
"C:/Users/zxxuh/AppData/Local/UnrealEngine/Common/DerivedDataCache/Buckets/BulkDataList/e9/6a/927df8f07d6aca432edb57871ea12d0785a7.udd" 8076
"../../../Engine/Content/EngineMaterials/Substrate/GLints/dict_16_192_64_0p5_0p02_0022_0001.uasset" 8077
"C:/Users/zxxuh/AppData/Local/UnrealEngine/Common/DerivedDataCache/Buckets/BulkDataList/02/9f/43ad83e56771bf44a258f7dc0fd4b393674e.udd" 8078
"../../../Engine/Content/EngineMaterials/Substrate/GLints/dict_16_192_64_0p5_0p02_0000_0000.uasset" 8079
"C:/Users/zxxuh/AppData/Local/UnrealEngine/Common/DerivedDataCache/Buckets/BulkDataList/2b/fd/7cef83849773081bcc253bc4bc963412f682.udd" 8080
"../../../Engine/Content/EngineMaterials/Substrate/GLints/dict_16_192_64_0p5_0p02_0034_0008.uasset" 8081
"C:/Users/zxxuh/AppData/Local/UnrealEngine/Common/DerivedDataCache/Buckets/BulkDataList/80/1e/32c7a2f95cf5654bcb3e9a0aa7ad8accbf05.udd" 8082
"../../../Engine/Content/EngineMaterials/Substrate/GLints/dict_16_192_64_0p5_0p02_0017_0003.uasset" 8083
"C:/Users/zxxuh/AppData/Local/UnrealEngine/Common/DerivedDataCache/Buckets/BulkDataList/cf/54/7efe001ad667e5a6c4f75a07717cffc9d5e2.udd" 8084
"C:/Users/zxxuh/AppData/Local/UnrealEngine/Common/DerivedDataCache/Buckets/BulkDataList/b4/dd/384152f3e86304b89df6ea9ece6092b3cb98.udd" 8085
"C:/Users/zxxuh/AppData/Local/UnrealEngine/Common/DerivedDataCache/Buckets/BulkDataList/c4/bf/3050235747f007fba598059ad7b5cfdaadc5.udd" 8086
"C:/Users/zxxuh/AppData/Local/UnrealEngine/Common/DerivedDataCache/Buckets/BulkDataList/18/ea/08c427380a9059f165b146a47cfaf31bf401.udd" 8087
"C:/Users/zxxuh/AppData/Local/UnrealEngine/Common/DerivedDataCache/Buckets/BulkDataList/27/2c/911c364cae58e61ce69ee3b4aafd3a908c67.udd" 8088
"C:/Users/zxxuh/AppData/Local/UnrealEngine/Common/DerivedDataCache/Buckets/BulkDataList/43/d4/a6349641334f0256d94f3afbd682985d6f6f.udd" 8089
"C:/Users/zxxuh/AppData/Local/UnrealEngine/Common/DerivedDataCache/Buckets/BulkDataList/64/6a/4ae8e1796a93ee0865f99fa21fa084a2aaa9.udd" 8090
"C:/Users/zxxuh/AppData/Local/UnrealEngine/Common/DerivedDataCache/Buckets/BulkDataList/50/6a/0723bf9b76124a2ff56e718d0dffcaccdf04.udd" 8091
"C:/Users/zxxuh/AppData/Local/UnrealEngine/Common/DerivedDataCache/Buckets/BulkDataList/7b/c7/f8feca21e886720420bcd75cad2161f3b5e2.udd" 8092
"C:/Users/zxxuh/AppData/Local/UnrealEngine/Common/DerivedDataCache/Buckets/BulkDataList/7a/86/647b3bac5f640f552a2190759e2c3faf7e64.udd" 8093
"C:/Users/zxxuh/AppData/Local/UnrealEngine/Common/DerivedDataCache/Buckets/BulkDataList/a9/c9/724aa51df610b9fb4f539abab455a82bbcd2.udd" 8094
"C:/Users/zxxuh/AppData/Local/UnrealEngine/Common/DerivedDataCache/Buckets/BulkDataList/1f/f7/03090456cc8c20994f65f59a02358472ae70.udd" 8095
"C:/Users/zxxuh/AppData/Local/UnrealEngine/Common/DerivedDataCache/Buckets/BulkDataList/fe/e2/351e76253d91b484c510bc4d4723954645ca.udd" 8096
"C:/Users/zxxuh/AppData/Local/UnrealEngine/Common/DerivedDataCache/Buckets/BulkDataList/01/75/d196391941801082020a9b15079d29b9b2f0.udd" 8097
"C:/Users/zxxuh/AppData/Local/UnrealEngine/Common/DerivedDataCache/Buckets/BulkDataList/2a/02/c2b69bceb905716ce2c079ea829f737389c9.udd" 8098
"C:/Users/zxxuh/AppData/Local/UnrealEngine/Common/DerivedDataCache/Buckets/BulkDataList/ab/c3/c5c0a5d26619201616587fe2292c1d3d4e39.udd" 8099
"C:/Users/zxxuh/AppData/Local/UnrealEngine/Common/DerivedDataCache/Buckets/BulkDataList/03/06/25fded8102c6c01fc7d7734fe1dd516cc379.udd" 8100
"C:/Users/zxxuh/AppData/Local/UnrealEngine/Common/DerivedDataCache/Buckets/BulkDataList/24/e9/13589252da6b6f3df2b982403ca40c3f4492.udd" 8101
"C:/Users/zxxuh/AppData/Local/UnrealEngine/Common/DerivedDataCache/Buckets/BulkDataList/40/00/cd0f92d47f213a893c48a5970bfef14fd243.udd" 8102
"C:/Users/zxxuh/AppData/Local/UnrealEngine/Common/DerivedDataCache/Buckets/BulkDataList/6d/9a/9293491c479d64ddf321f6a5ff9d23aeb261.udd" 8103
"C:/Users/zxxuh/AppData/Local/UnrealEngine/Common/DerivedDataCache/Buckets/BulkDataList/dc/7d/64160571ed4da4483dda54ab7897aae12416.udd" 8104
"C:/Users/zxxuh/AppData/Local/UnrealEngine/Common/DerivedDataCache/Buckets/BulkDataList/9d/03/2d7dc5820b1d65ec66660321bc6d1bc4a14a.udd" 8105
"C:/Users/zxxuh/AppData/Local/UnrealEngine/Common/DerivedDataCache/Buckets/BulkDataList/cf/03/6ed42db010550bab5fdd6147f4bc99fc1cbd.udd" 8106
"C:/Users/zxxuh/AppData/Local/UnrealEngine/Common/DerivedDataCache/Buckets/BulkDataList/05/26/bb903f2f066d774fbbecc30c777d16b5afdf.udd" 8107
"../../../Engine/Content/EngineMaterials/Substrate/GLints/dict_16_192_64_0p5_0p02_0002_0005.uasset" 8108
"../../../Engine/Content/EngineMaterials/Substrate/GLints/dict_16_192_64_0p5_0p02_0028_0009.uasset" 8109
"../../../Engine/Content/EngineMaterials/Substrate/GLints/dict_16_192_64_0p5_0p02_0026_0006.uasset" 8110
"../../../Engine/Content/EngineMaterials/Substrate/GLints/dict_16_192_64_0p5_0p02_0043_0001.uasset" 8111
"../../../Engine/Content/EngineMaterials/Substrate/GLints/dict_16_192_64_0p5_0p02_0041_0008.uasset" 8112
"../../../Engine/Content/EngineMaterials/Substrate/GLints/dict_16_192_64_0p5_0p02_0049_0007.uasset" 8113
"../../../Engine/Content/EngineMaterials/Substrate/GLints/dict_16_192_64_0p5_0p02_0015_0000.uasset" 8114
"../../../Engine/Content/EngineMaterials/Substrate/GLints/dict_16_192_64_0p5_0p02_0052_0012.uasset" 8115
"../../../Engine/Content/EngineMaterials/Substrate/GLints/dict_16_192_64_0p5_0p02_0040_0011.uasset" 8116
"../../../Engine/Content/EngineMaterials/Substrate/GLints/dict_16_192_64_0p5_0p02_0021_0010.uasset" 8117
"../../../Engine/Content/EngineMaterials/Substrate/GLints/dict_16_192_64_0p5_0p02_0046_0008.uasset" 8118
"../../../Engine/Content/EngineMaterials/Substrate/GLints/dict_16_192_64_0p5_0p02_0023_0012.uasset" 8119
"../../../Engine/Content/EngineMaterials/Substrate/GLints/dict_16_192_64_0p5_0p02_0019_0003.uasset" 8120
"../../../Engine/Content/EngineMaterials/Substrate/GLints/dict_16_192_64_0p5_0p02_0031_0001.uasset" 8121
"../../../Engine/Content/EngineMaterials/Substrate/GLints/dict_16_192_64_0p5_0p02_0005_0007.uasset" 8122
"../../../Engine/Content/EngineMaterials/Substrate/GLints/dict_16_192_64_0p5_0p02_0032_0009.uasset" 8123
"../../../Engine/Content/EngineMaterials/Substrate/GLints/dict_16_192_64_0p5_0p02_0051_0000.uasset" 8124
"../../../Engine/Content/EngineMaterials/Substrate/GLints/dict_16_192_64_0p5_0p02_0047_0014.uasset" 8125
"../../../Engine/Content/EngineMaterials/Substrate/GLints/dict_16_192_64_0p5_0p02_0037_0001.uasset" 8126
"../../../Engine/Content/EngineMaterials/Substrate/GLints/dict_16_192_64_0p5_0p02_0041_0014.uasset" 8127
"../../../Engine/Content/EngineMaterials/Substrate/GLints/dict_16_192_64_0p5_0p02_0022_0008.uasset" 8128
"../../../Engine/Content/EngineMaterials/Substrate/GLints/dict_16_192_64_0p5_0p02_0046_0007.uasset" 8129
"../../../Engine/Content/EngineMaterials/Substrate/GLints/dict_16_192_64_0p5_0p02_0004_0003.uasset" 8130
"../../../Engine/Content/EngineMaterials/Substrate/GLints/dict_16_192_64_0p5_0p02_0056_0010.uasset" 8131
"C:/Users/zxxuh/AppData/Local/UnrealEngine/Common/DerivedDataCache/Buckets/BulkDataList/09/ef/645c2747263c9c6f31c89dbace3c743eda21.udd" 8132
"../../../Engine/Content/EngineMaterials/Substrate/GLints/dict_16_192_64_0p5_0p02_0038_0013.uasset" 8133
"C:/Users/zxxuh/AppData/Local/UnrealEngine/Common/DerivedDataCache/Buckets/BulkDataList/12/ce/7c03e87acd38f497e23c2b6ec3c6816718db.udd" 8134
"../../../Engine/Content/EngineMaterials/Substrate/GLints/dict_16_192_64_0p5_0p02_0045_0006.uasset" 8135
"C:/Users/zxxuh/AppData/Local/UnrealEngine/Common/DerivedDataCache/Buckets/BulkDataList/08/88/e766b2be4b263690c714c4cdc89911b93737.udd" 8136
"../../../Engine/Content/EngineMaterials/Substrate/GLints/dict_16_192_64_0p5_0p02_0063_0002.uasset" 8137
"C:/Users/zxxuh/AppData/Local/UnrealEngine/Common/DerivedDataCache/Buckets/BulkDataList/45/c4/e828aa839c748010f0414e8d2940c3f6e864.udd" 8138
"../../../Engine/Content/EngineMaterials/Substrate/GLints/dict_16_192_64_0p5_0p02_0021_0001.uasset" 8139
"C:/Users/zxxuh/AppData/Local/UnrealEngine/Common/DerivedDataCache/Buckets/BulkDataList/96/60/144a406e89be4491831182e95cd80ef31ce4.udd" 8140
"../../../Engine/Content/EngineMaterials/Substrate/GLints/dict_16_192_64_0p5_0p02_0062_0013.uasset" 8141
"C:/Users/zxxuh/AppData/Local/UnrealEngine/Common/DerivedDataCache/Buckets/BulkDataList/01/4a/4f17020b91dd6e5fc8a8e62aeaf3a82b6cda.udd" 8142
"../../../Engine/Content/EngineMaterials/Substrate/GLints/dict_16_192_64_0p5_0p02_0056_0000.uasset" 8143
"C:/Users/zxxuh/AppData/Local/UnrealEngine/Common/DerivedDataCache/Buckets/BulkDataList/1a/87/4ea31240f54899abac2421587ea91b27a9d0.udd" 8144
"../../../Engine/Content/EngineMaterials/Substrate/GLints/dict_16_192_64_0p5_0p02_0053_0003.uasset" 8145
"C:/Users/zxxuh/AppData/Local/UnrealEngine/Common/DerivedDataCache/Buckets/BulkDataList/67/9c/2409524e64a8bff0fff58755cad8ddf9f0e5.udd" 8146
"../../../Engine/Content/EngineMaterials/Substrate/GLints/dict_16_192_64_0p5_0p02_0022_0012.uasset" 8147
"C:/Users/zxxuh/AppData/Local/UnrealEngine/Common/DerivedDataCache/Buckets/BulkDataList/03/16/3283c898d7fba6a1d764d3a89af33b5507ed.udd" 8148
"C:/Users/zxxuh/AppData/Local/UnrealEngine/Common/DerivedDataCache/Buckets/BulkDataList/f3/e5/a8e67cbfa7d343b0d102aac9e5f156fe75a6.udd" 8149
"C:/Users/zxxuh/AppData/Local/UnrealEngine/Common/DerivedDataCache/Buckets/BulkDataList/40/8e/faf85c96c8cc3153c1a80915f961fa3240f2.udd" 8150
"C:/Users/zxxuh/AppData/Local/UnrealEngine/Common/DerivedDataCache/Buckets/BulkDataList/75/5c/b9f59c08c5d35b72d037aa148a059aee6de6.udd" 8151
"C:/Users/zxxuh/AppData/Local/UnrealEngine/Common/DerivedDataCache/Buckets/BulkDataList/26/48/7a676c7a615237532bcc70706001c256ad30.udd" 8152
"C:/Users/zxxuh/AppData/Local/UnrealEngine/Common/DerivedDataCache/Buckets/BulkDataList/ed/6f/429acbcd4936892662dd6a1282010806b799.udd" 8153
"C:/Users/zxxuh/AppData/Local/UnrealEngine/Common/DerivedDataCache/Buckets/BulkDataList/f5/0f/b77ffddb76104c1193bf83abf99a74de9217.udd" 8154
"C:/Users/zxxuh/AppData/Local/UnrealEngine/Common/DerivedDataCache/Buckets/BulkDataList/57/15/3797b0553152ac8ccf110564272dc08bbaef.udd" 8155
"C:/Users/zxxuh/AppData/Local/UnrealEngine/Common/DerivedDataCache/Buckets/BulkDataList/3f/de/fabbf68a87203e36b3a945f398e83b5a1c93.udd" 8156
"C:/Users/zxxuh/AppData/Local/UnrealEngine/Common/DerivedDataCache/Buckets/BulkDataList/a5/79/f4797b87aedc1cdd240c574faec60a765713.udd" 8157
"C:/Users/zxxuh/AppData/Local/UnrealEngine/Common/DerivedDataCache/Buckets/BulkDataList/0c/46/406c84c1c82750d6673a6146c46db0dc681a.udd" 8158
"C:/Users/zxxuh/AppData/Local/UnrealEngine/Common/DerivedDataCache/Buckets/BulkDataList/b8/61/c6874da4f26a1663fa4baa62d5e12d5cbb70.udd" 8159
"C:/Users/zxxuh/AppData/Local/UnrealEngine/Common/DerivedDataCache/Buckets/BulkDataList/e9/69/e42e0a7a6b095164fdda36df8b7462ed37e0.udd" 8160
"C:/Users/zxxuh/AppData/Local/UnrealEngine/Common/DerivedDataCache/Buckets/BulkDataList/a7/93/543ffcab7587ede60ce04c06b1e4364c2386.udd" 8161
"C:/Users/zxxuh/AppData/Local/UnrealEngine/Common/DerivedDataCache/Buckets/BulkDataList/08/92/96bc649bfccc0c00d4b0eb6f112bd1b9a225.udd" 8162
"C:/Users/zxxuh/AppData/Local/UnrealEngine/Common/DerivedDataCache/Buckets/BulkDataList/e5/7a/5a0220d23feaa8a79bbb8905a6d6884be941.udd" 8163
"C:/Users/zxxuh/AppData/Local/UnrealEngine/Common/DerivedDataCache/Buckets/BulkDataList/8f/2e/5ba1ef63711dc15dbcb6103eb3c3237a04f7.udd" 8164
"C:/Users/zxxuh/AppData/Local/UnrealEngine/Common/DerivedDataCache/Buckets/BulkDataList/31/e7/66bf9d6e758f20318bdbd0cb5ceba8f6c477.udd" 8165
"C:/Users/zxxuh/AppData/Local/UnrealEngine/Common/DerivedDataCache/Buckets/BulkDataList/e7/9d/d913136555672187b4de531fc81be190c188.udd" 8166
"C:/Users/zxxuh/AppData/Local/UnrealEngine/Common/DerivedDataCache/Buckets/BulkDataList/c4/d9/13abcb03970dfc81590a4c61af6dde928d1a.udd" 8167
"C:/Users/zxxuh/AppData/Local/UnrealEngine/Common/DerivedDataCache/Buckets/BulkDataList/30/28/9afdf9b64ccd45b55c7961085e3c015d851d.udd" 8168
"C:/Users/zxxuh/AppData/Local/UnrealEngine/Common/DerivedDataCache/Buckets/BulkDataList/b8/ca/d631b3d1777b65f91fce5fdde66011b49835.udd" 8169
"C:/Users/zxxuh/AppData/Local/UnrealEngine/Common/DerivedDataCache/Buckets/BulkDataList/fc/ef/36cf7046fc8941ba39ff7c0ab95ca4f4d61b.udd" 8170
"C:/Users/zxxuh/AppData/Local/UnrealEngine/Common/DerivedDataCache/Buckets/BulkDataList/1c/ce/97a6afebdf6a5a3f4a302c3ce4155142bc37.udd" 8171
"../../../Engine/Content/EngineMaterials/Substrate/GLints/dict_16_192_64_0p5_0p02_0062_0007.uasset" 8172
"../../../Engine/Content/EngineMaterials/Substrate/GLints/dict_16_192_64_0p5_0p02_0000_0013.uasset" 8173
"../../../Engine/Content/EngineMaterials/Substrate/GLints/dict_16_192_64_0p5_0p02_0051_0012.uasset" 8174
"../../../Engine/Content/EngineMaterials/Substrate/GLints/dict_16_192_64_0p5_0p02_0005_0008.uasset" 8175
"../../../Engine/Content/EngineMaterials/Substrate/GLints/dict_16_192_64_0p5_0p02_0057_0002.uasset" 8176
"../../../Engine/Content/EngineMaterials/Substrate/GLints/dict_16_192_64_0p5_0p02_0019_0010.uasset" 8177
"../../../Engine/Content/EngineMaterials/Substrate/GLints/dict_16_192_64_0p5_0p02_0004_0010.uasset" 8178
"../../../Engine/Content/EngineMaterials/Substrate/GLints/dict_16_192_64_0p5_0p02_0055_0001.uasset" 8179
"../../../Engine/Content/EngineMaterials/Substrate/GLints/dict_16_192_64_0p5_0p02_0062_0004.uasset" 8180
"../../../Engine/Content/EngineMaterials/Substrate/GLints/dict_16_192_64_0p5_0p02_0018_0013.uasset" 8181
"../../../Engine/Content/EngineMaterials/Substrate/GLints/dict_16_192_64_0p5_0p02_0020_0006.uasset" 8182
"../../../Engine/Content/EngineMaterials/Substrate/GLints/dict_16_192_64_0p5_0p02_0039_0015.uasset" 8183
"../../../Engine/Content/EngineMaterials/Substrate/GLints/dict_16_192_64_0p5_0p02_0048_0014.uasset" 8184
"../../../Engine/Content/EngineMaterials/Substrate/GLints/dict_16_192_64_0p5_0p02_0041_0011.uasset" 8185
"../../../Engine/Content/EngineMaterials/Substrate/GLints/dict_16_192_64_0p5_0p02_0055_0008.uasset" 8186
"../../../Engine/Content/EngineMaterials/Substrate/GLints/dict_16_192_64_0p5_0p02_0032_0000.uasset" 8187
"../../../Engine/Content/EngineMaterials/Substrate/GLints/dict_16_192_64_0p5_0p02_0030_0012.uasset" 8188
"../../../Engine/Content/EngineMaterials/Substrate/GLints/dict_16_192_64_0p5_0p02_0050_0011.uasset" 8189
"../../../Engine/Content/EngineMaterials/Substrate/GLints/dict_16_192_64_0p5_0p02_0000_0014.uasset" 8190
"../../../Engine/Content/EngineMaterials/Substrate/GLints/dict_16_192_64_0p5_0p02_0055_0009.uasset" 8191
"../../../Engine/Content/EngineMaterials/Substrate/GLints/dict_16_192_64_0p5_0p02_0039_0004.uasset" 8192
"../../../Engine/Content/EngineMaterials/Substrate/GLints/dict_16_192_64_0p5_0p02_0016_0013.uasset" 8193
"../../../Engine/Content/EngineMaterials/Substrate/GLints/dict_16_192_64_0p5_0p02_0030_0004.uasset" 8194
"../../../Engine/Content/EngineMaterials/Substrate/GLints/dict_16_192_64_0p5_0p02_0003_0002.uasset" 8195
"../../../Engine/Content/EngineMaterials/Substrate/GLints/dict_16_192_64_0p5_0p02_0004_0015.uasset" 8196
"../../../Engine/Content/EngineMaterials/Substrate/GLints/dict_16_192_64_0p5_0p02_0045_0007.uasset" 8197
"../../../Engine/Content/EngineMaterials/Substrate/GLints/dict_16_192_64_0p5_0p02_0044_0002.uasset" 8198
"../../../Engine/Content/EngineMaterials/Substrate/GLints/dict_16_192_64_0p5_0p02_0053_0009.uasset" 8199
"../../../Engine/Content/EngineMaterials/Substrate/GLints/dict_16_192_64_0p5_0p02_0009_0002.uasset" 8200
"../../../Engine/Content/EngineMaterials/Substrate/GLints/dict_16_192_64_0p5_0p02_0050_0005.uasset" 8201
"C:/Users/zxxuh/AppData/Local/UnrealEngine/Common/DerivedDataCache/Buckets/BulkDataList/7f/74/5d8660ef37942df94c5bdb7eb73e1928c21f.udd" 8202
"C:/Users/zxxuh/AppData/Local/UnrealEngine/Common/DerivedDataCache/Buckets/BulkDataList/01/71/07e8cf38fc28633687c024c11d2d0a8e7a9c.udd" 8203
"C:/Users/zxxuh/AppData/Local/UnrealEngine/Common/DerivedDataCache/Buckets/BulkDataList/b7/9d/2ea42fae2d3ecaef2e6fa0dc54f24ef711cc.udd" 8204
"C:/Users/zxxuh/AppData/Local/UnrealEngine/Common/DerivedDataCache/Buckets/BulkDataList/58/83/426b496537761666b3673508ded7dfe43d34.udd" 8205
"../../../Engine/Content/EngineMaterials/Substrate/GLints/dict_16_192_64_0p5_0p02_0040_0015.uasset" 8206
"../../../Engine/Content/EngineMaterials/Substrate/GLints/dict_16_192_64_0p5_0p02_0033_0010.uasset" 8207
"C:/Users/zxxuh/AppData/Local/UnrealEngine/Common/DerivedDataCache/Buckets/BulkDataList/ef/21/80b75657713cdc33d67e2af44cb983f50f75.udd" 8208
"C:/Users/zxxuh/AppData/Local/UnrealEngine/Common/DerivedDataCache/Buckets/BulkDataList/2f/90/a6f22f9c3a1216937732de9ed74fecb8f126.udd" 8209
"C:/Users/zxxuh/AppData/Local/UnrealEngine/Common/DerivedDataCache/Buckets/BulkDataList/2d/98/2d937853d3676a453e08372ef4239f4f0f7d.udd" 8210
"C:/Users/zxxuh/AppData/Local/UnrealEngine/Common/DerivedDataCache/Buckets/BulkDataList/92/35/4cf72c37e7d410c746265395356077efd3d5.udd" 8211
"C:/Users/zxxuh/AppData/Local/UnrealEngine/Common/DerivedDataCache/Buckets/BulkDataList/31/41/5bb6df06df9101372f2539e97b61518e573b.udd" 8212
"C:/Users/zxxuh/AppData/Local/UnrealEngine/Common/DerivedDataCache/Buckets/BulkDataList/23/22/b1d20ed5d2c94f1b4c6af5dbbf365800413b.udd" 8213
"C:/Users/zxxuh/AppData/Local/UnrealEngine/Common/DerivedDataCache/Buckets/BulkDataList/ed/b4/85cef6dce01f8a6e5e823e170dd62c73d406.udd" 8214
"C:/Users/zxxuh/AppData/Local/UnrealEngine/Common/DerivedDataCache/Buckets/BulkDataList/2d/56/e2b5675aa4d14bd7a90e495e32948bc865b9.udd" 8215
"C:/Users/zxxuh/AppData/Local/UnrealEngine/Common/DerivedDataCache/Buckets/BulkDataList/0f/bd/b206077736e9472690bf9c8161600b73f620.udd" 8216
"C:/Users/zxxuh/AppData/Local/UnrealEngine/Common/DerivedDataCache/Buckets/BulkDataList/10/1f/c6e4d909c6a8bc3e5005df03553af28b87e4.udd" 8217
"C:/Users/zxxuh/AppData/Local/UnrealEngine/Common/DerivedDataCache/Buckets/BulkDataList/b3/07/f526cce5f2b34eb70b639a7ec2925f5d7e18.udd" 8218
"C:/Users/zxxuh/AppData/Local/UnrealEngine/Common/DerivedDataCache/Buckets/BulkDataList/84/6d/d6673b267378b7863dfd004d8cde187bc5b1.udd" 8219
"C:/Users/zxxuh/AppData/Local/UnrealEngine/Common/DerivedDataCache/Buckets/BulkDataList/c8/b2/9522fdc47944169bb383b5827ebafed6d678.udd" 8220
"C:/Users/zxxuh/AppData/Local/UnrealEngine/Common/DerivedDataCache/Buckets/BulkDataList/fd/78/dc2a0d6721517ada6e861f5a44f21cd637cc.udd" 8221
"C:/Users/zxxuh/AppData/Local/UnrealEngine/Common/DerivedDataCache/Buckets/BulkDataList/6a/14/16475e211ba99e76ee610cdcbf39adc366f7.udd" 8222
"C:/Users/zxxuh/AppData/Local/UnrealEngine/Common/DerivedDataCache/Buckets/BulkDataList/7a/9e/58a53f1524e0e759f9503eb4650e3ac1f1c7.udd" 8223
"C:/Users/zxxuh/AppData/Local/UnrealEngine/Common/DerivedDataCache/Buckets/BulkDataList/ff/56/f98c5c5cca874b8196aa0751bd7cbf658020.udd" 8224
"C:/Users/zxxuh/AppData/Local/UnrealEngine/Common/DerivedDataCache/Buckets/BulkDataList/d6/01/83e96698231f4c878b520e82ce6afb918144.udd" 8225
"C:/Users/zxxuh/AppData/Local/UnrealEngine/Common/DerivedDataCache/Buckets/BulkDataList/b5/6e/800e797371377296c6a11c47fba34e41b995.udd" 8226
"C:/Users/zxxuh/AppData/Local/UnrealEngine/Common/DerivedDataCache/Buckets/BulkDataList/f3/aa/4bdbc96e3da379b1f517cf7b6344abf34bec.udd" 8227
"C:/Users/zxxuh/AppData/Local/UnrealEngine/Common/DerivedDataCache/Buckets/BulkDataList/89/7f/7ee8cdbe4e271183bb57e01f3132e8f6e8cf.udd" 8228
"C:/Users/zxxuh/AppData/Local/UnrealEngine/Common/DerivedDataCache/Buckets/BulkDataList/51/90/46a992abc66dbadb937b88b02481bdc562bd.udd" 8229
"C:/Users/zxxuh/AppData/Local/UnrealEngine/Common/DerivedDataCache/Buckets/BulkDataList/28/a0/f18b80f01bc3b1b44b85c76b750fe3ae95c5.udd" 8230
"C:/Users/zxxuh/AppData/Local/UnrealEngine/Common/DerivedDataCache/Buckets/BulkDataList/60/26/3be29fdac728eb2dec7f9f5887acba13d554.udd" 8231
"C:/Users/zxxuh/AppData/Local/UnrealEngine/Common/DerivedDataCache/Buckets/BulkDataList/10/cc/a35532725ca99bfba659dd6a5cb314c3601c.udd" 8232
"C:/Users/zxxuh/AppData/Local/UnrealEngine/Common/DerivedDataCache/Buckets/BulkDataList/b8/e5/2c7bfbe5ab0400c9b7ef25e469717c290411.udd" 8233
"C:/Users/zxxuh/AppData/Local/UnrealEngine/Common/DerivedDataCache/Buckets/BulkDataList/10/85/18b93bf3d2e6203c23f38541e982b09c961a.udd" 8234
"C:/Users/zxxuh/AppData/Local/UnrealEngine/Common/DerivedDataCache/Buckets/BulkDataList/d4/65/760e41f017a6a1fad8d15c30511f51090a04.udd" 8235
"../../../Engine/Content/EngineMaterials/Substrate/GLints/dict_16_192_64_0p5_0p02_0030_0002.uasset" 8236
"../../../Engine/Content/EngineMaterials/Substrate/GLints/dict_16_192_64_0p5_0p02_0060_0014.uasset" 8237
"../../../Engine/Content/EngineMaterials/Substrate/GLints/dict_16_192_64_0p5_0p02_0037_0014.uasset" 8238
"../../../Engine/Content/EngineMaterials/Substrate/GLints/dict_16_192_64_0p5_0p02_0044_0009.uasset" 8239
"../../../Engine/Content/EngineMaterials/Substrate/GLints/dict_16_192_64_0p5_0p02_0014_0003.uasset" 8240
"../../../Engine/Content/EngineMaterials/Substrate/GLints/dict_16_192_64_0p5_0p02_0032_0008.uasset" 8241
"../../../Engine/Content/EngineMaterials/Substrate/GLints/dict_16_192_64_0p5_0p02_0053_0008.uasset" 8242
"../../../Engine/Content/EngineMaterials/Substrate/GLints/dict_16_192_64_0p5_0p02_0026_0015.uasset" 8243
"../../../Engine/Content/EngineMaterials/Substrate/GLints/dict_16_192_64_0p5_0p02_0054_0014.uasset" 8244
"../../../Engine/Content/EngineMaterials/Substrate/GLints/dict_16_192_64_0p5_0p02_0013_0000.uasset" 8245
"../../../Engine/Content/EngineMaterials/Substrate/GLints/dict_16_192_64_0p5_0p02_0009_0010.uasset" 8246
"../../../Engine/Content/EngineMaterials/Substrate/GLints/dict_16_192_64_0p5_0p02_0015_0010.uasset" 8247
"../../../Engine/Content/EngineMaterials/Substrate/GLints/dict_16_192_64_0p5_0p02_0044_0015.uasset" 8248
"../../../Engine/Content/EngineMaterials/Substrate/GLints/dict_16_192_64_0p5_0p02_0021_0013.uasset" 8249
"../../../Engine/Content/EngineMaterials/Substrate/GLints/dict_16_192_64_0p5_0p02_0006_0010.uasset" 8250
"../../../Engine/Content/EngineMaterials/Substrate/GLints/dict_16_192_64_0p5_0p02_0031_0007.uasset" 8251
"../../../Engine/Content/EngineMaterials/Substrate/GLints/dict_16_192_64_0p5_0p02_0021_0009.uasset" 8252
"../../../Engine/Content/EngineMaterials/Substrate/GLints/dict_16_192_64_0p5_0p02_0003_0012.uasset" 8253
"../../../Engine/Content/EngineMaterials/Substrate/GLints/dict_16_192_64_0p5_0p02_0009_0000.uasset" 8254
"../../../Engine/Content/EngineMaterials/Substrate/GLints/dict_16_192_64_0p5_0p02_0045_0001.uasset" 8255
"../../../Engine/Content/EngineMaterials/Substrate/GLints/dict_16_192_64_0p5_0p02_0035_0011.uasset" 8256
"../../../Engine/Content/EngineMaterials/Substrate/GLints/dict_16_192_64_0p5_0p02_0007_0010.uasset" 8257
"../../../Engine/Content/EngineMaterials/Substrate/GLints/dict_16_192_64_0p5_0p02_0034_0013.uasset" 8258
"../../../Engine/Content/EngineMaterials/Substrate/GLints/dict_16_192_64_0p5_0p02_0038_0003.uasset" 8259
"C:/Users/zxxuh/AppData/Local/UnrealEngine/Common/DerivedDataCache/Buckets/BulkDataList/ab/8f/f40e50a80fab44cea69467873479fa421986.udd" 8260
"../../../Engine/Content/EngineMaterials/Substrate/GLints/dict_16_192_64_0p5_0p02_0044_0006.uasset" 8261
"C:/Users/zxxuh/AppData/Local/UnrealEngine/Common/DerivedDataCache/Buckets/BulkDataList/3c/64/bbf126edf1534c30d1034f557af5b7a7a72d.udd" 8262
"../../../Engine/Content/EngineMaterials/Substrate/GLints/dict_16_192_64_0p5_0p02_0036_0009.uasset" 8263
"C:/Users/zxxuh/AppData/Local/UnrealEngine/Common/DerivedDataCache/Buckets/BulkDataList/dd/06/b3e6d495d823808049477311edb87eb51b8d.udd" 8264
"../../../Engine/Content/EngineMaterials/Substrate/GLints/dict_16_192_64_0p5_0p02_0026_0001.uasset" 8265
"C:/Users/zxxuh/AppData/Local/UnrealEngine/Common/DerivedDataCache/Buckets/BulkDataList/2f/93/f51a698cc882a60a9957502124bb65ec8df7.udd" 8266
"../../../Engine/Content/EngineMaterials/Substrate/GLints/dict_16_192_64_0p5_0p02_0016_0001.uasset" 8267
"C:/Users/zxxuh/AppData/Local/UnrealEngine/Common/DerivedDataCache/Buckets/BulkDataList/af/92/62a938379891aa69d4a7507ff3e4c1bd10b9.udd" 8268
"../../../Engine/Content/EngineMaterials/Substrate/GLints/dict_16_192_64_0p5_0p02_0021_0007.uasset" 8269
"C:/Users/zxxuh/AppData/Local/UnrealEngine/Common/DerivedDataCache/Buckets/BulkDataList/45/4c/ecaeb9d3d9f5aef9de22eca9ae85180ab425.udd" 8270
"../../../Engine/Content/EngineMaterials/Substrate/GLints/dict_16_192_64_0p5_0p02_0059_0006.uasset" 8271
"C:/Users/zxxuh/AppData/Local/UnrealEngine/Common/DerivedDataCache/Buckets/BulkDataList/29/cd/1e417b3cfc6846982f1ff4351b75277b1908.udd" 8272
"../../../Engine/Content/EngineMaterials/Substrate/GLints/dict_16_192_64_0p5_0p02_0042_0015.uasset" 8273
"C:/Users/zxxuh/AppData/Local/UnrealEngine/Common/DerivedDataCache/Buckets/BulkDataList/0e/2b/dca384f0fce138b3315528a133a0fd5cbb6a.udd" 8274
"../../../Engine/Content/EngineMaterials/Substrate/GLints/dict_16_192_64_0p5_0p02_0042_0010.uasset" 8275
"C:/Users/zxxuh/AppData/Local/UnrealEngine/Common/DerivedDataCache/Buckets/BulkDataList/5c/db/ce8ee105c735a1e21a5ebda7161c17e12228.udd" 8276
"C:/Users/zxxuh/AppData/Local/UnrealEngine/Common/DerivedDataCache/Buckets/BulkDataList/69/53/358130cd549e72d5c49392fad1bf0a635444.udd" 8277
"C:/Users/zxxuh/AppData/Local/UnrealEngine/Common/DerivedDataCache/Buckets/BulkDataList/79/fd/7ef02fc98622e33cbf64c5906db1782a4ebc.udd" 8278
"C:/Users/zxxuh/AppData/Local/UnrealEngine/Common/DerivedDataCache/Buckets/BulkDataList/27/80/14021b814c5c00ba086b7e961e3d3ffab044.udd" 8279
"C:/Users/zxxuh/AppData/Local/UnrealEngine/Common/DerivedDataCache/Buckets/BulkDataList/6a/e5/b29af011406acbeb9d004d18f77f2987e99d.udd" 8280
"C:/Users/zxxuh/AppData/Local/UnrealEngine/Common/DerivedDataCache/Buckets/BulkDataList/4d/af/5dbed5c6f3c4ef6c5f6643f1db8c79f4c85b.udd" 8281
"C:/Users/zxxuh/AppData/Local/UnrealEngine/Common/DerivedDataCache/Buckets/BulkDataList/1d/03/6e07d8b5226d2708c3ba634b8575f3a1e464.udd" 8282
"C:/Users/zxxuh/AppData/Local/UnrealEngine/Common/DerivedDataCache/Buckets/BulkDataList/f1/32/2c48b964a37ea877e99d708e416e6d3ea70f.udd" 8283
"C:/Users/zxxuh/AppData/Local/UnrealEngine/Common/DerivedDataCache/Buckets/BulkDataList/4d/5a/c7e008d6d64fc9dcb41636a71f24c6b23b30.udd" 8284
"C:/Users/zxxuh/AppData/Local/UnrealEngine/Common/DerivedDataCache/Buckets/BulkDataList/3e/8c/9c09d855a5ea889fc3f92953cc1869383782.udd" 8285
"C:/Users/zxxuh/AppData/Local/UnrealEngine/Common/DerivedDataCache/Buckets/BulkDataList/82/1d/272d249dae92e3eb68a010defab83971ebb8.udd" 8286
"C:/Users/zxxuh/AppData/Local/UnrealEngine/Common/DerivedDataCache/Buckets/BulkDataList/16/fd/730ffa05fefe6264196d1ad51bfc779c65c1.udd" 8287
"C:/Users/zxxuh/AppData/Local/UnrealEngine/Common/DerivedDataCache/Buckets/BulkDataList/a8/5d/18e4cfc09e3ccc2118c96936b16cb5df628d.udd" 8288
"C:/Users/zxxuh/AppData/Local/UnrealEngine/Common/DerivedDataCache/Buckets/BulkDataList/0a/82/f9d9b1254c29fb86223bd9987d6a8d564584.udd" 8289
"C:/Users/zxxuh/AppData/Local/UnrealEngine/Common/DerivedDataCache/Buckets/BulkDataList/dc/43/c2c4320c64f6ec53031fc7de3ce65d2fdb58.udd" 8290
"C:/Users/zxxuh/AppData/Local/UnrealEngine/Common/DerivedDataCache/Buckets/BulkDataList/6e/4a/51fcf1c511d2bfad4ed12fb251e1786706eb.udd" 8291
"C:/Users/zxxuh/AppData/Local/UnrealEngine/Common/DerivedDataCache/Buckets/BulkDataList/e6/ee/dc5fe530918dc1282bc37ca0ff8c2eb2ba93.udd" 8292
"C:/Users/zxxuh/AppData/Local/UnrealEngine/Common/DerivedDataCache/Buckets/BulkDataList/3a/31/67b39e7a2b8fcd8074868493440ac52820a0.udd" 8293
"C:/Users/zxxuh/AppData/Local/UnrealEngine/Common/DerivedDataCache/Buckets/BulkDataList/b1/93/0912bf0c519ebf4703b2a226323a12d34e4a.udd" 8294
"C:/Users/zxxuh/AppData/Local/UnrealEngine/Common/DerivedDataCache/Buckets/BulkDataList/ea/d7/e5eb8c37e78c980d6c5a5b78cd9b9374cc90.udd" 8295
"C:/Users/zxxuh/AppData/Local/UnrealEngine/Common/DerivedDataCache/Buckets/BulkDataList/07/da/f4cd4529c0f55a1af31fdcb4600087ba8100.udd" 8296
"C:/Users/zxxuh/AppData/Local/UnrealEngine/Common/DerivedDataCache/Buckets/BulkDataList/d4/27/7a2e57b518237046e4d9e82d959081350d7e.udd" 8297
"C:/Users/zxxuh/AppData/Local/UnrealEngine/Common/DerivedDataCache/Buckets/BulkDataList/d9/86/5844039d334b4d351770fa190b3c5fe3a1a9.udd" 8298
"C:/Users/zxxuh/AppData/Local/UnrealEngine/Common/DerivedDataCache/Buckets/BulkDataList/35/7b/549f756dedf9556f385519af99a3fa4f5085.udd" 8299
"../../../Engine/Content/EngineMaterials/Substrate/GLints/dict_16_192_64_0p5_0p02_0027_0012.uasset" 8300
"../../../Engine/Content/EngineMaterials/Substrate/GLints/dict_16_192_64_0p5_0p02_0031_0012.uasset" 8301
"../../../Engine/Content/EngineMaterials/Substrate/GLints/dict_16_192_64_0p5_0p02_0048_0009.uasset" 8302
"../../../Engine/Content/EngineMaterials/Substrate/GLints/dict_16_192_64_0p5_0p02_0037_0008.uasset" 8303
"../../../Engine/Content/EngineMaterials/Substrate/GLints/dict_16_192_64_0p5_0p02_0040_0010.uasset" 8304
"../../../Engine/Content/EngineMaterials/Substrate/GLints/dict_16_192_64_0p5_0p02_0002_0014.uasset" 8305
"../../../Engine/Content/EngineMaterials/Substrate/GLints/dict_16_192_64_0p5_0p02_0002_0009.uasset" 8306
"../../../Engine/Content/EngineMaterials/Substrate/GLints/dict_16_192_64_0p5_0p02_0014_0013.uasset" 8307
"../../../Engine/Content/EngineMaterials/Substrate/GLints/dict_16_192_64_0p5_0p02_0027_0009.uasset" 8308
"../../../Engine/Content/EngineMaterials/Substrate/GLints/dict_16_192_64_0p5_0p02_0053_0011.uasset" 8309
"../../../Engine/Content/EngineMaterials/Substrate/GLints/dict_16_192_64_0p5_0p02_0013_0006.uasset" 8310
"../../../Engine/Content/EngineMaterials/Substrate/GLints/dict_16_192_64_0p5_0p02_0051_0002.uasset" 8311
"../../../Engine/Content/EngineMaterials/Substrate/GLints/dict_16_192_64_0p5_0p02_0011_0009.uasset" 8312
"../../../Engine/Content/EngineMaterials/Substrate/GLints/dict_16_192_64_0p5_0p02_0018_0005.uasset" 8313
"../../../Engine/Content/EngineMaterials/Substrate/GLints/dict_16_192_64_0p5_0p02_0035_0007.uasset" 8314
"../../../Engine/Content/EngineMaterials/Substrate/GLints/dict_16_192_64_0p5_0p02_0050_0012.uasset" 8315
"../../../Engine/Content/EngineMaterials/Substrate/GLints/dict_16_192_64_0p5_0p02_0001_0010.uasset" 8316
"../../../Engine/Content/EngineMaterials/Substrate/GLints/dict_16_192_64_0p5_0p02_0000_0005.uasset" 8317
"../../../Engine/Content/EngineMaterials/Substrate/GLints/dict_16_192_64_0p5_0p02_0028_0004.uasset" 8318
"../../../Engine/Content/EngineMaterials/Substrate/GLints/dict_16_192_64_0p5_0p02_0009_0006.uasset" 8319
"../../../Engine/Content/EngineMaterials/Substrate/GLints/dict_16_192_64_0p5_0p02_0054_0009.uasset" 8320
"../../../Engine/Content/EngineMaterials/Substrate/GLints/dict_16_192_64_0p5_0p02_0009_0011.uasset" 8321
"../../../Engine/Content/EngineMaterials/Substrate/GLints/dict_16_192_64_0p5_0p02_0009_0001.uasset" 8322
"../../../Engine/Content/EngineMaterials/Substrate/GLints/dict_16_192_64_0p5_0p02_0048_0012.uasset" 8323
"C:/Users/zxxuh/AppData/Local/UnrealEngine/Common/DerivedDataCache/Buckets/BulkDataList/75/d9/45f932ab8dfb815e4dc87ac443f2fcce9a97.udd" 8324
"../../../Engine/Content/EngineMaterials/Substrate/GLints/dict_16_192_64_0p5_0p02_0020_0000.uasset" 8325
"C:/Users/zxxuh/AppData/Local/UnrealEngine/Common/DerivedDataCache/Buckets/BulkDataList/79/9d/08fa5f73754f448891dce4e893c6845af4ed.udd" 8326
"../../../Engine/Content/EngineMaterials/Substrate/GLints/dict_16_192_64_0p5_0p02_0010_0007.uasset" 8327
"C:/Users/zxxuh/AppData/Local/UnrealEngine/Common/DerivedDataCache/Buckets/BulkDataList/d8/43/712ac38fedcc7b18b726f554456e53978968.udd" 8328
"../../../Engine/Content/EngineMaterials/Substrate/GLints/dict_16_192_64_0p5_0p02_0042_0011.uasset" 8329
"C:/Users/zxxuh/AppData/Local/UnrealEngine/Common/DerivedDataCache/Buckets/BulkDataList/37/12/d6078858bf886533b674a0f737ab52f4edfc.udd" 8330
"../../../Engine/Content/EngineMaterials/Substrate/GLints/dict_16_192_64_0p5_0p02_0001_0007.uasset" 8331
"C:/Users/zxxuh/AppData/Local/UnrealEngine/Common/DerivedDataCache/Buckets/BulkDataList/53/55/8fe5e3fadf2ea111dbfb9428aa4599af2377.udd" 8332
"../../../Engine/Content/EngineMaterials/Substrate/GLints/dict_16_192_64_0p5_0p02_0036_0014.uasset" 8333
"C:/Users/zxxuh/AppData/Local/UnrealEngine/Common/DerivedDataCache/Buckets/BulkDataList/18/fe/5de1262251b806b5306eb9dfb32d0db0f9ae.udd" 8334
"../../../Engine/Content/EngineMaterials/Substrate/GLints/dict_16_192_64_0p5_0p02_0033_0002.uasset" 8335
"C:/Users/zxxuh/AppData/Local/UnrealEngine/Common/DerivedDataCache/Buckets/BulkDataList/7e/66/38d4d6da2ad746428107e4ee62e2642a888c.udd" 8336
"../../../Engine/Content/EngineMaterials/Substrate/GLints/dict_16_192_64_0p5_0p02_0037_0004.uasset" 8337
"../../../Engine/Content/EngineMaterials/Substrate/GLints/dict_16_192_64_0p5_0p02_0022_0015.uasset" 8338
"C:/Users/zxxuh/AppData/Local/UnrealEngine/Common/DerivedDataCache/Buckets/BulkDataList/d5/85/f076eac002d6ded2578cd0afb51111642613.udd" 8339
"C:/Users/zxxuh/AppData/Local/UnrealEngine/Common/DerivedDataCache/Buckets/BulkDataList/4f/fd/64b69576c4a568be81db77fa33efd0111c78.udd" 8340
"C:/Users/zxxuh/AppData/Local/UnrealEngine/Common/DerivedDataCache/Buckets/BulkDataList/ab/32/a36a8c452566847f8ce4ab959f1bed6219db.udd" 8341
"C:/Users/zxxuh/AppData/Local/UnrealEngine/Common/DerivedDataCache/Buckets/BulkDataList/a2/c5/32a20ec536e9042f0be8ef8c5df26118f6a8.udd" 8342
"C:/Users/zxxuh/AppData/Local/UnrealEngine/Common/DerivedDataCache/Buckets/BulkDataList/18/f0/139e9e999f3503783a1066420706cb7e2a9c.udd" 8343
"C:/Users/zxxuh/AppData/Local/UnrealEngine/Common/DerivedDataCache/Buckets/BulkDataList/b1/6d/a7610f5a1502811b1455292096979ce38831.udd" 8344
"C:/Users/zxxuh/AppData/Local/UnrealEngine/Common/DerivedDataCache/Buckets/BulkDataList/05/c7/0dda5dd932accf6c16b2f80eaba91c40280c.udd" 8345
"C:/Users/zxxuh/AppData/Local/UnrealEngine/Common/DerivedDataCache/Buckets/BulkDataList/39/c3/fccfb8d9cdacc2ceaef42b93ca379622de17.udd" 8346
"C:/Users/zxxuh/AppData/Local/UnrealEngine/Common/DerivedDataCache/Buckets/BulkDataList/30/c2/18331a117dc00362001e1da78310b8010257.udd" 8347
"C:/Users/zxxuh/AppData/Local/UnrealEngine/Common/DerivedDataCache/Buckets/BulkDataList/94/4f/7759b9e3933ef769b6de87910e2ab05304df.udd" 8348
"C:/Users/zxxuh/AppData/Local/UnrealEngine/Common/DerivedDataCache/Buckets/BulkDataList/cd/7c/e0294577ae338f3963bf8eb8a3b3ebad7ffe.udd" 8349
"C:/Users/zxxuh/AppData/Local/UnrealEngine/Common/DerivedDataCache/Buckets/BulkDataList/d3/64/9aecb937a204e2715ede6f90153675271744.udd" 8350
"C:/Users/zxxuh/AppData/Local/UnrealEngine/Common/DerivedDataCache/Buckets/BulkDataList/10/6b/c24c2adb6cd69dbe99f036765a55118dec08.udd" 8351
"C:/Users/zxxuh/AppData/Local/UnrealEngine/Common/DerivedDataCache/Buckets/BulkDataList/87/db/4f28c3f786575ecad2794b4e0f3772450632.udd" 8352
"C:/Users/zxxuh/AppData/Local/UnrealEngine/Common/DerivedDataCache/Buckets/BulkDataList/4e/c3/0aff41ff1589038b36956b7da960263e2bc3.udd" 8353
"C:/Users/zxxuh/AppData/Local/UnrealEngine/Common/DerivedDataCache/Buckets/BulkDataList/3a/69/0d0a0ade2ca32b84affaca9fbde63c244fcb.udd" 8354
"C:/Users/zxxuh/AppData/Local/UnrealEngine/Common/DerivedDataCache/Buckets/BulkDataList/74/05/4905e07579bc4105de89eba431512a3d02fa.udd" 8355
"C:/Users/zxxuh/AppData/Local/UnrealEngine/Common/DerivedDataCache/Buckets/BulkDataList/4f/20/2264da23a6dac625b8cab336f2461e229f54.udd" 8356
"C:/Users/zxxuh/AppData/Local/UnrealEngine/Common/DerivedDataCache/Buckets/BulkDataList/06/ee/367bf40e4fff44a7e74c07bd1ec42478d231.udd" 8357
"C:/Users/zxxuh/AppData/Local/UnrealEngine/Common/DerivedDataCache/Buckets/BulkDataList/5d/76/69b2a4e1ed11f75d162f589b4e800998df77.udd" 8358
"C:/Users/zxxuh/AppData/Local/UnrealEngine/Common/DerivedDataCache/Buckets/BulkDataList/9a/8e/e51e4261307a89ed204984969fc4591c28f2.udd" 8359
"C:/Users/zxxuh/AppData/Local/UnrealEngine/Common/DerivedDataCache/Buckets/BulkDataList/84/a1/d49de85abd215b0d5bd6a606711df7db3167.udd" 8360
"C:/Users/zxxuh/AppData/Local/UnrealEngine/Common/DerivedDataCache/Buckets/BulkDataList/12/64/341070a65880668fbae2e8c4f42a42106761.udd" 8361
"C:/Users/zxxuh/AppData/Local/UnrealEngine/Common/DerivedDataCache/Buckets/BulkDataList/06/04/62f0c4c863a0f6859b893179f7bca6e48e9e.udd" 8362
"C:/Users/zxxuh/AppData/Local/UnrealEngine/Common/DerivedDataCache/Buckets/BulkDataList/7f/5c/36fe7fd7c4ffef51b3f8dad2039330d182e1.udd" 8363
"../../../Engine/Content/EngineMaterials/Substrate/GLints/dict_16_192_64_0p5_0p02_0029_0015.uasset" 8364
"../../../Engine/Content/EngineMaterials/Substrate/GLints/dict_16_192_64_0p5_0p02_0000_0008.uasset" 8365
"../../../Engine/Content/EngineMaterials/Substrate/GLints/dict_16_192_64_0p5_0p02_0003_0004.uasset" 8366
"../../../Engine/Content/EngineMaterials/Substrate/GLints/dict_16_192_64_0p5_0p02_0019_0006.uasset" 8367
"../../../Engine/Content/EngineMaterials/Substrate/GLints/dict_16_192_64_0p5_0p02_0013_0010.uasset" 8368
"../../../Engine/Content/EngineMaterials/Substrate/GLints/dict_16_192_64_0p5_0p02_0029_0002.uasset" 8369
"../../../Engine/Content/EngineMaterials/Substrate/GLints/dict_16_192_64_0p5_0p02_0040_0002.uasset" 8370
"../../../Engine/Content/EngineMaterials/Substrate/GLints/dict_16_192_64_0p5_0p02_0033_0004.uasset" 8371
"../../../Engine/Content/EngineMaterials/Substrate/GLints/dict_16_192_64_0p5_0p02_0062_0003.uasset" 8372
"../../../Engine/Content/EngineMaterials/Substrate/GLints/dict_16_192_64_0p5_0p02_0011_0015.uasset" 8373
"../../../Engine/Content/EngineMaterials/Substrate/GLints/dict_16_192_64_0p5_0p02_0007_0000.uasset" 8374
"../../../Engine/Content/EngineMaterials/Substrate/GLints/dict_16_192_64_0p5_0p02_0011_0003.uasset" 8375
"../../../Engine/Content/EngineMaterials/Substrate/GLints/dict_16_192_64_0p5_0p02_0055_0013.uasset" 8376
"../../../Engine/Content/EngineMaterials/Substrate/GLints/dict_16_192_64_0p5_0p02_0037_0009.uasset" 8377
"../../../Engine/Content/EngineMaterials/Substrate/GLints/dict_16_192_64_0p5_0p02_0008_0005.uasset" 8378
"../../../Engine/Content/EngineMaterials/Substrate/GLints/dict_16_192_64_0p5_0p02_0052_0008.uasset" 8379
"../../../Engine/Content/EngineMaterials/Substrate/GLints/dict_16_192_64_0p5_0p02_0052_0009.uasset" 8380
"../../../Engine/Content/EngineMaterials/Substrate/GLints/dict_16_192_64_0p5_0p02_0039_0009.uasset" 8381
"../../../Engine/Content/EngineMaterials/Substrate/GLints/dict_16_192_64_0p5_0p02_0059_0005.uasset" 8382
"../../../Engine/Content/EngineMaterials/Substrate/GLints/dict_16_192_64_0p5_0p02_0047_0007.uasset" 8383
"../../../Engine/Content/EngineMaterials/Substrate/GLints/dict_16_192_64_0p5_0p02_0009_0008.uasset" 8384
"../../../Engine/Content/EngineMaterials/Substrate/GLints/dict_16_192_64_0p5_0p02_0037_0006.uasset" 8385
"../../../Engine/Content/EngineMaterials/Substrate/GLints/dict_16_192_64_0p5_0p02_0057_0015.uasset" 8386
"../../../Engine/Content/EngineMaterials/Substrate/GLints/dict_16_192_64_0p5_0p02_0032_0003.uasset" 8387
"C:/Users/zxxuh/AppData/Local/UnrealEngine/Common/DerivedDataCache/Buckets/BulkDataList/25/68/d6a50f53ceb9c401cb25e16b84c219150ab7.udd" 8388
"../../../Engine/Content/EngineMaterials/Substrate/GLints/dict_16_192_64_0p5_0p02_0055_0012.uasset" 8389
"C:/Users/zxxuh/AppData/Local/UnrealEngine/Common/DerivedDataCache/Buckets/BulkDataList/e5/58/ca35336857fe011122563d121cc6bd8b9cfd.udd" 8390
"../../../Engine/Content/EngineMaterials/Substrate/GLints/dict_16_192_64_0p5_0p02_0037_0011.uasset" 8391
"C:/Users/zxxuh/AppData/Local/UnrealEngine/Common/DerivedDataCache/Buckets/BulkDataList/c7/b0/3dfa674ff3483edc8c5c3e7b4c8e25e9266b.udd" 8392
"../../../Engine/Content/EngineMaterials/Substrate/GLints/dict_16_192_64_0p5_0p02_0027_0013.uasset" 8393
"C:/Users/zxxuh/AppData/Local/UnrealEngine/Common/DerivedDataCache/Buckets/BulkDataList/61/cb/cde19944f05d1fa20468f80ca8da4081ef72.udd" 8394
"../../../Engine/Content/EngineMaterials/Substrate/GLints/dict_16_192_64_0p5_0p02_0019_0009.uasset" 8395
"C:/Users/zxxuh/AppData/Local/UnrealEngine/Common/DerivedDataCache/Buckets/BulkDataList/e1/3b/0d55555500ae37a6779d13b8266024379879.udd" 8396
"../../../Engine/Content/EngineMaterials/Substrate/GLints/dict_16_192_64_0p5_0p02_0008_0000.uasset" 8397
"../../../Engine/Content/EngineMaterials/Substrate/GLints/dict_16_192_64_0p5_0p02_0034_0012.uasset" 8398
"C:/Users/zxxuh/AppData/Local/UnrealEngine/Common/DerivedDataCache/Buckets/BulkDataList/c3/24/86068b850f444d726df486c4e4524a961a6f.udd" 8399
"C:/Users/zxxuh/AppData/Local/UnrealEngine/Common/DerivedDataCache/Buckets/BulkDataList/10/97/d0c80fa8422998714cca625d607920c6ed69.udd" 8400
"../../../Engine/Content/EngineMaterials/Substrate/GLints/dict_16_192_64_0p5_0p02_0010_0005.uasset" 8401
"C:/Users/zxxuh/AppData/Local/UnrealEngine/Common/DerivedDataCache/Buckets/BulkDataList/f1/1f/e3b096fba9af0cb52f0f66af50d6cb6b3cb3.udd" 8402
"../../../Engine/Content/EngineMaterials/Substrate/GLints/dict_16_192_64_0p5_0p02_0005_0013.uasset" 8403
"C:/Users/zxxuh/AppData/Local/UnrealEngine/Common/DerivedDataCache/Buckets/BulkDataList/ca/85/1b2623e92a507b82d044d16feafdbb86260d.udd" 8404
"C:/Users/zxxuh/AppData/Local/UnrealEngine/Common/DerivedDataCache/Buckets/BulkDataList/e5/46/d2c2b347a43b265ae9172ad6b84fd65b94d1.udd" 8405
"C:/Users/zxxuh/AppData/Local/UnrealEngine/Common/DerivedDataCache/Buckets/BulkDataList/d6/bb/aee2ae1fe6b1121333eb479b2c9c70321e86.udd" 8406
"C:/Users/zxxuh/AppData/Local/UnrealEngine/Common/DerivedDataCache/Buckets/BulkDataList/a9/86/32ae01d629ce649d310b98bff7d1838f56b7.udd" 8407
"C:/Users/zxxuh/AppData/Local/UnrealEngine/Common/DerivedDataCache/Buckets/BulkDataList/c1/91/ca8982af39b22938c858a378139bec873f78.udd" 8408
"C:/Users/zxxuh/AppData/Local/UnrealEngine/Common/DerivedDataCache/Buckets/BulkDataList/3a/54/d3f628fb134c0b184853afd4bb56eb24c4c8.udd" 8409
"C:/Users/zxxuh/AppData/Local/UnrealEngine/Common/DerivedDataCache/Buckets/BulkDataList/54/6c/afcde00e0fd4994c44cc0f1c7b2b636a9186.udd" 8410
"C:/Users/zxxuh/AppData/Local/UnrealEngine/Common/DerivedDataCache/Buckets/BulkDataList/63/4a/2480bea764c10b881ba6da33ee7e9562e0c2.udd" 8411
"C:/Users/zxxuh/AppData/Local/UnrealEngine/Common/DerivedDataCache/Buckets/BulkDataList/b8/3a/66f89015ecfc33fe38e2f53f0692e817aa52.udd" 8412
"C:/Users/zxxuh/AppData/Local/UnrealEngine/Common/DerivedDataCache/Buckets/BulkDataList/d8/00/0c42cd0c7a887d49de684076efd5930376c6.udd" 8413
"C:/Users/zxxuh/AppData/Local/UnrealEngine/Common/DerivedDataCache/Buckets/BulkDataList/b5/ba/a8cd05c5ce487b50b4697dc80e138105e459.udd" 8414
"C:/Users/zxxuh/AppData/Local/UnrealEngine/Common/DerivedDataCache/Buckets/BulkDataList/7c/3f/129a3ddefe4a382fbeca710e0cd87f281403.udd" 8415
"C:/Users/zxxuh/AppData/Local/UnrealEngine/Common/DerivedDataCache/Buckets/BulkDataList/6c/cd/900e7b1dd6873d5ab2a1b840c067451c66ef.udd" 8416
"C:/Users/zxxuh/AppData/Local/UnrealEngine/Common/DerivedDataCache/Buckets/BulkDataList/18/2e/f06ec2d54976a919fc35a4e36571ffa8e597.udd" 8417
"C:/Users/zxxuh/AppData/Local/UnrealEngine/Common/DerivedDataCache/Buckets/BulkDataList/75/e6/ba0d7048401107eac2d9e02bc8440c14bffd.udd" 8418
"C:/Users/zxxuh/AppData/Local/UnrealEngine/Common/DerivedDataCache/Buckets/BulkDataList/ee/44/bc5056744f6dae10305cffcd2d8b354a4447.udd" 8419
"C:/Users/zxxuh/AppData/Local/UnrealEngine/Common/DerivedDataCache/Buckets/BulkDataList/d7/82/1f0a88cf8e191be4ffe2a86d5909b21aa951.udd" 8420
"C:/Users/zxxuh/AppData/Local/UnrealEngine/Common/DerivedDataCache/Buckets/BulkDataList/b6/8f/7454ee295f461af4fd557afcfd72f2d5fe7d.udd" 8421
"C:/Users/zxxuh/AppData/Local/UnrealEngine/Common/DerivedDataCache/Buckets/BulkDataList/22/eb/7944776c0660748473e6614061fca699eed9.udd" 8422
"C:/Users/zxxuh/AppData/Local/UnrealEngine/Common/DerivedDataCache/Buckets/BulkDataList/07/33/d845bef6e6ee48b02e9ee220176a9d194431.udd" 8423
"C:/Users/zxxuh/AppData/Local/UnrealEngine/Common/DerivedDataCache/Buckets/BulkDataList/b4/8c/8272d1880109ddd6991898950bfce7b3c801.udd" 8424
"C:/Users/zxxuh/AppData/Local/UnrealEngine/Common/DerivedDataCache/Buckets/BulkDataList/ef/5c/950fb4f81d69ebd2e9354566361c404365b4.udd" 8425
"C:/Users/zxxuh/AppData/Local/UnrealEngine/Common/DerivedDataCache/Buckets/BulkDataList/47/52/1c041d50c2dc2dd74540d6ff36007eea4f08.udd" 8426
"C:/Users/zxxuh/AppData/Local/UnrealEngine/Common/DerivedDataCache/Buckets/BulkDataList/57/46/12ea42d234f311b2d2c861e6fd003a7a0bc1.udd" 8427
"../../../Engine/Content/EngineMaterials/Substrate/GLints/dict_16_192_64_0p5_0p02_0058_0015.uasset" 8428
"../../../Engine/Content/EngineMaterials/Substrate/GLints/dict_16_192_64_0p5_0p02_0026_0008.uasset" 8429
"../../../Engine/Content/EngineMaterials/Substrate/GLints/dict_16_192_64_0p5_0p02_0038_0012.uasset" 8430
"../../../Engine/Content/EngineMaterials/Substrate/GLints/dict_16_192_64_0p5_0p02_0038_0011.uasset" 8431
"../../../Engine/Content/EngineMaterials/Substrate/GLints/dict_16_192_64_0p5_0p02_0059_0002.uasset" 8432
"../../../Engine/Content/EngineMaterials/Substrate/GLints/dict_16_192_64_0p5_0p02_0037_0012.uasset" 8433
"../../../Engine/Content/EngineMaterials/Substrate/GLints/dict_16_192_64_0p5_0p02_0012_0012.uasset" 8434
"../../../Engine/Content/EngineMaterials/Substrate/GLints/dict_16_192_64_0p5_0p02_0059_0013.uasset" 8435
"../../../Engine/Content/EngineMaterials/Substrate/GLints/dict_16_192_64_0p5_0p02_0005_0014.uasset" 8436
"../../../Engine/Content/EngineMaterials/Substrate/GLints/dict_16_192_64_0p5_0p02_0058_0006.uasset" 8437
"../../../Engine/Content/EngineMaterials/Substrate/GLints/dict_16_192_64_0p5_0p02_0060_0002.uasset" 8438
"../../../Engine/Content/EngineMaterials/Substrate/GLints/dict_16_192_64_0p5_0p02_0048_0013.uasset" 8439
"../../../Engine/Content/EngineMaterials/Substrate/GLints/dict_16_192_64_0p5_0p02_0040_0014.uasset" 8440
"../../../Engine/Content/EngineMaterials/Substrate/GLints/dict_16_192_64_0p5_0p02_0030_0011.uasset" 8441
"../../../Engine/Content/EngineMaterials/Substrate/GLints/dict_16_192_64_0p5_0p02_0032_0004.uasset" 8442
"../../../Engine/Content/EngineMaterials/Substrate/GLints/dict_16_192_64_0p5_0p02_0008_0002.uasset" 8443
"../../../Engine/Content/EngineMaterials/Substrate/GLints/dict_16_192_64_0p5_0p02_0018_0011.uasset" 8444
"../../../Engine/Content/EngineMaterials/Substrate/GLints/dict_16_192_64_0p5_0p02_0007_0001.uasset" 8445
"../../../Engine/Content/EngineMaterials/Substrate/GLints/dict_16_192_64_0p5_0p02_0041_0006.uasset" 8446
"../../../Engine/Content/EngineMaterials/Substrate/GLints/dict_16_192_64_0p5_0p02_0029_0012.uasset" 8447
"../../../Engine/Content/EngineMaterials/Substrate/GLints/dict_16_192_64_0p5_0p02_0050_0015.uasset" 8448
"../../../Engine/Content/EngineMaterials/Substrate/GLints/dict_16_192_64_0p5_0p02_0044_0001.uasset" 8449
"../../../Engine/Content/EngineMaterials/Substrate/GLints/dict_16_192_64_0p5_0p02_0025_0006.uasset" 8450
"../../../Engine/Content/EngineMaterials/Substrate/GLints/dict_16_192_64_0p5_0p02_0040_0008.uasset" 8451
"C:/Users/zxxuh/AppData/Local/UnrealEngine/Common/DerivedDataCache/Buckets/BulkDataList/38/f8/bb0ff1fcce1b16ac8b9a27fdfa9c40e41652.udd" 8452
"../../../Engine/Content/EngineMaterials/Substrate/GLints/dict_16_192_64_0p5_0p02_0013_0005.uasset" 8453
"C:/Users/zxxuh/AppData/Local/UnrealEngine/Common/DerivedDataCache/Buckets/BulkDataList/0f/a3/9a5738b64f70b7c93a9c965f1ae8c66a2464.udd" 8454
"../../../Engine/Content/EngineMaterials/Substrate/GLints/dict_16_192_64_0p5_0p02_0004_0006.uasset" 8455
"C:/Users/zxxuh/AppData/Local/UnrealEngine/Common/DerivedDataCache/Buckets/BulkDataList/ba/24/2a920186ad8cf24246fd1b23ed5e9d0d2eec.udd" 8456
"../../../Engine/Content/EngineMaterials/Substrate/GLints/dict_16_192_64_0p5_0p02_0049_0012.uasset" 8457
"C:/Users/zxxuh/AppData/Local/UnrealEngine/Common/DerivedDataCache/Buckets/BulkDataList/29/58/7875c0c96df14f9f269260dd0c16d9db0307.udd" 8458
"../../../Engine/Content/EngineMaterials/Substrate/GLints/dict_16_192_64_0p5_0p02_0041_0005.uasset" 8459
"C:/Users/zxxuh/AppData/Local/UnrealEngine/Common/DerivedDataCache/Buckets/BulkDataList/88/43/dfc60e3ee6794cc0f2763f4137e7dc4781a2.udd" 8460
"../../../Engine/Content/EngineMaterials/Substrate/GLints/dict_16_192_64_0p5_0p02_0047_0005.uasset" 8461
"C:/Users/zxxuh/AppData/Local/UnrealEngine/Common/DerivedDataCache/Buckets/BulkDataList/d9/53/10c1657fdaed729f9ee428f50e3d20b61123.udd" 8462
"../../../Engine/Content/EngineMaterials/Substrate/GLints/dict_16_192_64_0p5_0p02_0041_0002.uasset" 8463
"C:/Users/zxxuh/AppData/Local/UnrealEngine/Common/DerivedDataCache/Buckets/BulkDataList/b0/1e/c2d0a07f92978e3a223750ed0ae955a7f265.udd" 8464
"../../../Engine/Content/EngineMaterials/Substrate/GLints/dict_16_192_64_0p5_0p02_0036_0007.uasset" 8465
"C:/Users/zxxuh/AppData/Local/UnrealEngine/Common/DerivedDataCache/Buckets/BulkDataList/98/fa/84810b15afb0cbb1654dd3b5b1d2e9c36030.udd" 8466
"../../../Engine/Content/EngineMaterials/Substrate/GLints/dict_16_192_64_0p5_0p02_0011_0005.uasset" 8467
"C:/Users/zxxuh/AppData/Local/UnrealEngine/Common/DerivedDataCache/Buckets/BulkDataList/02/f7/fa3d30ca759e3022992a62ecf3eb1fca6678.udd" 8468
"C:/Users/zxxuh/AppData/Local/UnrealEngine/Common/DerivedDataCache/Buckets/BulkDataList/7a/27/133ec6c8ca32c6596823cca8ba97e1c43cad.udd" 8469
"C:/Users/zxxuh/AppData/Local/UnrealEngine/Common/DerivedDataCache/Buckets/BulkDataList/3f/cc/95aafa491d0080268b676f6fb7fb8d1e81d3.udd" 8470
"C:/Users/zxxuh/AppData/Local/UnrealEngine/Common/DerivedDataCache/Buckets/BulkDataList/3a/d4/b716af81ab53aaecd3d012bac58701d92991.udd" 8471
"C:/Users/zxxuh/AppData/Local/UnrealEngine/Common/DerivedDataCache/Buckets/BulkDataList/8b/c9/01adb3a58ce29125caec4b1654f16098cd11.udd" 8472
"C:/Users/zxxuh/AppData/Local/UnrealEngine/Common/DerivedDataCache/Buckets/BulkDataList/5d/fe/e2d5fa5bfc2cf2d5bc2e19d1b3ef91ed210c.udd" 8473
"C:/Users/zxxuh/AppData/Local/UnrealEngine/Common/DerivedDataCache/Buckets/BulkDataList/09/27/75d51809c029d0cbbec29b4705ff837d663e.udd" 8474
"C:/Users/zxxuh/AppData/Local/UnrealEngine/Common/DerivedDataCache/Buckets/BulkDataList/2b/e8/0822574cfb318afa8f8a83446d45cf2cd666.udd" 8475
"C:/Users/zxxuh/AppData/Local/UnrealEngine/Common/DerivedDataCache/Buckets/BulkDataList/c4/fd/e30a4c090aa6f8e1de398c33ba22869056b8.udd" 8476
"C:/Users/zxxuh/AppData/Local/UnrealEngine/Common/DerivedDataCache/Buckets/BulkDataList/2d/8a/5c8bb8871ce53310c279226887ef8fe6ddc3.udd" 8477
"C:/Users/zxxuh/AppData/Local/UnrealEngine/Common/DerivedDataCache/Buckets/BulkDataList/2b/66/e8ab050849bf95c45dfe3351fecb694c060e.udd" 8478
"C:/Users/zxxuh/AppData/Local/UnrealEngine/Common/DerivedDataCache/Buckets/BulkDataList/c8/dd/50cde533bd6be5f6a500c7b18e54119ff3c9.udd" 8479
"C:/Users/zxxuh/AppData/Local/UnrealEngine/Common/DerivedDataCache/Buckets/BulkDataList/b2/72/a7e250dcdf2ffeed5f5940d78e7a6b743bb8.udd" 8480
"C:/Users/zxxuh/AppData/Local/UnrealEngine/Common/DerivedDataCache/Buckets/BulkDataList/3f/df/01e1dc9ffb832e3f5aa2a12549995c56aa50.udd" 8481
"C:/Users/zxxuh/AppData/Local/UnrealEngine/Common/DerivedDataCache/Buckets/BulkDataList/0b/31/4257af61186af83c100e4ef5d9e146de0526.udd" 8482
"C:/Users/zxxuh/AppData/Local/UnrealEngine/Common/DerivedDataCache/Buckets/BulkDataList/39/b3/3141cfed7e512844940ded98d24d51128483.udd" 8483
"C:/Users/zxxuh/AppData/Local/UnrealEngine/Common/DerivedDataCache/Buckets/BulkDataList/e8/29/239d42579e89e0d2fc4b6b1473ed04dfe9dd.udd" 8484
"C:/Users/zxxuh/AppData/Local/UnrealEngine/Common/DerivedDataCache/Buckets/BulkDataList/75/9a/960bcfc7da4b618c4229f31032ac5f9b148c.udd" 8485
"C:/Users/zxxuh/AppData/Local/UnrealEngine/Common/DerivedDataCache/Buckets/BulkDataList/d1/a7/1261abd376a5ebdada4d91aa810161e85306.udd" 8486
"C:/Users/zxxuh/AppData/Local/UnrealEngine/Common/DerivedDataCache/Buckets/BulkDataList/93/8c/944f2efb9d07f18e1d007787652eff06188f.udd" 8487
"C:/Users/zxxuh/AppData/Local/UnrealEngine/Common/DerivedDataCache/Buckets/BulkDataList/84/78/885ba2bd2ad749d7c8de57c8f5655ea7f5ed.udd" 8488
"C:/Users/zxxuh/AppData/Local/UnrealEngine/Common/DerivedDataCache/Buckets/BulkDataList/ca/b8/dbe4dcc15bb7452e366127250c65780029b4.udd" 8489
"C:/Users/zxxuh/AppData/Local/UnrealEngine/Common/DerivedDataCache/Buckets/BulkDataList/d7/29/d72f505a7b2e96669ac9f5d0c32c30c8a4c7.udd" 8490
"C:/Users/zxxuh/AppData/Local/UnrealEngine/Common/DerivedDataCache/Buckets/BulkDataList/bf/4a/d5ea9305df0b57834f099c962dc02142122b.udd" 8491
"../../../Engine/Content/EngineMaterials/Substrate/GLints/dict_16_192_64_0p5_0p02_0001_0001.uasset" 8492
"../../../Engine/Content/EngineMaterials/Substrate/GLints/dict_16_192_64_0p5_0p02_0023_0011.uasset" 8493
"../../../Engine/Content/EngineMaterials/Substrate/GLints/dict_16_192_64_0p5_0p02_0018_0002.uasset" 8494
"../../../Engine/Content/EngineMaterials/Substrate/GLints/dict_16_192_64_0p5_0p02_0021_0014.uasset" 8495
"../../../Engine/Content/EngineMaterials/Substrate/GLints/dict_16_192_64_0p5_0p02_0050_0002.uasset" 8496
"../../../Engine/Content/EngineMaterials/Substrate/GLints/dict_16_192_64_0p5_0p02_0027_0014.uasset" 8497
"../../../Engine/Content/EngineMaterials/Substrate/GLints/dict_16_192_64_0p5_0p02_0028_0013.uasset" 8498
"../../../Engine/Content/EngineMaterials/Substrate/GLints/dict_16_192_64_0p5_0p02_0011_0000.uasset" 8499
"../../../Engine/Content/EngineMaterials/Substrate/GLints/dict_16_192_64_0p5_0p02_0059_0009.uasset" 8500
"../../../Engine/Content/EngineMaterials/Substrate/GLints/dict_16_192_64_0p5_0p02_0020_0014.uasset" 8501
"../../../Engine/Content/EngineMaterials/Substrate/GLints/dict_16_192_64_0p5_0p02_0052_0007.uasset" 8502
"../../../Engine/Content/EngineMaterials/Substrate/GLints/dict_16_192_64_0p5_0p02_0004_0009.uasset" 8503
"../../../Engine/Content/EngineMaterials/Substrate/GLints/dict_16_192_64_0p5_0p02_0035_0012.uasset" 8504
"../../../Engine/Content/EngineMaterials/Substrate/GLints/dict_16_192_64_0p5_0p02_0031_0009.uasset" 8505
"../../../Engine/Content/EngineMaterials/Substrate/GLints/dict_16_192_64_0p5_0p02_0059_0010.uasset" 8506
"../../../Engine/Content/EngineMaterials/Substrate/GLints/dict_16_192_64_0p5_0p02_0017_0013.uasset" 8507
"../../../Engine/Content/EngineMaterials/Substrate/GLints/dict_16_192_64_0p5_0p02_0022_0003.uasset" 8508
"../../../Engine/Content/EngineMaterials/Substrate/GLints/dict_16_192_64_0p5_0p02_0063_0013.uasset" 8509
"../../../Engine/Content/EngineMaterials/Substrate/GLints/dict_16_192_64_0p5_0p02_0033_0001.uasset" 8510
"../../../Engine/Content/EngineMaterials/Substrate/GLints/dict_16_192_64_0p5_0p02_0058_0010.uasset" 8511
"../../../Engine/Content/EngineMaterials/Substrate/GLints/dict_16_192_64_0p5_0p02_0062_0009.uasset" 8512
"../../../Engine/Content/EngineMaterials/Substrate/GLints/dict_16_192_64_0p5_0p02_0041_0004.uasset" 8513
"../../../Engine/Content/EngineMaterials/Substrate/GLints/dict_16_192_64_0p5_0p02_0043_0003.uasset" 8514
"../../../Engine/Content/EngineMaterials/Substrate/GLints/dict_16_192_64_0p5_0p02_0061_0005.uasset" 8515
"C:/Users/zxxuh/AppData/Local/UnrealEngine/Common/DerivedDataCache/Buckets/BulkDataList/5e/70/8a3960f54ad50086734dd63938d373ae556c.udd" 8516
"../../../Engine/Content/EngineMaterials/Substrate/GLints/dict_16_192_64_0p5_0p02_0063_0004.uasset" 8517
"C:/Users/zxxuh/AppData/Local/UnrealEngine/Common/DerivedDataCache/Buckets/BulkDataList/31/13/dcf1bbe8b1c01dbee7a967d8f2b96dbc8ed9.udd" 8518
"../../../Engine/Content/EngineMaterials/Substrate/GLints/dict_16_192_64_0p5_0p02_0025_0005.uasset" 8519
"C:/Users/zxxuh/AppData/Local/UnrealEngine/Common/DerivedDataCache/Buckets/BulkDataList/9e/4f/1e3039fbfcd24eda019d49387f0a5d840c94.udd" 8520
"../../../Engine/Content/EngineMaterials/Substrate/GLints/dict_16_192_64_0p5_0p02_0009_0012.uasset" 8521
"C:/Users/zxxuh/AppData/Local/UnrealEngine/Common/DerivedDataCache/Buckets/BulkDataList/ad/8b/1698b07881abbe4609d4157fbe67a77ecfd1.udd" 8522
"../../../Engine/Content/EngineMaterials/Substrate/GLints/dict_16_192_64_0p5_0p02_0003_0006.uasset" 8523
"C:/Users/zxxuh/AppData/Local/UnrealEngine/Common/DerivedDataCache/Buckets/BulkDataList/cf/47/1972c9c7ed1ecc1c7f9aa0f24cfd6ee3d8da.udd" 8524
"../../../Engine/Content/EngineMaterials/Substrate/GLints/dict_16_192_64_0p5_0p02_0007_0009.uasset" 8525
"C:/Users/zxxuh/AppData/Local/UnrealEngine/Common/DerivedDataCache/Buckets/BulkDataList/71/8b/8b4cf9fbd8823a2d91bf122556dbccae048c.udd" 8526
"../../../Engine/Content/EngineMaterials/Substrate/GLints/dict_16_192_64_0p5_0p02_0038_0005.uasset" 8527
"C:/Users/zxxuh/AppData/Local/UnrealEngine/Common/DerivedDataCache/Buckets/BulkDataList/ff/18/ba512e79f24a7635cc859a1dcd61ff3ba5ce.udd" 8528
"../../../Engine/Content/EngineMaterials/Substrate/GLints/dict_16_192_64_0p5_0p02_0023_0015.uasset" 8529
"C:/Users/zxxuh/AppData/Local/UnrealEngine/Common/DerivedDataCache/Buckets/BulkDataList/ef/45/838b0b6628cd313870f8dee7d7ea54e31c83.udd" 8530
"../../../Engine/Content/EngineMaterials/Substrate/GLints/dict_16_192_64_0p5_0p02_0011_0001.uasset" 8531
"C:/Users/zxxuh/AppData/Local/UnrealEngine/Common/DerivedDataCache/Buckets/BulkDataList/bf/70/832612fc16847d1b18c78b902442340482f3.udd" 8532
"C:/Users/zxxuh/AppData/Local/UnrealEngine/Common/DerivedDataCache/Buckets/BulkDataList/b0/c8/93e1659f9e5e9a5111a7e6e94237e4ace7ac.udd" 8533
"C:/Users/zxxuh/AppData/Local/UnrealEngine/Common/DerivedDataCache/Buckets/BulkDataList/b2/66/9dd64c24073ed44e828d8739f3acb8bb742a.udd" 8534
"C:/Users/zxxuh/AppData/Local/UnrealEngine/Common/DerivedDataCache/Buckets/BulkDataList/6e/ba/7b77fb93af04f01edd925011f2bd6bf66f7d.udd" 8535
"C:/Users/zxxuh/AppData/Local/UnrealEngine/Common/DerivedDataCache/Buckets/BulkDataList/1e/75/a74b827e4d7f6b835344163a8d31bc63fa4a.udd" 8536
"C:/Users/zxxuh/AppData/Local/UnrealEngine/Common/DerivedDataCache/Buckets/BulkDataList/f5/55/f5bd9fbd676479bdfaf52e93ecd52176891a.udd" 8537
"C:/Users/zxxuh/AppData/Local/UnrealEngine/Common/DerivedDataCache/Buckets/BulkDataList/22/b3/da615a1c04d6ded2d05d23e88509260e3708.udd" 8538
"C:/Users/zxxuh/AppData/Local/UnrealEngine/Common/DerivedDataCache/Buckets/BulkDataList/d5/bc/556a4ad8b397a4801f31f43db87c0abcfe4a.udd" 8539
"C:/Users/zxxuh/AppData/Local/UnrealEngine/Common/DerivedDataCache/Buckets/BulkDataList/fa/f7/c1f4bd0a97f8bad80d6939ed34db874d0b77.udd" 8540
"C:/Users/zxxuh/AppData/Local/UnrealEngine/Common/DerivedDataCache/Buckets/BulkDataList/51/74/8159e291352dc16c6f251a32b9a78739f7d3.udd" 8541
"C:/Users/zxxuh/AppData/Local/UnrealEngine/Common/DerivedDataCache/Buckets/BulkDataList/57/ef/67cccd672e00429cc1352d4897b98df6493b.udd" 8542
"C:/Users/zxxuh/AppData/Local/UnrealEngine/Common/DerivedDataCache/Buckets/BulkDataList/24/83/7a6e0541834ec0b26e6f3602903ec3000dfe.udd" 8543
"C:/Users/zxxuh/AppData/Local/UnrealEngine/Common/DerivedDataCache/Buckets/BulkDataList/ed/06/ce95d6cd1efccaba73691e9837f8d37e7915.udd" 8544
"C:/Users/zxxuh/AppData/Local/UnrealEngine/Common/DerivedDataCache/Buckets/BulkDataList/2a/18/0adfe15d4724056845c80981e38205d978bc.udd" 8545
"C:/Users/zxxuh/AppData/Local/UnrealEngine/Common/DerivedDataCache/Buckets/BulkDataList/a7/1c/cbcffb47978fb7f327a080e74f87d07a5f44.udd" 8546
"C:/Users/zxxuh/AppData/Local/UnrealEngine/Common/DerivedDataCache/Buckets/BulkDataList/20/07/8fc1c4dd4f35504e82049ebae7a666e5995a.udd" 8547
"C:/Users/zxxuh/AppData/Local/UnrealEngine/Common/DerivedDataCache/Buckets/BulkDataList/1d/f3/ce9b5fc6fae4c90ace581270cef19cf3c134.udd" 8548
"C:/Users/zxxuh/AppData/Local/UnrealEngine/Common/DerivedDataCache/Buckets/BulkDataList/61/0f/adc6e3a8bc6845284665286a246d019588a6.udd" 8549
"C:/Users/zxxuh/AppData/Local/UnrealEngine/Common/DerivedDataCache/Buckets/BulkDataList/7a/a9/46c8df0064ac0adc758926105f7027bb086e.udd" 8550
"C:/Users/zxxuh/AppData/Local/UnrealEngine/Common/DerivedDataCache/Buckets/BulkDataList/c5/50/05dacbc48c9e9b50bd6e9f2c34321cf1081a.udd" 8551
"C:/Users/zxxuh/AppData/Local/UnrealEngine/Common/DerivedDataCache/Buckets/BulkDataList/bf/bf/7b19127ee5b5e23ea537a30f1576d0b11040.udd" 8552
"C:/Users/zxxuh/AppData/Local/UnrealEngine/Common/DerivedDataCache/Buckets/BulkDataList/39/56/3c59c0734ebf655c39c7578d1002b435644f.udd" 8553
"C:/Users/zxxuh/AppData/Local/UnrealEngine/Common/DerivedDataCache/Buckets/BulkDataList/25/dc/ded49d5bfc1075eada5fe1fe02d1e70e4784.udd" 8554
"C:/Users/zxxuh/AppData/Local/UnrealEngine/Common/DerivedDataCache/Buckets/BulkDataList/ea/e2/4320b416fe9ea5527874086a561df8e864e6.udd" 8555
"../../../Engine/Content/EngineMaterials/Substrate/GLints/dict_16_192_64_0p5_0p02_0006_0004.uasset" 8556
"../../../Engine/Content/EngineMaterials/Substrate/GLints/dict_16_192_64_0p5_0p02_0024_0005.uasset" 8557
"../../../Engine/Content/EngineMaterials/Substrate/GLints/dict_16_192_64_0p5_0p02_0017_0014.uasset" 8558
"../../../Engine/Content/EngineMaterials/Substrate/GLints/dict_16_192_64_0p5_0p02_0036_0013.uasset" 8559
"../../../Engine/Content/EngineMaterials/Substrate/GLints/dict_16_192_64_0p5_0p02_0040_0013.uasset" 8560
"../../../Engine/Content/EngineMaterials/Substrate/GLints/dict_16_192_64_0p5_0p02_0012_0013.uasset" 8561
"../../../Engine/Content/EngineMaterials/Substrate/GLints/dict_16_192_64_0p5_0p02_0033_0007.uasset" 8562
"../../../Engine/Content/EngineMaterials/Substrate/GLints/dict_16_192_64_0p5_0p02_0012_0000.uasset" 8563
"../../../Engine/Content/EngineMaterials/Substrate/GLints/dict_16_192_64_0p5_0p02_0062_0002.uasset" 8564
"../../../Engine/Content/EngineMaterials/Substrate/GLints/dict_16_192_64_0p5_0p02_0027_0002.uasset" 8565
"../../../Engine/Content/EngineMaterials/Substrate/GLints/dict_16_192_64_0p5_0p02_0054_0012.uasset" 8566
"../../../Engine/Content/EngineMaterials/Substrate/GLints/dict_16_192_64_0p5_0p02_0031_0005.uasset" 8567
"../../../Engine/Content/EngineMaterials/Substrate/GLints/dict_16_192_64_0p5_0p02_0037_0000.uasset" 8568
"../../../Engine/Content/EngineMaterials/Substrate/GLints/dict_16_192_64_0p5_0p02_0010_0009.uasset" 8569
"../../../Engine/Content/EngineMaterials/Substrate/GLints/dict_16_192_64_0p5_0p02_0000_0001.uasset" 8570
"../../../Engine/Content/EngineMaterials/Substrate/GLints/dict_16_192_64_0p5_0p02_0031_0008.uasset" 8571
"../../../Engine/Content/EngineMaterials/Substrate/GLints/dict_16_192_64_0p5_0p02_0007_0005.uasset" 8572
"../../../Engine/Content/EngineMaterials/Substrate/GLints/dict_16_192_64_0p5_0p02_0015_0005.uasset" 8573
"../../../Engine/Content/EngineMaterials/Substrate/GLints/dict_16_192_64_0p5_0p02_0046_0015.uasset" 8574
"../../../Engine/Content/EngineMaterials/Substrate/GLints/dict_16_192_64_0p5_0p02_0035_0003.uasset" 8575
"../../../Engine/Content/EngineMaterials/Substrate/GLints/dict_16_192_64_0p5_0p02_0047_0009.uasset" 8576
"../../../Engine/Content/EngineMaterials/Substrate/GLints/dict_16_192_64_0p5_0p02_0019_0012.uasset" 8577
"../../../Engine/Content/EngineMaterials/Substrate/GLints/dict_16_192_64_0p5_0p02_0024_0015.uasset" 8578
"../../../Engine/Content/EngineMaterials/Substrate/GLints/dict_16_192_64_0p5_0p02_0062_0005.uasset" 8579
"C:/Users/zxxuh/AppData/Local/UnrealEngine/Common/DerivedDataCache/Buckets/BulkDataList/b1/0b/e38491e53bc1e2bf117bcb734d05f11d8f24.udd" 8580
"../../../Engine/Content/EngineMaterials/Substrate/GLints/dict_16_192_64_0p5_0p02_0029_0013.uasset" 8581
"C:/Users/zxxuh/AppData/Local/UnrealEngine/Common/DerivedDataCache/Buckets/BulkDataList/8a/f0/ad8a93675730ebc95071c9d45e6463e6b341.udd" 8582
"../../../Engine/Content/EngineMaterials/Substrate/GLints/dict_16_192_64_0p5_0p02_0025_0008.uasset" 8583
"C:/Users/zxxuh/AppData/Local/UnrealEngine/Common/DerivedDataCache/Buckets/BulkDataList/74/b7/351f9181df6f774ed0d6d5b693574b13a657.udd" 8584
"../../../Engine/Content/EngineMaterials/Substrate/GLints/dict_16_192_64_0p5_0p02_0016_0014.uasset" 8585
"C:/Users/zxxuh/AppData/Local/UnrealEngine/Common/DerivedDataCache/Buckets/BulkDataList/8f/a3/10b72a8e86acc2b27aae24a9e385f264bf09.udd" 8586
"../../../Engine/Content/EngineMaterials/Substrate/GLints/dict_16_192_64_0p5_0p02_0060_0012.uasset" 8587
"C:/Users/zxxuh/AppData/Local/UnrealEngine/Common/DerivedDataCache/Buckets/BulkDataList/d9/b9/b4060454333026e9667f86efa5e8cdad56a1.udd" 8588
"../../../Engine/Content/EngineMaterials/Substrate/GLints/dict_16_192_64_0p5_0p02_0026_0007.uasset" 8589
"C:/Users/zxxuh/AppData/Local/UnrealEngine/Common/DerivedDataCache/Buckets/BulkDataList/9e/1b/6f32269ae0edd3619eabb44d55da84329879.udd" 8590
"../../../Engine/Content/EngineMaterials/Substrate/GLints/dict_16_192_64_0p5_0p02_0024_0010.uasset" 8591
"C:/Users/zxxuh/AppData/Local/UnrealEngine/Common/DerivedDataCache/Buckets/BulkDataList/f5/86/d7b836130eb2d155037118b3846fac21ca22.udd" 8592
"../../../Engine/Content/EngineMaterials/Substrate/GLints/dict_16_192_64_0p5_0p02_0059_0007.uasset" 8593
"C:/Users/zxxuh/AppData/Local/UnrealEngine/Common/DerivedDataCache/Buckets/BulkDataList/80/a6/f2bb537bbd5bd12d604dda5770b73eb02810.udd" 8594
"../../../Engine/Content/EngineMaterials/Substrate/GLints/dict_16_192_64_0p5_0p02_0050_0000.uasset" 8595
"C:/Users/zxxuh/AppData/Local/UnrealEngine/Common/DerivedDataCache/Buckets/BulkDataList/f5/7f/719161f584b3a010ffd5fd1c5ef627fb6125.udd" 8596
"C:/Users/zxxuh/AppData/Local/UnrealEngine/Common/DerivedDataCache/Buckets/BulkDataList/c1/da/cf467efedebc05da698adb688ab77cc20623.udd" 8597
"C:/Users/zxxuh/AppData/Local/UnrealEngine/Common/DerivedDataCache/Buckets/BulkDataList/42/5c/9232e2b5321f16c3c73b3abab6e084b8d751.udd" 8598
"C:/Users/zxxuh/AppData/Local/UnrealEngine/Common/DerivedDataCache/Buckets/BulkDataList/e8/10/5bf54067d3de8218dccf42ca08451fbab92a.udd" 8599
"C:/Users/zxxuh/AppData/Local/UnrealEngine/Common/DerivedDataCache/Buckets/BulkDataList/2e/94/65f7125940d0fe11810b9ae0eb19e4dfd586.udd" 8600
"C:/Users/zxxuh/AppData/Local/UnrealEngine/Common/DerivedDataCache/Buckets/BulkDataList/8a/b2/dd0292ff292a8ac3ce5a156ee872268be9c9.udd" 8601
"C:/Users/zxxuh/AppData/Local/UnrealEngine/Common/DerivedDataCache/Buckets/BulkDataList/eb/5e/88f08c72c0c8f02a34cf2a1c3e48f0dc35a9.udd" 8602
"C:/Users/zxxuh/AppData/Local/UnrealEngine/Common/DerivedDataCache/Buckets/BulkDataList/cd/cb/473d1e9d6048f9600fc0d38cd1fe966cd689.udd" 8603
"C:/Users/zxxuh/AppData/Local/UnrealEngine/Common/DerivedDataCache/Buckets/BulkDataList/e0/34/9da71679e12ce80a1141109265be5c12eba8.udd" 8604
"C:/Users/zxxuh/AppData/Local/UnrealEngine/Common/DerivedDataCache/Buckets/BulkDataList/52/17/89c419c5c74fda9f5a788448e92f64df4140.udd" 8605
"C:/Users/zxxuh/AppData/Local/UnrealEngine/Common/DerivedDataCache/Buckets/BulkDataList/38/8f/b85352520ff6824c7ed005560b358decb484.udd" 8606
"C:/Users/zxxuh/AppData/Local/UnrealEngine/Common/DerivedDataCache/Buckets/BulkDataList/80/21/5d9af3661c94244205a44f22836e4bb9bbb3.udd" 8607
"C:/Users/zxxuh/AppData/Local/UnrealEngine/Common/DerivedDataCache/Buckets/BulkDataList/9f/9e/275527bfedf1f9666c642c387835ef794b98.udd" 8608
"C:/Users/zxxuh/AppData/Local/UnrealEngine/Common/DerivedDataCache/Buckets/BulkDataList/4e/8b/6500fa6e4b154cb0d463b2de2da5cb0cf5b1.udd" 8609
"C:/Users/zxxuh/AppData/Local/UnrealEngine/Common/DerivedDataCache/Buckets/BulkDataList/b1/85/9808519b31fde46629e49900554b82ed0d3f.udd" 8610
"C:/Users/zxxuh/AppData/Local/UnrealEngine/Common/DerivedDataCache/Buckets/BulkDataList/f4/05/194a75bf2ea0d0f4f0627cca53cfb4c0b7c3.udd" 8611
"C:/Users/zxxuh/AppData/Local/UnrealEngine/Common/DerivedDataCache/Buckets/BulkDataList/00/90/3fe0f28d448da3fbc482aa787e0fe919c9e2.udd" 8612
"C:/Users/zxxuh/AppData/Local/UnrealEngine/Common/DerivedDataCache/Buckets/BulkDataList/3b/bc/e13bcd8235123692af0fef58c17fe7670e14.udd" 8613
"C:/Users/zxxuh/AppData/Local/UnrealEngine/Common/DerivedDataCache/Buckets/BulkDataList/1d/4f/f3f3bfe2a754d237cdaae15817bee5eabc96.udd" 8614
"C:/Users/zxxuh/AppData/Local/UnrealEngine/Common/DerivedDataCache/Buckets/BulkDataList/39/e7/c264739227f5b9c228e4517650cdecbf47ea.udd" 8615
"C:/Users/zxxuh/AppData/Local/UnrealEngine/Common/DerivedDataCache/Buckets/BulkDataList/ea/7c/75ed8d90a13b8cb8d8a2cd9ee8e58a67532f.udd" 8616
"C:/Users/zxxuh/AppData/Local/UnrealEngine/Common/DerivedDataCache/Buckets/BulkDataList/0d/06/754f122fdb0f0c30966456f095ac5bb2db43.udd" 8617
"C:/Users/zxxuh/AppData/Local/UnrealEngine/Common/DerivedDataCache/Buckets/BulkDataList/1c/1b/26bcbeedbd5e3cea441b5933b786ffa6a1c9.udd" 8618
"C:/Users/zxxuh/AppData/Local/UnrealEngine/Common/DerivedDataCache/Buckets/BulkDataList/48/27/82c3d0b4cc687316ea2ca435e3b0d362718e.udd" 8619
"../../../Engine/Content/EngineMaterials/Substrate/GLints/dict_16_192_64_0p5_0p02_0021_0002.uasset" 8620
"../../../Engine/Content/EngineMaterials/Substrate/GLints/dict_16_192_64_0p5_0p02_0019_0004.uasset" 8621
"../../../Engine/Content/EngineMaterials/Substrate/GLints/dict_16_192_64_0p5_0p02_0052_0000.uasset" 8622
"../../../Engine/Content/EngineMaterials/Substrate/GLints/dict_16_192_64_0p5_0p02_0062_0001.uasset" 8623
"../../../Engine/Content/EngineMaterials/Substrate/GLints/dict_16_192_64_0p5_0p02_0062_0010.uasset" 8624
"../../../Engine/Content/EngineMaterials/Substrate/GLints/dict_16_192_64_0p5_0p02_0050_0004.uasset" 8625
"../../../Engine/Content/EngineMaterials/Substrate/GLints/dict_16_192_64_0p5_0p02_0039_0001.uasset" 8626
"../../../Engine/Content/EngineMaterials/Substrate/GLints/dict_16_192_64_0p5_0p02_0062_0012.uasset" 8627
"../../../Engine/Content/EngineMaterials/Substrate/GLints/dict_16_192_64_0p5_0p02_0063_0015.uasset" 8628
"../../../Engine/Content/EngineMaterials/Substrate/GLints/dict_16_192_64_0p5_0p02_0009_0015.uasset" 8629
"../../../Engine/Content/EngineMaterials/Substrate/GLints/dict_16_192_64_0p5_0p02_0048_0015.uasset" 8630
"../../../Engine/Content/EngineMaterials/Substrate/GLints/dict_16_192_64_0p5_0p02_0017_0010.uasset" 8631
"../../../Engine/Content/EngineMaterials/Substrate/GLints/dict_16_192_64_0p5_0p02_0053_0010.uasset" 8632
"../../../Engine/Content/EngineMaterials/Substrate/GLints/dict_16_192_64_0p5_0p02_0043_0010.uasset" 8633
"../../../Engine/Content/EngineMaterials/Substrate/GLints/dict_16_192_64_0p5_0p02_0033_0000.uasset" 8634
"../../../Engine/Content/EngineMaterials/Substrate/GLints/dict_16_192_64_0p5_0p02_0036_0003.uasset" 8635
"../../../Engine/Content/EngineMaterials/Substrate/GLints/dict_16_192_64_0p5_0p02_0004_0008.uasset" 8636
"../../../Engine/Content/EngineMaterials/Substrate/GLints/dict_16_192_64_0p5_0p02_0060_0009.uasset" 8637
"../../../Engine/Content/EngineMaterials/Substrate/GLints/dict_16_192_64_0p5_0p02_0008_0008.uasset" 8638
"../../../Engine/Content/EngineMaterials/Substrate/GLints/dict_16_192_64_0p5_0p02_0056_0011.uasset" 8639
"../../../Engine/Content/EngineMaterials/Substrate/GLints/dict_16_192_64_0p5_0p02_0031_0000.uasset" 8640
"../../../Engine/Content/EngineMaterials/Substrate/GLints/dict_16_192_64_0p5_0p02_0025_0012.uasset" 8641
"../../../Engine/Content/EngineMaterials/Substrate/GLints/dict_16_192_64_0p5_0p02_0004_0011.uasset" 8642
"../../../Engine/Content/EngineMaterials/Substrate/GLints/dict_16_192_64_0p5_0p02_0063_0009.uasset" 8643
"C:/Users/zxxuh/AppData/Local/UnrealEngine/Common/DerivedDataCache/Buckets/BulkDataList/96/67/66069775675e9692d80755e13379708e2e49.udd" 8644
"../../../Engine/Content/EngineMaterials/Substrate/GLints/dict_16_192_64_0p5_0p02_0024_0007.uasset" 8645
"C:/Users/zxxuh/AppData/Local/UnrealEngine/Common/DerivedDataCache/Buckets/BulkDataList/d7/79/2b3ffff00601c04b92c27b2843f5f2042d47.udd" 8646
"../../../Engine/Content/EngineMaterials/Substrate/GLints/dict_16_192_64_0p5_0p02_0001_0006.uasset" 8647
"C:/Users/zxxuh/AppData/Local/UnrealEngine/Common/DerivedDataCache/Buckets/BulkDataList/e7/93/491d36960f0008b808119e697642768a34f5.udd" 8648
"../../../Engine/Content/EngineMaterials/Substrate/GLints/dict_16_192_64_0p5_0p02_0010_0014.uasset" 8649
"C:/Users/zxxuh/AppData/Local/UnrealEngine/Common/DerivedDataCache/Buckets/BulkDataList/4c/43/c1f24cc86d5c2824e367115609c8e1540cc1.udd" 8650
"../../../Engine/Content/EngineMaterials/Substrate/GLints/dict_16_192_64_0p5_0p02_0006_0005.uasset" 8651
"C:/Users/zxxuh/AppData/Local/UnrealEngine/Common/DerivedDataCache/Buckets/BulkDataList/ae/f0/88fab8742b3b9fa9c87cf1ab1b8f5eb0d8e2.udd" 8652
"../../../Engine/Content/EngineMaterials/Substrate/GLints/dict_16_192_64_0p5_0p02_0044_0012.uasset" 8653
"C:/Users/zxxuh/AppData/Local/UnrealEngine/Common/DerivedDataCache/Buckets/BulkDataList/5c/be/7fee29b64e80444f85b476ef681639258b95.udd" 8654
"../../../Engine/Content/EngineMaterials/Substrate/GLints/dict_16_192_64_0p5_0p02_0036_0015.uasset" 8655
"C:/Users/zxxuh/AppData/Local/UnrealEngine/Common/DerivedDataCache/Buckets/BulkDataList/0d/ab/04ef440418944ad82ce269b3a5eae0da44df.udd" 8656
"../../../Engine/Content/EngineMaterials/Substrate/GLints/dict_16_192_64_0p5_0p02_0063_0012.uasset" 8657
"C:/Users/zxxuh/AppData/Local/UnrealEngine/Common/DerivedDataCache/Buckets/BulkDataList/2e/14/cec97eb481a04a8382abd78e185c8ba538f3.udd" 8658
"../../../Engine/Content/EngineMaterials/Substrate/GLints/dict_16_192_64_0p5_0p02_0054_0000.uasset" 8659
"C:/Users/zxxuh/AppData/Local/UnrealEngine/Common/DerivedDataCache/Buckets/BulkDataList/5d/c8/35de3dd59ee5c5f868346a26fdcf8fbab385.udd" 8660
"C:/Users/zxxuh/AppData/Local/UnrealEngine/Common/DerivedDataCache/Buckets/BulkDataList/75/36/7ebbb9c8f85f20741dc4ddff8108789ea92e.udd" 8661
"C:/Users/zxxuh/AppData/Local/UnrealEngine/Common/DerivedDataCache/Buckets/BulkDataList/25/ef/0ae06dee22a2dff200146e1db9ba5889e83f.udd" 8662
"C:/Users/zxxuh/AppData/Local/UnrealEngine/Common/DerivedDataCache/Buckets/BulkDataList/bb/8d/c0a0c5072c4c7d10df11cebad2ffdacc218a.udd" 8663
"C:/Users/zxxuh/AppData/Local/UnrealEngine/Common/DerivedDataCache/Buckets/BulkDataList/e9/8a/49fb9c7ed0568e0c978a580357dc8ff0a4fe.udd" 8664
"C:/Users/zxxuh/AppData/Local/UnrealEngine/Common/DerivedDataCache/Buckets/BulkDataList/45/ed/9cf8e545429ea1c8141f90ab2ca716feaec8.udd" 8665
"C:/Users/zxxuh/AppData/Local/UnrealEngine/Common/DerivedDataCache/Buckets/BulkDataList/73/17/d41c16689dac84465bc5f74b140db7a5b6d6.udd" 8666
"C:/Users/zxxuh/AppData/Local/UnrealEngine/Common/DerivedDataCache/Buckets/BulkDataList/45/07/84a71181e6011b9f36a2f348e52038b6a3ad.udd" 8667
"C:/Users/zxxuh/AppData/Local/UnrealEngine/Common/DerivedDataCache/Buckets/BulkDataList/c6/5a/35f420d8d267e0f4d10eb834fc68217852f2.udd" 8668
"C:/Users/zxxuh/AppData/Local/UnrealEngine/Common/DerivedDataCache/Buckets/BulkDataList/63/8c/1cb1a01dbe508165afe02401254d5e34aed0.udd" 8669
"C:/Users/zxxuh/AppData/Local/UnrealEngine/Common/DerivedDataCache/Buckets/BulkDataList/0c/1f/c15f4217975054994b86c99ef9f371a4f34f.udd" 8670
"C:/Users/zxxuh/AppData/Local/UnrealEngine/Common/DerivedDataCache/Buckets/BulkDataList/31/97/2c5cf8582b2b8d6e5942fa2eedb7b1cf836a.udd" 8671
"C:/Users/zxxuh/AppData/Local/UnrealEngine/Common/DerivedDataCache/Buckets/BulkDataList/40/55/d2f6a0fa94eef32c8c0b11926732b9c3bb9b.udd" 8672
"C:/Users/zxxuh/AppData/Local/UnrealEngine/Common/DerivedDataCache/Buckets/BulkDataList/9a/2b/cd0e8a045c974e890c0eba47efa2fb40257e.udd" 8673
"C:/Users/zxxuh/AppData/Local/UnrealEngine/Common/DerivedDataCache/Buckets/BulkDataList/f9/32/c6f80744867cb144dfb1f59a4ab9a20f2061.udd" 8674
"C:/Users/zxxuh/AppData/Local/UnrealEngine/Common/DerivedDataCache/Buckets/BulkDataList/39/6f/2ed9795d6b5c4cb97cfe70f65c37c297f0b0.udd" 8675
"C:/Users/zxxuh/AppData/Local/UnrealEngine/Common/DerivedDataCache/Buckets/BulkDataList/d9/95/f9d7b7f16af1c65e2eb98f98b75ebf25bcb2.udd" 8676
"C:/Users/zxxuh/AppData/Local/UnrealEngine/Common/DerivedDataCache/Buckets/BulkDataList/70/b0/eb306f512ceb5fe2bc3d7fd2b7d192ef72ff.udd" 8677
"C:/Users/zxxuh/AppData/Local/UnrealEngine/Common/DerivedDataCache/Buckets/BulkDataList/e5/53/c49ef1543f93be9c5cd193e647b68548f74d.udd" 8678
"C:/Users/zxxuh/AppData/Local/UnrealEngine/Common/DerivedDataCache/Buckets/BulkDataList/33/fb/62de79f689ad0ddef636ea452dc048f8f06f.udd" 8679
"C:/Users/zxxuh/AppData/Local/UnrealEngine/Common/DerivedDataCache/Buckets/BulkDataList/99/46/73037192d27b6baa493f0f601f5c0adebb9d.udd" 8680
"C:/Users/zxxuh/AppData/Local/UnrealEngine/Common/DerivedDataCache/Buckets/BulkDataList/33/d8/b1ea96c3af125cd22f1b5dd6aabacdb6c780.udd" 8681
"C:/Users/zxxuh/AppData/Local/UnrealEngine/Common/DerivedDataCache/Buckets/BulkDataList/42/4a/0753f4d687db535132679bfc8ff4c2c02af0.udd" 8682
"C:/Users/zxxuh/AppData/Local/UnrealEngine/Common/DerivedDataCache/Buckets/BulkDataList/6d/b4/a85bd512c1a270cbe32e542c6dff3c070f2d.udd" 8683
"../../../Engine/Content/EngineMaterials/Substrate/GLints/dict_16_192_64_0p5_0p02_0061_0000.uasset" 8684
"../../../Engine/Content/EngineMaterials/Substrate/GLints/dict_16_192_64_0p5_0p02_0063_0005.uasset" 8685
"../../../Engine/Content/EngineMaterials/Substrate/GLints/dict_16_192_64_0p5_0p02_0055_0014.uasset" 8686
"../../../Engine/Content/EngineMaterials/Substrate/GLints/dict_16_192_64_0p5_0p02_0036_0001.uasset" 8687
"../../../Engine/Content/EngineMaterials/Substrate/GLints/dict_16_192_64_0p5_0p02_0053_0005.uasset" 8688
"../../../Engine/Content/EngineMaterials/Substrate/GLints/dict_16_192_64_0p5_0p02_0042_0014.uasset" 8689
"../../../Engine/Content/EngineMaterials/Substrate/GLints/dict_16_192_64_0p5_0p02_0003_0014.uasset" 8690
"../../../Engine/Content/EngineMaterials/Substrate/GLints/dict_16_192_64_0p5_0p02_0027_0000.uasset" 8691
"../../../Engine/Content/EngineMaterials/Substrate/GLints/dict_16_192_64_0p5_0p02_0042_0009.uasset" 8692
"../../../Engine/Content/EngineMaterials/Substrate/GLints/dict_16_192_64_0p5_0p02_0039_0008.uasset" 8693
"../../../Engine/Content/EngineMaterials/Substrate/GLints/dict_16_192_64_0p5_0p02_0007_0007.uasset" 8694
"../../../Engine/Content/EngineMaterials/Substrate/GLints/dict_16_192_64_0p5_0p02_0054_0015.uasset" 8695
"../../../Engine/Content/EngineMaterials/Substrate/GLints/dict_16_192_64_0p5_0p02_0009_0005.uasset" 8696
"../../../Engine/Content/EngineMaterials/Substrate/GLints/dict_16_192_64_0p5_0p02_0019_0002.uasset" 8697
"../../../Engine/Content/EngineMaterials/Substrate/GLints/dict_16_192_64_0p5_0p02_0058_0000.uasset" 8698
"../../../Engine/Content/EngineMaterials/Substrate/GLints/dict_16_192_64_0p5_0p02_0034_0005.uasset" 8699
"../../../Engine/Content/EngineMaterials/Substrate/GLints/dict_16_192_64_0p5_0p02_0043_0004.uasset" 8700
"../../../Engine/Content/EngineMaterials/Substrate/GLints/dict_16_192_64_0p5_0p02_0006_0014.uasset" 8701
"../../../Engine/Content/EngineMaterials/Substrate/GLints/dict_16_192_64_0p5_0p02_0010_0010.uasset" 8702
"../../../Engine/Content/EngineMaterials/Substrate/GLints/dict_16_192_64_0p5_0p02_0005_0011.uasset" 8703
"../../../Engine/Content/EngineMaterials/Substrate/GLints/dict_16_192_64_0p5_0p02_0012_0010.uasset" 8704
"../../../Engine/Content/EngineMaterials/Substrate/GLints/dict_16_192_64_0p5_0p02_0021_0005.uasset" 8705
"../../../Engine/Content/EngineMaterials/Substrate/GLints/dict_16_192_64_0p5_0p02_0047_0011.uasset" 8706
"../../../Engine/Content/EngineMaterials/Substrate/GLints/dict_16_192_64_0p5_0p02_0022_0014.uasset" 8707
"C:/Users/zxxuh/AppData/Local/UnrealEngine/Common/DerivedDataCache/Buckets/BulkDataList/07/2b/40b52d63a669db68eef87d9fec59aabd3d48.udd" 8708
"../../../Engine/Content/EngineMaterials/Substrate/GLints/dict_16_192_64_0p5_0p02_0030_0014.uasset" 8709
"../../../Engine/Content/EngineMaterials/Substrate/GLints/dict_16_192_64_0p5_0p02_0045_0003.uasset" 8710
"C:/Users/zxxuh/AppData/Local/UnrealEngine/Common/DerivedDataCache/Buckets/BulkDataList/67/09/ddc5c68baf7bef77d79481b4bd0b600ad222.udd" 8711
"C:/Users/zxxuh/AppData/Local/UnrealEngine/Common/DerivedDataCache/Buckets/BulkDataList/03/22/8aeee8393d33c15c2d9a7070668cb67fc2eb.udd" 8712
"../../../Engine/Content/EngineMaterials/Substrate/GLints/dict_16_192_64_0p5_0p02_0044_0004.uasset" 8713
"C:/Users/zxxuh/AppData/Local/UnrealEngine/Common/DerivedDataCache/Buckets/BulkDataList/cb/d1/a667faafb4db91541d515d37b28c6ac4e588.udd" 8714
"../../../Engine/Content/EngineMaterials/Substrate/GLints/dict_16_192_64_0p5_0p02_0005_0003.uasset" 8715
"C:/Users/zxxuh/AppData/Local/UnrealEngine/Common/DerivedDataCache/Buckets/BulkDataList/30/af/76f924b4162658f1067586c002859217a0e1.udd" 8716
"../../../Engine/Content/EngineMaterials/Substrate/GLints/dict_16_192_64_0p5_0p02_0040_0005.uasset" 8717
"C:/Users/zxxuh/AppData/Local/UnrealEngine/Common/DerivedDataCache/Buckets/BulkDataList/5a/bc/546b36c38cc0e0125e57577d92ddf01b8cbd.udd" 8718
"../../../Engine/Content/EngineMaterials/Substrate/GLints/dict_16_192_64_0p5_0p02_0026_0005.uasset" 8719
"C:/Users/zxxuh/AppData/Local/UnrealEngine/Common/DerivedDataCache/Buckets/BulkDataList/90/07/375c74ebd5a0ab11143ccadfb85bd206ef1e.udd" 8720
"../../../Engine/Content/EngineMaterials/Substrate/GLints/dict_16_192_64_0p5_0p02_0057_0007.uasset" 8721
"C:/Users/zxxuh/AppData/Local/UnrealEngine/Common/DerivedDataCache/Buckets/BulkDataList/63/b4/6d953e4696058fef40ef0493e8d9dd3df4d0.udd" 8722
"../../../Engine/Content/EngineMaterials/Substrate/GLints/dict_16_192_64_0p5_0p02_0031_0014.uasset" 8723
"C:/Users/zxxuh/AppData/Local/UnrealEngine/Common/DerivedDataCache/Buckets/BulkDataList/10/40/0d355aca2bec1bd5be652d4e40b9e6f97ef2.udd" 8724
"C:/Users/zxxuh/AppData/Local/UnrealEngine/Common/DerivedDataCache/Buckets/BulkDataList/0d/85/147ec3e416b1604afe5b9b65f16a287fea0c.udd" 8725
"C:/Users/zxxuh/AppData/Local/UnrealEngine/Common/DerivedDataCache/Buckets/BulkDataList/c9/d5/3df6a9c563e9cc8b48086830f9d95ed61678.udd" 8726
"C:/Users/zxxuh/AppData/Local/UnrealEngine/Common/DerivedDataCache/Buckets/BulkDataList/a1/1a/8f755a5551a696f3cdbf69935ec0a429ce55.udd" 8727
"C:/Users/zxxuh/AppData/Local/UnrealEngine/Common/DerivedDataCache/Buckets/BulkDataList/e3/49/befc4df85dbc94b1c70d9572c77d7382c248.udd" 8728
"C:/Users/zxxuh/AppData/Local/UnrealEngine/Common/DerivedDataCache/Buckets/BulkDataList/1b/e4/77b2923380387bf2b058b467f8920b855989.udd" 8729
"C:/Users/zxxuh/AppData/Local/UnrealEngine/Common/DerivedDataCache/Buckets/BulkDataList/c8/96/e3882f0b544b6ec5f9f3d59a2fcb4c21a996.udd" 8730
"C:/Users/zxxuh/AppData/Local/UnrealEngine/Common/DerivedDataCache/Buckets/BulkDataList/39/f2/3972cfe899bdd681cda2c2327e6d686dc9b1.udd" 8731
"C:/Users/zxxuh/AppData/Local/UnrealEngine/Common/DerivedDataCache/Buckets/BulkDataList/e4/e7/e94256d5617abe84dc0cde5a284db2dc56a5.udd" 8732
"C:/Users/zxxuh/AppData/Local/UnrealEngine/Common/DerivedDataCache/Buckets/BulkDataList/1b/cc/790819fe11fe898794a8bfd24db17e119f06.udd" 8733
"C:/Users/zxxuh/AppData/Local/UnrealEngine/Common/DerivedDataCache/Buckets/BulkDataList/a5/ca/c5ea41ff27049c45e85e21a5c84815085a1e.udd" 8734
"C:/Users/zxxuh/AppData/Local/UnrealEngine/Common/DerivedDataCache/Buckets/BulkDataList/93/c3/d9787680f80b501ad9b638ded7c3222c0bde.udd" 8735
"C:/Users/zxxuh/AppData/Local/UnrealEngine/Common/DerivedDataCache/Buckets/BulkDataList/7d/74/9596eeb2311069cc10abd9773f1a50dcef65.udd" 8736
"C:/Users/zxxuh/AppData/Local/UnrealEngine/Common/DerivedDataCache/Buckets/BulkDataList/1d/f3/1cea39cdb4ad08420b384da2aee38d45435b.udd" 8737
"C:/Users/zxxuh/AppData/Local/UnrealEngine/Common/DerivedDataCache/Buckets/BulkDataList/b4/8c/d15c441d0ebe878cee9a5c6d5a4837615328.udd" 8738
"C:/Users/zxxuh/AppData/Local/UnrealEngine/Common/DerivedDataCache/Buckets/BulkDataList/5f/81/71b2f8a617e604ec2a69be8e46a4f859656f.udd" 8739
"C:/Users/zxxuh/AppData/Local/UnrealEngine/Common/DerivedDataCache/Buckets/BulkDataList/b6/92/c9acab4775f4ad0fb339c7bbb308319fe047.udd" 8740
"C:/Users/zxxuh/AppData/Local/UnrealEngine/Common/DerivedDataCache/Buckets/BulkDataList/e1/48/4a2f0043be6f99fef6217e7158294f981e4d.udd" 8741
"C:/Users/zxxuh/AppData/Local/UnrealEngine/Common/DerivedDataCache/Buckets/BulkDataList/d9/d2/d1b9145832ac3524d177b886e73499d10148.udd" 8742
"C:/Users/zxxuh/AppData/Local/UnrealEngine/Common/DerivedDataCache/Buckets/BulkDataList/57/85/67f3757b8acc34d86e2212e8157b742f2638.udd" 8743
"C:/Users/zxxuh/AppData/Local/UnrealEngine/Common/DerivedDataCache/Buckets/BulkDataList/8d/7f/96a43580610f6e990926b6868cc0427f5df9.udd" 8744
"C:/Users/zxxuh/AppData/Local/UnrealEngine/Common/DerivedDataCache/Buckets/BulkDataList/80/da/2bb293a0d515cb2dce38c892fac03521c242.udd" 8745
"C:/Users/zxxuh/AppData/Local/UnrealEngine/Common/DerivedDataCache/Buckets/BulkDataList/bd/57/d7acba614ad0a055b879ffe29c77ad8f2f9a.udd" 8746
"C:/Users/zxxuh/AppData/Local/UnrealEngine/Common/DerivedDataCache/Buckets/BulkDataList/07/26/56c19a7653f53c70125936fe46001b9af545.udd" 8747
"../../../Engine/Content/EngineMaterials/Substrate/GLints/dict_16_192_64_0p5_0p02_0006_0009.uasset" 8748
"../../../Engine/Content/EngineMaterials/Substrate/GLints/dict_16_192_64_0p5_0p02_0038_0009.uasset" 8749
"../../../Engine/Content/EngineMaterials/Substrate/GLints/dict_16_192_64_0p5_0p02_0005_0006.uasset" 8750
"../../../Engine/Content/EngineMaterials/Substrate/GLints/dict_16_192_64_0p5_0p02_0032_0011.uasset" 8751
"../../../Engine/Content/EngineMaterials/Substrate/GLints/dict_16_192_64_0p5_0p02_0029_0009.uasset" 8752
"../../../Engine/Content/EngineMaterials/Substrate/GLints/dict_16_192_64_0p5_0p02_0041_0009.uasset" 8753
"../../../Engine/Content/EngineMaterials/Substrate/GLints/dict_16_192_64_0p5_0p02_0038_0002.uasset" 8754
"../../../Engine/Content/EngineMaterials/Substrate/GLints/dict_16_192_64_0p5_0p02_0063_0000.uasset" 8755
"../../../Engine/Content/EngineMaterials/Substrate/GLints/dict_16_192_64_0p5_0p02_0040_0007.uasset" 8756
"../../../Engine/Content/EngineMaterials/Substrate/GLints/dict_16_192_64_0p5_0p02_0015_0004.uasset" 8757
"../../../Engine/Content/EngineMaterials/Substrate/GLints/dict_16_192_64_0p5_0p02_0059_0011.uasset" 8758
"../../../Engine/Content/EngineMaterials/Substrate/GLints/dict_16_192_64_0p5_0p02_0051_0007.uasset" 8759
"../../../Engine/Content/EngineMaterials/Substrate/GLints/dict_16_192_64_0p5_0p02_0010_0012.uasset" 8760
"../../../Engine/Content/EngineMaterials/Substrate/GLints/dict_16_192_64_0p5_0p02_0021_0006.uasset" 8761
"../../../Engine/Content/EngineMaterials/Substrate/GLints/dict_16_192_64_0p5_0p02_0006_0007.uasset" 8762
"../../../Engine/Content/EngineMaterials/Substrate/GLints/dict_16_192_64_0p5_0p02_0004_0005.uasset" 8763
"../../../Engine/Content/EngineMaterials/Substrate/GLints/dict_16_192_64_0p5_0p02_0004_0014.uasset" 8764
"../../../Engine/Content/EngineMaterials/Substrate/GLints/dict_16_192_64_0p5_0p02_0009_0014.uasset" 8765
"../../../Engine/Content/EngineMaterials/Substrate/GLints/dict_16_192_64_0p5_0p02_0049_0015.uasset" 8766
"../../../Engine/Content/EngineMaterials/Substrate/GLints/dict_16_192_64_0p5_0p02_0041_0003.uasset" 8767
"../../../Engine/Content/EngineMaterials/Substrate/GLints/dict_16_192_64_0p5_0p02_0054_0008.uasset" 8768
"../../../Engine/Content/EngineMaterials/Substrate/GLints/dict_16_192_64_0p5_0p02_0049_0008.uasset" 8769
"../../../Engine/Content/EngineMaterials/Substrate/GLints/dict_16_192_64_0p5_0p02_0046_0010.uasset" 8770
"../../../Engine/Content/EngineMaterials/Substrate/GLints/dict_16_192_64_0p5_0p02_0055_0015.uasset" 8771
"C:/Users/zxxuh/AppData/Local/UnrealEngine/Common/DerivedDataCache/Buckets/BulkDataList/30/5e/fd8e2728b31a25af890b1906fe582049823c.udd" 8772
"../../../Engine/Content/EngineMaterials/Substrate/GLints/dict_16_192_64_0p5_0p02_0039_0003.uasset" 8773
"C:/Users/zxxuh/AppData/Local/UnrealEngine/Common/DerivedDataCache/Buckets/BulkDataList/6d/51/ebcbd888287f7c25d994d107fc862210109f.udd" 8774
"../../../Engine/Content/EngineMaterials/Substrate/GLints/dict_16_192_64_0p5_0p02_0060_0005.uasset" 8775
"C:/Users/zxxuh/AppData/Local/UnrealEngine/Common/DerivedDataCache/Buckets/BulkDataList/76/bb/27d0d1475c48a65c42beaca60a21c6984446.udd" 8776
"../../../Engine/Content/EngineMaterials/Substrate/GLints/dict_16_192_64_0p5_0p02_0047_0004.uasset" 8777
"C:/Users/zxxuh/AppData/Local/UnrealEngine/Common/DerivedDataCache/Buckets/BulkDataList/5f/4e/341c793920223cbe8d2aa75bec57207f16f1.udd" 8778
"../../../Engine/Content/EngineMaterials/Substrate/GLints/dict_16_192_64_0p5_0p02_0030_0010.uasset" 8779
"C:/Users/zxxuh/AppData/Local/UnrealEngine/Common/DerivedDataCache/Buckets/BulkDataList/ef/e7/dc09898bea6f1e36cbd6c8c470612494aa6c.udd" 8780
"../../../Engine/Content/EngineMaterials/Substrate/GLints/dict_16_192_64_0p5_0p02_0016_0007.uasset" 8781
"C:/Users/zxxuh/AppData/Local/UnrealEngine/Common/DerivedDataCache/Buckets/BulkDataList/0d/a6/8dc42d79f8b5cfbc79c27f0d481ba6691bb4.udd" 8782
"../../../Engine/Content/EngineMaterials/Substrate/GLints/dict_16_192_64_0p5_0p02_0011_0010.uasset" 8783
"C:/Users/zxxuh/AppData/Local/UnrealEngine/Common/DerivedDataCache/Buckets/BulkDataList/c3/cc/e6c836de68c716495aa65d4b408f309654c7.udd" 8784
"../../../Engine/Content/EngineMaterials/Substrate/GLints/dict_16_192_64_0p5_0p02_0043_0013.uasset" 8785
"C:/Users/zxxuh/AppData/Local/UnrealEngine/Common/DerivedDataCache/Buckets/BulkDataList/4b/d3/00e8e58aa8ff49a33cdf331c1bfbc481925b.udd" 8786
"../../../Engine/Content/EngineMaterials/Substrate/GLints/dict_16_192_64_0p5_0p02_0046_0001.uasset" 8787
"C:/Users/zxxuh/AppData/Local/UnrealEngine/Common/DerivedDataCache/Buckets/BulkDataList/75/22/03b71d6691e8ff5712fdc340c337f56a35b8.udd" 8788
"C:/Users/zxxuh/AppData/Local/UnrealEngine/Common/DerivedDataCache/Buckets/BulkDataList/36/95/2eddd9b028f8ae3fec0bf962c5d079d3afe7.udd" 8789
"C:/Users/zxxuh/AppData/Local/UnrealEngine/Common/DerivedDataCache/Buckets/BulkDataList/f4/95/5f943f68a76a7105a2b9dc49e11187093d87.udd" 8790
"C:/Users/zxxuh/AppData/Local/UnrealEngine/Common/DerivedDataCache/Buckets/BulkDataList/6e/85/ccec73698cd423a303d031fc66ee3f851936.udd" 8791
"C:/Users/zxxuh/AppData/Local/UnrealEngine/Common/DerivedDataCache/Buckets/BulkDataList/b3/0f/6cb0cd0d7d6f7263e6933afe6ba6da8857f5.udd" 8792
"C:/Users/zxxuh/AppData/Local/UnrealEngine/Common/DerivedDataCache/Buckets/BulkDataList/31/67/d3308783a6606a6c8522d6e5b30994bd9e44.udd" 8793
"C:/Users/zxxuh/AppData/Local/UnrealEngine/Common/DerivedDataCache/Buckets/BulkDataList/32/f4/880d94f914939cd803ead457d0a28e7a7e20.udd" 8794
"C:/Users/zxxuh/AppData/Local/UnrealEngine/Common/DerivedDataCache/Buckets/BulkDataList/ba/3c/47b3c7d8914593bf9e5b467ec91c1199775e.udd" 8795
"C:/Users/zxxuh/AppData/Local/UnrealEngine/Common/DerivedDataCache/Buckets/BulkDataList/70/25/f873417ba83f6b4bf522083ffbc1b669567b.udd" 8796
"C:/Users/zxxuh/AppData/Local/UnrealEngine/Common/DerivedDataCache/Buckets/BulkDataList/d1/84/4e5835d14040f3e8903431b9047af25f549d.udd" 8797
"C:/Users/zxxuh/AppData/Local/UnrealEngine/Common/DerivedDataCache/Buckets/BulkDataList/bf/84/30b616166aaff58bcfe491e8cbbc00f600a0.udd" 8798
"C:/Users/zxxuh/AppData/Local/UnrealEngine/Common/DerivedDataCache/Buckets/BulkDataList/dc/75/1dc1c1cac8c24e9ed40404f8259e225cfd1f.udd" 8799
"C:/Users/zxxuh/AppData/Local/UnrealEngine/Common/DerivedDataCache/Buckets/BulkDataList/77/b5/95de79dcb6eedd4116cb68f1326f12cf06bb.udd" 8800
"C:/Users/zxxuh/AppData/Local/UnrealEngine/Common/DerivedDataCache/Buckets/BulkDataList/61/db/b277a35f0421808624045d66c48a355d9a22.udd" 8801
"C:/Users/zxxuh/AppData/Local/UnrealEngine/Common/DerivedDataCache/Buckets/BulkDataList/18/2a/f7083b0da58ed0bd63aebe493877cc10d53a.udd" 8802
"C:/Users/zxxuh/AppData/Local/UnrealEngine/Common/DerivedDataCache/Buckets/BulkDataList/88/79/5bb17e9a30050b571eab0f8f92237670f31b.udd" 8803
"C:/Users/zxxuh/AppData/Local/UnrealEngine/Common/DerivedDataCache/Buckets/BulkDataList/fe/4d/e58bec2875b25a6ba092022c58e62f73cc8e.udd" 8804
"C:/Users/zxxuh/AppData/Local/UnrealEngine/Common/DerivedDataCache/Buckets/BulkDataList/3d/f8/1ba4390d5d22587ec8006c854c9e264ee316.udd" 8805
"C:/Users/zxxuh/AppData/Local/UnrealEngine/Common/DerivedDataCache/Buckets/BulkDataList/55/e8/ac8daf1a665a7828529f7833db47f39d18f1.udd" 8806
"C:/Users/zxxuh/AppData/Local/UnrealEngine/Common/DerivedDataCache/Buckets/BulkDataList/32/01/dc400448068b715600c899b59c309e1226f0.udd" 8807
"C:/Users/zxxuh/AppData/Local/UnrealEngine/Common/DerivedDataCache/Buckets/BulkDataList/2e/ba/208e3fecd8eb064ae1fba723fec38f436952.udd" 8808
"C:/Users/zxxuh/AppData/Local/UnrealEngine/Common/DerivedDataCache/Buckets/BulkDataList/c7/03/3c6a672703f66b7cd7a81f4351d8f30644b3.udd" 8809
"C:/Users/zxxuh/AppData/Local/UnrealEngine/Common/DerivedDataCache/Buckets/BulkDataList/0f/cc/bf8398b8fff21c704275b656ed031598f120.udd" 8810
"C:/Users/zxxuh/AppData/Local/UnrealEngine/Common/DerivedDataCache/Buckets/BulkDataList/9d/3e/8df9a6ad0880a9a95f3be324022694e093ff.udd" 8811
"../../../Engine/Content/EngineMaterials/Substrate/GLints/dict_16_192_64_0p5_0p02_0026_0000.uasset" 8812
"../../../Engine/Content/EngineMaterials/Substrate/GLints/dict_16_192_64_0p5_0p02_0014_0004.uasset" 8813
"../../../Engine/Content/EngineMaterials/Substrate/GLints/dict_16_192_64_0p5_0p02_0034_0006.uasset" 8814
"../../../Engine/Content/EngineMaterials/Substrate/GLints/dict_16_192_64_0p5_0p02_0053_0006.uasset" 8815
"../../../Engine/Content/EngineMaterials/Substrate/GLints/dict_16_192_64_0p5_0p02_0047_0012.uasset" 8816
"../../../Engine/Content/EngineMaterials/Substrate/GLints/dict_16_192_64_0p5_0p02_0011_0012.uasset" 8817
"../../../Engine/Content/EngineMaterials/Substrate/GLints/dict_16_192_64_0p5_0p02_0048_0005.uasset" 8818
"../../../Engine/Content/EngineMaterials/Substrate/GLints/dict_16_192_64_0p5_0p02_0058_0003.uasset" 8819
"../../../Engine/Content/EngineMaterials/Substrate/GLints/dict_16_192_64_0p5_0p02_0049_0014.uasset" 8820
"../../../Engine/Content/EngineMaterials/Substrate/GLints/dict_16_192_64_0p5_0p02_0017_0008.uasset" 8821
"../../../Engine/Content/EngineMaterials/Substrate/GLints/dict_16_192_64_0p5_0p02_0063_0008.uasset" 8822
"../../../Engine/Content/EngineMaterials/Substrate/GLints/dict_16_192_64_0p5_0p02_0009_0013.uasset" 8823
"../../../Engine/Content/EngineMaterials/Substrate/GLints/dict_16_192_64_0p5_0p02_0056_0014.uasset" 8824
"../../../Engine/Content/EngineMaterials/Substrate/GLints/dict_16_192_64_0p5_0p02_0007_0013.uasset" 8825
"../../../Engine/Content/EngineMaterials/Substrate/GLints/dict_16_192_64_0p5_0p02_0025_0002.uasset" 8826
"../../../Engine/Content/EngineMaterials/Substrate/GLints/dict_16_192_64_0p5_0p02_0030_0005.uasset" 8827
"../../../Engine/Content/EngineMaterials/Substrate/GLints/dict_16_192_64_0p5_0p02_0015_0001.uasset" 8828
"../../../Engine/Content/EngineMaterials/Substrate/GLints/dict_16_192_64_0p5_0p02_0011_0011.uasset" 8829
"../../../Engine/Content/EngineMaterials/Substrate/GLints/dict_16_192_64_0p5_0p02_0001_0009.uasset" 8830
"../../../Engine/Content/EngineMaterials/Substrate/GLints/dict_16_192_64_0p5_0p02_0013_0013.uasset" 8831
"../../../Engine/Content/EngineMaterials/Substrate/GLints/dict_16_192_64_0p5_0p02_0028_0015.uasset" 8832
"../../../Engine/Content/EngineMaterials/Substrate/GLints/dict_16_192_64_0p5_0p02_0011_0004.uasset" 8833
"../../../Engine/Content/EngineMaterials/Substrate/GLints/dict_16_192_64_0p5_0p02_0061_0013.uasset" 8834
"../../../Engine/Content/EngineMaterials/Substrate/GLints/dict_16_192_64_0p5_0p02_0002_0015.uasset" 8835
"C:/Users/zxxuh/AppData/Local/UnrealEngine/Common/DerivedDataCache/Buckets/BulkDataList/26/b4/278ebeba4a4a0370c255456aba6e71515c96.udd" 8836
"../../../Engine/Content/EngineMaterials/Substrate/GLints/dict_16_192_64_0p5_0p02_0062_0014.uasset" 8837
"C:/Users/zxxuh/AppData/Local/UnrealEngine/Common/DerivedDataCache/Buckets/BulkDataList/23/ed/cbb47f1f40b8f4b63f885a0d065273b9e9a8.udd" 8838
"../../../Engine/Content/EngineMaterials/Substrate/GLints/dict_16_192_64_0p5_0p02_0036_0006.uasset" 8839
"C:/Users/zxxuh/AppData/Local/UnrealEngine/Common/DerivedDataCache/Buckets/BulkDataList/2a/86/2f93f5f6464b98e45fb0fa5059e312afb86c.udd" 8840
"../../../Engine/Content/EngineMaterials/Substrate/GLints/dict_16_192_64_0p5_0p02_0013_0001.uasset" 8841
"C:/Users/zxxuh/AppData/Local/UnrealEngine/Common/DerivedDataCache/Buckets/BulkDataList/3f/e5/6b2556ed4e6324a4a7c1d4b902a1035381d4.udd" 8842
"../../../Engine/Content/EngineMaterials/Substrate/GLints/dict_16_192_64_0p5_0p02_0021_0011.uasset" 8843
"C:/Users/zxxuh/AppData/Local/UnrealEngine/Common/DerivedDataCache/Buckets/BulkDataList/05/81/df6bbdb744c04f2c501180faccaa40d57d22.udd" 8844
"../../../Engine/Content/EngineMaterials/Substrate/GLints/dict_16_192_64_0p5_0p02_0035_0010.uasset" 8845
"C:/Users/zxxuh/AppData/Local/UnrealEngine/Common/DerivedDataCache/Buckets/BulkDataList/ca/65/c1c68e0c3ea2c74deb493aaa002be5c16cbe.udd" 8846
"../../../Engine/Content/EngineMaterials/Substrate/GLints/dict_16_192_64_0p5_0p02_0001_0012.uasset" 8847
"C:/Users/zxxuh/AppData/Local/UnrealEngine/Common/DerivedDataCache/Buckets/BulkDataList/ab/3c/eee55e67cc1eb2c5009c0f29dd424809f6fb.udd" 8848
"../../../Engine/Content/EngineMaterials/Substrate/GLints/dict_16_192_64_0p5_0p02_0023_0001.uasset" 8849
"C:/Users/zxxuh/AppData/Local/UnrealEngine/Common/DerivedDataCache/Buckets/BulkDataList/24/6a/25f76cf376d09a93fc10d3dd355a03ebdf10.udd" 8850
"../../../Engine/Content/EngineMaterials/Substrate/GLints/dict_16_192_64_0p5_0p02_0056_0002.uasset" 8851
"C:/Users/zxxuh/AppData/Local/UnrealEngine/Common/DerivedDataCache/Buckets/BulkDataList/a6/a3/98f98220b4f8d542ca090ebb8e274e0d11b3.udd" 8852
"C:/Users/zxxuh/AppData/Local/UnrealEngine/Common/DerivedDataCache/Buckets/BulkDataList/91/82/fcd02e995e433e3cb640a5220a33d7223c67.udd" 8853
"C:/Users/zxxuh/AppData/Local/UnrealEngine/Common/DerivedDataCache/Buckets/BulkDataList/d9/d9/0ca1b5ec654c3ed3b228c2f918badc24c76e.udd" 8854
"C:/Users/zxxuh/AppData/Local/UnrealEngine/Common/DerivedDataCache/Buckets/BulkDataList/79/8e/5ecd0d828f257dbf32173312273832511a74.udd" 8855
"C:/Users/zxxuh/AppData/Local/UnrealEngine/Common/DerivedDataCache/Buckets/BulkDataList/16/c5/e418f7b35af0c695f810a8a995f3c8fd6079.udd" 8856
"C:/Users/zxxuh/AppData/Local/UnrealEngine/Common/DerivedDataCache/Buckets/BulkDataList/67/12/bde19d39cf8a3dc91d6bac73e68da8d572d7.udd" 8857
"C:/Users/zxxuh/AppData/Local/UnrealEngine/Common/DerivedDataCache/Buckets/BulkDataList/17/0b/58667ea10e1eb49a7722bf7d2df41090c16f.udd" 8858
"C:/Users/zxxuh/AppData/Local/UnrealEngine/Common/DerivedDataCache/Buckets/BulkDataList/0f/af/78883491ca23d01125a1b995f23c490c4ad3.udd" 8859
"C:/Users/zxxuh/AppData/Local/UnrealEngine/Common/DerivedDataCache/Buckets/BulkDataList/c6/42/a4c7be7a09fc80dcfb742cc7b5e324741789.udd" 8860
"C:/Users/zxxuh/AppData/Local/UnrealEngine/Common/DerivedDataCache/Buckets/BulkDataList/f6/77/ec4d17113e654112b2c4d898ec1398717051.udd" 8861
"C:/Users/zxxuh/AppData/Local/UnrealEngine/Common/DerivedDataCache/Buckets/BulkDataList/38/65/67c2639b115e3ff43cfc2a7cd45c46e0399c.udd" 8862
"C:/Users/zxxuh/AppData/Local/UnrealEngine/Common/DerivedDataCache/Buckets/BulkDataList/bf/36/1057b7c338142f614c96864d18272a7f288c.udd" 8863
"C:/Users/zxxuh/AppData/Local/UnrealEngine/Common/DerivedDataCache/Buckets/BulkDataList/90/ad/70d1a1232e5626b891523dce88e684f49ae1.udd" 8864
"C:/Users/zxxuh/AppData/Local/UnrealEngine/Common/DerivedDataCache/Buckets/BulkDataList/67/04/704ee9922e8b47182a0914354ae6e14a1129.udd" 8865
"C:/Users/zxxuh/AppData/Local/UnrealEngine/Common/DerivedDataCache/Buckets/BulkDataList/63/3a/c44094b7e4a6c4edd348ceae22f5618ea394.udd" 8866
"C:/Users/zxxuh/AppData/Local/UnrealEngine/Common/DerivedDataCache/Buckets/BulkDataList/03/32/bceeabdcfd5742c24b53cc42682aaa33cfdf.udd" 8867
"C:/Users/zxxuh/AppData/Local/UnrealEngine/Common/DerivedDataCache/Buckets/BulkDataList/1d/67/2d501fea8000d3ba8ee50d0d3de17eba6b2a.udd" 8868
"C:/Users/zxxuh/AppData/Local/UnrealEngine/Common/DerivedDataCache/Buckets/BulkDataList/9b/52/1c4f4ad508ae9f1b59de16e1b9cd332c939f.udd" 8869
"C:/Users/zxxuh/AppData/Local/UnrealEngine/Common/DerivedDataCache/Buckets/BulkDataList/8c/7d/4fb9393815a722cb19afba546f5061704a45.udd" 8870
"C:/Users/zxxuh/AppData/Local/UnrealEngine/Common/DerivedDataCache/Buckets/BulkDataList/d8/3f/04016c7b81c54a82218edf8f9ca39af56a76.udd" 8871
"C:/Users/zxxuh/AppData/Local/UnrealEngine/Common/DerivedDataCache/Buckets/BulkDataList/c9/6b/dc20cb98b5371f8c6489b855856039eee8d5.udd" 8872
"C:/Users/zxxuh/AppData/Local/UnrealEngine/Common/DerivedDataCache/Buckets/BulkDataList/9b/8d/d3d9cca9576fd88eca71a32ba500f47ccd92.udd" 8873
"C:/Users/zxxuh/AppData/Local/UnrealEngine/Common/DerivedDataCache/Buckets/BulkDataList/03/95/0d4cd353b7882d2d584f86737c1d2ac9ab19.udd" 8874
"C:/Users/zxxuh/AppData/Local/UnrealEngine/Common/DerivedDataCache/Buckets/BulkDataList/22/b2/6659e4fa0ef950ae68b06c5fa32ec7ea500a.udd" 8875
"../../../Engine/Content/EngineMaterials/Substrate/GLints/dict_16_192_64_0p5_0p02_0017_0005.uasset" 8876
"../../../Engine/Content/EngineMaterials/Substrate/GLints/dict_16_192_64_0p5_0p02_0013_0009.uasset" 8877
"../../../Engine/Content/EngineMaterials/Substrate/GLints/dict_16_192_64_0p5_0p02_0034_0011.uasset" 8878
"../../../Engine/Content/EngineMaterials/Substrate/GLints/dict_16_192_64_0p5_0p02_0005_0010.uasset" 8879
"../../../Engine/Content/EngineMaterials/Substrate/GLints/dict_16_192_64_0p5_0p02_0000_0006.uasset" 8880
"../../../Engine/Content/EngineMaterials/Substrate/GLints/dict_16_192_64_0p5_0p02_0049_0011.uasset" 8881
"../../../Engine/Content/EngineMaterials/Substrate/GLints/dict_16_192_64_0p5_0p02_0022_0006.uasset" 8882
"../../../Engine/Content/EngineMaterials/Substrate/GLints/dict_16_192_64_0p5_0p02_0045_0012.uasset" 8883
"../../../Engine/Content/EngineMaterials/Substrate/GLints/dict_16_192_64_0p5_0p02_0042_0003.uasset" 8884
"../../../Engine/Content/EngineMaterials/Substrate/GLints/dict_16_192_64_0p5_0p02_0060_0011.uasset" 8885
"../../../Engine/Content/EngineMaterials/Substrate/GLints/dict_16_192_64_0p5_0p02_0037_0015.uasset" 8886
"../../../Engine/Content/EngineMaterials/Substrate/GLints/dict_16_192_64_0p5_0p02_0045_0014.uasset" 8887
"../../../Engine/Content/EngineMaterials/Substrate/GLints/dict_16_192_64_0p5_0p02_0057_0010.uasset" 8888
"../../../Engine/Content/EngineMaterials/Substrate/GLints/dict_16_192_64_0p5_0p02_0001_0005.uasset" 8889
"../../../Engine/Content/EngineMaterials/Substrate/GLints/dict_16_192_64_0p5_0p02_0006_0011.uasset" 8890
"../../../Engine/Content/EngineMaterials/Substrate/GLints/dict_16_192_64_0p5_0p02_0027_0005.uasset" 8891
"../../../Engine/Content/EngineMaterials/Substrate/GLints/dict_16_192_64_0p5_0p02_0047_0006.uasset" 8892
"../../../Engine/Content/EngineMaterials/Substrate/GLints/dict_16_192_64_0p5_0p02_0014_0009.uasset" 8893
"../../../Engine/Content/EngineMaterials/Substrate/GLints/dict_16_192_64_0p5_0p02_0050_0013.uasset" 8894
"../../../Engine/Content/EngineMaterials/Substrate/GLints/dict_16_192_64_0p5_0p02_0031_0003.uasset" 8895
"../../../Engine/Content/EngineMaterials/Substrate/GLints/dict_16_192_64_0p5_0p02_0039_0011.uasset" 8896
"../../../Engine/Content/EngineMaterials/Substrate/GLints/dict_16_192_64_0p5_0p02_0046_0009.uasset" 8897
"../../../Engine/Content/EngineMaterials/Substrate/GLints/dict_16_192_64_0p5_0p02_0054_0011.uasset" 8898
"../../../Engine/Content/EngineMaterials/Substrate/GLints/dict_16_192_64_0p5_0p02_0007_0012.uasset" 8899
"C:/Users/zxxuh/AppData/Local/UnrealEngine/Common/DerivedDataCache/Buckets/BulkDataList/c6/e2/7133c96fa59970d2ee19fb229a4c95ea43ce.udd" 8900
"../../../Engine/Content/EngineMaterials/Substrate/GLints/dict_16_192_64_0p5_0p02_0005_0012.uasset" 8901
"C:/Users/zxxuh/AppData/Local/UnrealEngine/Common/DerivedDataCache/Buckets/BulkDataList/97/01/1558c4cc1e7422d9661244369749ec93d953.udd" 8902
"../../../Engine/Content/EngineMaterials/Substrate/GLints/dict_16_192_64_0p5_0p02_0015_0003.uasset" 8903
"C:/Users/zxxuh/AppData/Local/UnrealEngine/Common/DerivedDataCache/Buckets/BulkDataList/e2/59/dfe36e924bfeaa37f21d3e8d5c0a188496e7.udd" 8904
"../../../Engine/Content/EngineMaterials/Substrate/GLints/dict_16_192_64_0p5_0p02_0043_0000.uasset" 8905
"C:/Users/zxxuh/AppData/Local/UnrealEngine/Common/DerivedDataCache/Buckets/BulkDataList/97/d4/d957cc6afd2a0f88f5df137c62f30b52c6a9.udd" 8906
"../../../Engine/Content/EngineMaterials/Substrate/GLints/dict_16_192_64_0p5_0p02_0029_0010.uasset" 8907
"C:/Users/zxxuh/AppData/Local/UnrealEngine/Common/DerivedDataCache/Buckets/BulkDataList/3f/15/00960ddb9f069fbc96ddd283b82cdfc0847e.udd" 8908
"../../../Engine/Content/EngineMaterials/Substrate/GLints/dict_16_192_64_0p5_0p02_0015_0014.uasset" 8909
"C:/Users/zxxuh/AppData/Local/UnrealEngine/Common/DerivedDataCache/Buckets/BulkDataList/9e/39/b1dc983dcd6a19a537de9a59b31cc1cc0ead.udd" 8910
"../../../Engine/Content/EngineMaterials/Substrate/GLints/dict_16_192_64_0p5_0p02_0013_0015.uasset" 8911
"C:/Users/zxxuh/AppData/Local/UnrealEngine/Common/DerivedDataCache/Buckets/BulkDataList/f4/9c/dca4efe2946ef8743e7a2bea6e999ca6cbb2.udd" 8912
"../../../Engine/Content/EngineMaterials/Substrate/GLints/dict_16_192_64_0p5_0p02_0012_0008.uasset" 8913
"C:/Users/zxxuh/AppData/Local/UnrealEngine/Common/DerivedDataCache/Buckets/BulkDataList/4c/5f/21885c5d731119689db2701755eb4291632b.udd" 8914
"../../../Engine/Content/EngineMaterials/Substrate/GLints/dict_16_192_64_0p5_0p02_0036_0010.uasset" 8915
"C:/Users/zxxuh/AppData/Local/UnrealEngine/Common/DerivedDataCache/Buckets/BulkDataList/b0/eb/693fd37fdc3d4a3ec3183caa6b00c50b8f93.udd" 8916
"C:/Users/zxxuh/AppData/Local/UnrealEngine/Common/DerivedDataCache/Buckets/BulkDataList/0b/87/b3f894c66309354a4cc26fc6a0a2eab2e90c.udd" 8917
"C:/Users/zxxuh/AppData/Local/UnrealEngine/Common/DerivedDataCache/Buckets/BulkDataList/c8/be/1a67e8f0ea75a85ad595443175095f365060.udd" 8918
"C:/Users/zxxuh/AppData/Local/UnrealEngine/Common/DerivedDataCache/Buckets/BulkDataList/dd/72/6eff653a6cdc3fe38555133d7460891ff889.udd" 8919
"C:/Users/zxxuh/AppData/Local/UnrealEngine/Common/DerivedDataCache/Buckets/BulkDataList/f3/15/5450215524485140507deee6507e1013bb1a.udd" 8920
"C:/Users/zxxuh/AppData/Local/UnrealEngine/Common/DerivedDataCache/Buckets/BulkDataList/cb/34/0719b821810427bce51228060bc38d4f1553.udd" 8921
"C:/Users/zxxuh/AppData/Local/UnrealEngine/Common/DerivedDataCache/Buckets/BulkDataList/28/64/a58006397b4dd57597bd9738749cd46c95cc.udd" 8922
"C:/Users/zxxuh/AppData/Local/UnrealEngine/Common/DerivedDataCache/Buckets/BulkDataList/3f/a8/d051a7967e0aa0781caad7a3285612b92c78.udd" 8923
"C:/Users/zxxuh/AppData/Local/UnrealEngine/Common/DerivedDataCache/Buckets/BulkDataList/6a/19/de796d97bc898d6fe35710fa36de13875ed6.udd" 8924
"C:/Users/zxxuh/AppData/Local/UnrealEngine/Common/DerivedDataCache/Buckets/BulkDataList/bf/c9/b73ae9f5546691e5e291986eeb12f22cc03b.udd" 8925
"C:/Users/zxxuh/AppData/Local/UnrealEngine/Common/DerivedDataCache/Buckets/BulkDataList/47/e0/b6d1a41ca5e258a2cbc93169845319f1f2c1.udd" 8926
"C:/Users/zxxuh/AppData/Local/UnrealEngine/Common/DerivedDataCache/Buckets/BulkDataList/b6/03/6ce8fe3428ea9d0f3bfa5cb79eef9763f9b2.udd" 8927
"C:/Users/zxxuh/AppData/Local/UnrealEngine/Common/DerivedDataCache/Buckets/BulkDataList/db/55/6305b3205fdf9ef8d19b67a42db3f2c7716c.udd" 8928
"C:/Users/zxxuh/AppData/Local/UnrealEngine/Common/DerivedDataCache/Buckets/BulkDataList/0a/76/91f2b9f6338fad1e37705a24f23546549263.udd" 8929
"C:/Users/zxxuh/AppData/Local/UnrealEngine/Common/DerivedDataCache/Buckets/BulkDataList/4f/7b/67fb6abbc78e398a9c7e576041538dc9f6b7.udd" 8930
"C:/Users/zxxuh/AppData/Local/UnrealEngine/Common/DerivedDataCache/Buckets/BulkDataList/f4/97/e712b05570cbb8aa6715e0ebdc54f6bd0ae0.udd" 8931
"C:/Users/zxxuh/AppData/Local/UnrealEngine/Common/DerivedDataCache/Buckets/BulkDataList/69/f5/08a297192840ce4dfbfa7875bb3d71969342.udd" 8932
"C:/Users/zxxuh/AppData/Local/UnrealEngine/Common/DerivedDataCache/Buckets/BulkDataList/46/24/e960836140a7d5ecf883ae0ab106404ed3e3.udd" 8933
"C:/Users/zxxuh/AppData/Local/UnrealEngine/Common/DerivedDataCache/Buckets/BulkDataList/57/76/ef68d740560f86a731f5fad4f901ce01a200.udd" 8934
"C:/Users/zxxuh/AppData/Local/UnrealEngine/Common/DerivedDataCache/Buckets/BulkDataList/37/e0/625166e041b36db13c7c57906aeb4d2491cb.udd" 8935
"C:/Users/zxxuh/AppData/Local/UnrealEngine/Common/DerivedDataCache/Buckets/BulkDataList/04/b8/b6f41ad7d1ff8a1d7ea565692b706da97dc2.udd" 8936
"C:/Users/zxxuh/AppData/Local/UnrealEngine/Common/DerivedDataCache/Buckets/BulkDataList/b1/b0/2a3e6691e3ddd2bbe973917302d8cf7d6c32.udd" 8937
"C:/Users/zxxuh/AppData/Local/UnrealEngine/Common/DerivedDataCache/Buckets/BulkDataList/d1/b0/735b98871ac4aab162d5a01db87e5d36cc23.udd" 8938
"C:/Users/zxxuh/AppData/Local/UnrealEngine/Common/DerivedDataCache/Buckets/BulkDataList/5d/a2/267504018a5cc6a7715f797a04d16c63b870.udd" 8939
"../../../Engine/Content/EngineMaterials/Substrate/GLints/dict_16_192_64_0p5_0p02_0015_0013.uasset" 8940
"../../../Engine/Content/EngineMaterials/Substrate/GLints/dict_16_192_64_0p5_0p02_0046_0000.uasset" 8941
"../../../Engine/Content/EngineMaterials/Substrate/GLints/dict_16_192_64_0p5_0p02_0062_0015.uasset" 8942
"../../../Engine/Content/EngineMaterials/Substrate/GLints/dict_16_192_64_0p5_0p02_0013_0007.uasset" 8943
"../../../Engine/Content/EngineMaterials/Substrate/GLints/dict_16_192_64_0p5_0p02_0029_0003.uasset" 8944
"../../../Engine/Content/EngineMaterials/Substrate/GLints/dict_16_192_64_0p5_0p02_0039_0010.uasset" 8945
"../../../Engine/Content/EngineMaterials/Substrate/GLints/dict_16_192_64_0p5_0p02_0002_0006.uasset" 8946
"../../../Engine/Content/EngineMaterials/Substrate/GLints/dict_16_192_64_0p5_0p02_0019_0014.uasset" 8947
"../../../Engine/Content/EngineMaterials/Substrate/GLints/dict_16_192_64_0p5_0p02_0060_0001.uasset" 8948
"../../../Engine/Content/EngineMaterials/Substrate/GLints/dict_16_192_64_0p5_0p02_0020_0002.uasset" 8949
"../../../Engine/Content/EngineMaterials/Substrate/GLints/dict_16_192_64_0p5_0p02_0051_0001.uasset" 8950
"../../../Engine/Content/EngineMaterials/Substrate/GLints/dict_16_192_64_0p5_0p02_0052_0013.uasset" 8951
"../../../Engine/Content/EngineMaterials/Substrate/GLints/dict_16_192_64_0p5_0p02_0020_0012.uasset" 8952
"../../../Engine/Content/EngineMaterials/Substrate/GLints/dict_16_192_64_0p5_0p02_0003_0015.uasset" 8953
"../../../Engine/Content/EngineMaterials/Substrate/GLints/dict_16_192_64_0p5_0p02_0047_0008.uasset" 8954
"../../../Engine/Content/EngineMaterials/Substrate/GLints/dict_16_192_64_0p5_0p02_0061_0011.uasset" 8955
"../../../Engine/Content/EngineMaterials/Substrate/GLints/dict_16_192_64_0p5_0p02_0033_0014.uasset" 8956
"../../../Engine/Content/EngineMaterials/Substrate/GLints/dict_16_192_64_0p5_0p02_0000_0012.uasset" 8957
"../../../Engine/Content/EngineMaterials/Substrate/GLints/dict_16_192_64_0p5_0p02_0001_0003.uasset" 8958
"../../../Engine/Content/EngineMaterials/Substrate/GLints/dict_16_192_64_0p5_0p02_0049_0013.uasset" 8959
"../../../Engine/Content/EngineMaterials/Substrate/GLints/dict_16_192_64_0p5_0p02_0050_0007.uasset" 8960
"../../../Engine/Content/EngineMaterials/Substrate/GLints/dict_16_192_64_0p5_0p02_0019_0015.uasset" 8961
"../../../Engine/Content/EngineMaterials/Substrate/GLints/dict_16_192_64_0p5_0p02_0045_0011.uasset" 8962
"../../../Engine/Content/EngineMaterials/Substrate/GLints/dict_16_192_64_0p5_0p02_0048_0008.uasset" 8963
"C:/Users/zxxuh/AppData/Local/UnrealEngine/Common/DerivedDataCache/Buckets/BulkDataList/93/dd/65df8d18423422d5d7050a0a16a02f03e35d.udd" 8964
"../../../Engine/Content/EngineMaterials/Substrate/GLints/dict_16_192_64_0p5_0p02_0046_0005.uasset" 8965
"C:/Users/zxxuh/AppData/Local/UnrealEngine/Common/DerivedDataCache/Buckets/BulkDataList/46/10/7249ea2ec6542e1b939f8f2ef9d007af4588.udd" 8966
"../../../Engine/Content/EngineMaterials/Substrate/GLints/dict_16_192_64_0p5_0p02_0026_0011.uasset" 8967
"C:/Users/zxxuh/AppData/Local/UnrealEngine/Common/DerivedDataCache/Buckets/BulkDataList/06/39/25d454086a3d893d652e3d57318440d47811.udd" 8968
"../../../Engine/Content/EngineMaterials/Substrate/GLints/dict_16_192_64_0p5_0p02_0057_0003.uasset" 8969
"C:/Users/zxxuh/AppData/Local/UnrealEngine/Common/DerivedDataCache/Buckets/BulkDataList/19/78/4e7730a23d7a893214a4f690e68114f4c208.udd" 8970
"../../../Engine/Content/EngineMaterials/Substrate/GLints/dict_16_192_64_0p5_0p02_0007_0006.uasset" 8971
"C:/Users/zxxuh/AppData/Local/UnrealEngine/Common/DerivedDataCache/Buckets/BulkDataList/9c/1e/6ee5914e910051b73fdcc3522ca653bb7628.udd" 8972
"../../../Engine/Content/EngineMaterials/Substrate/GLints/dict_16_192_64_0p5_0p02_0040_0001.uasset" 8973
"C:/Users/zxxuh/AppData/Local/UnrealEngine/Common/DerivedDataCache/Buckets/BulkDataList/8d/7d/64f7da3f5d134ae9fb45d6bdae02c94ffc49.udd" 8974
"../../../Engine/Content/EngineMaterials/Substrate/GLints/dict_16_192_64_0p5_0p02_0026_0010.uasset" 8975
"C:/Users/zxxuh/AppData/Local/UnrealEngine/Common/DerivedDataCache/Buckets/BulkDataList/f0/de/e10cbcea400043f2f244834be5e748320cae.udd" 8976
"../../../Engine/Content/EngineMaterials/Substrate/GLints/dict_16_192_64_0p5_0p02_0059_0008.uasset" 8977
"C:/Users/zxxuh/AppData/Local/UnrealEngine/Common/DerivedDataCache/Buckets/BulkDataList/d3/a9/b7b763eb635e4fec8df7b41afb945b186447.udd" 8978
"../../../Engine/Content/EngineMaterials/Substrate/GLints/dict_16_192_64_0p5_0p02_0016_0010.uasset" 8979
"C:/Users/zxxuh/AppData/Local/UnrealEngine/Common/DerivedDataCache/Buckets/BulkDataList/c9/a7/955d457abb27a853bd6caf160724ff905c63.udd" 8980
"C:/Users/zxxuh/AppData/Local/UnrealEngine/Common/DerivedDataCache/Buckets/BulkDataList/9d/4d/e775bce7d9c81449a1e1427d1d3119bea79a.udd" 8981
"C:/Users/zxxuh/AppData/Local/UnrealEngine/Common/DerivedDataCache/Buckets/BulkDataList/ff/4e/95500d6835b0ca4e0dd8d0dfc2799b4a8a2a.udd" 8982
"C:/Users/zxxuh/AppData/Local/UnrealEngine/Common/DerivedDataCache/Buckets/BulkDataList/71/e9/b5a2138aaef39147b4033686e5abd1e7c87b.udd" 8983
"C:/Users/zxxuh/AppData/Local/UnrealEngine/Common/DerivedDataCache/Buckets/BulkDataList/41/a0/dd65b3772b9cf86520b4f74d825bf7be44f0.udd" 8984
"C:/Users/zxxuh/AppData/Local/UnrealEngine/Common/DerivedDataCache/Buckets/BulkDataList/70/01/23c80bd68bf18362c1b4372663726d2febec.udd" 8985
"C:/Users/zxxuh/AppData/Local/UnrealEngine/Common/DerivedDataCache/Buckets/BulkDataList/4d/25/aaf9425f8f704167a239626efca942b217f2.udd" 8986
"C:/Users/zxxuh/AppData/Local/UnrealEngine/Common/DerivedDataCache/Buckets/BulkDataList/04/cd/944625e72feba089ccf589a7b4a2f6e5c134.udd" 8987
"C:/Users/zxxuh/AppData/Local/UnrealEngine/Common/DerivedDataCache/Buckets/BulkDataList/1a/bb/1591d734ee5cbb241ac62249056d7ad9a03d.udd" 8988
"C:/Users/zxxuh/AppData/Local/UnrealEngine/Common/DerivedDataCache/Buckets/BulkDataList/a9/ad/2b57825ff9063dc8d9da39283192e10bcf11.udd" 8989
"C:/Users/zxxuh/AppData/Local/UnrealEngine/Common/DerivedDataCache/Buckets/BulkDataList/a6/2b/a07888126d0217535ef9539762093cbfa652.udd" 8990
"C:/Users/zxxuh/AppData/Local/UnrealEngine/Common/DerivedDataCache/Buckets/BulkDataList/a9/bc/80ea4bf4083ad707bca9c4bad6ba6d000087.udd" 8991
"C:/Users/zxxuh/AppData/Local/UnrealEngine/Common/DerivedDataCache/Buckets/BulkDataList/c5/33/161bc82d9e5f40ff337c1e9a3c3942c45a71.udd" 8992
"C:/Users/zxxuh/AppData/Local/UnrealEngine/Common/DerivedDataCache/Buckets/BulkDataList/d4/ba/9922c593aec91a5cd09b6a5369096d224c7b.udd" 8993
"C:/Users/zxxuh/AppData/Local/UnrealEngine/Common/DerivedDataCache/Buckets/BulkDataList/d1/e8/789efdc3f4709b25710f29e7cd220183bc90.udd" 8994
"C:/Users/zxxuh/AppData/Local/UnrealEngine/Common/DerivedDataCache/Buckets/BulkDataList/93/62/c5b933dc60f505e48d8b61a1757ae3d77c28.udd" 8995
"C:/Users/zxxuh/AppData/Local/UnrealEngine/Common/DerivedDataCache/Buckets/BulkDataList/a1/f1/e972324d90f22c489fb9f29938f8021ec51a.udd" 8996
"C:/Users/zxxuh/AppData/Local/UnrealEngine/Common/DerivedDataCache/Buckets/BulkDataList/05/70/1ce12c0af3909e51cade11308e180f3daf0d.udd" 8997
"C:/Users/zxxuh/AppData/Local/UnrealEngine/Common/DerivedDataCache/Buckets/BulkDataList/4b/21/8f2159d76d5670f808620e56c3dc489681c5.udd" 8998
"C:/Users/zxxuh/AppData/Local/UnrealEngine/Common/DerivedDataCache/Buckets/BulkDataList/21/04/f393a898ef03cec6e64c3f346ca19eff0d00.udd" 8999
"C:/Users/zxxuh/AppData/Local/UnrealEngine/Common/DerivedDataCache/Buckets/BulkDataList/ad/eb/3044f27686fe81be9c3f1ab878adef0626ce.udd" 9000
"C:/Users/zxxuh/AppData/Local/UnrealEngine/Common/DerivedDataCache/Buckets/BulkDataList/42/35/23b9cf6e11cff55a595ae87b0434e383e3ed.udd" 9001
"C:/Users/zxxuh/AppData/Local/UnrealEngine/Common/DerivedDataCache/Buckets/BulkDataList/eb/a3/ba43cd019698f4e7b0e826cea973064f17f5.udd" 9002
"C:/Users/zxxuh/AppData/Local/UnrealEngine/Common/DerivedDataCache/Buckets/BulkDataList/19/49/5455287d1d3e489e869efb74140883b236fc.udd" 9003
"../../../Engine/Content/EngineMaterials/Substrate/GLints/dict_16_192_64_0p5_0p02_0015_0008.uasset" 9004
"../../../Engine/Content/EngineMaterials/Substrate/GLints/dict_16_192_64_0p5_0p02_0043_0011.uasset" 9005
"../../../Engine/Content/EngineMaterials/Substrate/GLints/dict_16_192_64_0p5_0p02_0024_0004.uasset" 9006
"../../../Engine/Content/EngineMaterials/Substrate/GLints/dict_16_192_64_0p5_0p02_0053_0004.uasset" 9007
"../../../Engine/Content/EngineMaterials/Substrate/GLints/dict_16_192_64_0p5_0p02_0018_0004.uasset" 9008
"../../../Engine/Content/EngineMaterials/Substrate/GLints/dict_16_192_64_0p5_0p02_0045_0015.uasset" 9009
"../../../Engine/Content/EngineMaterials/Substrate/GLints/dict_16_192_64_0p5_0p02_0017_0004.uasset" 9010
"../../../Engine/Content/EngineMaterials/Substrate/GLints/dict_16_192_64_0p5_0p02_0025_0009.uasset" 9011
"../../../Engine/Content/EngineMaterials/Substrate/GLints/dict_16_192_64_0p5_0p02_0012_0014.uasset" 9012
"../../../Engine/Content/EngineMaterials/Substrate/GLints/dict_16_192_64_0p5_0p02_0030_0006.uasset" 9013
"../../../Engine/Content/EngineMaterials/Substrate/GLints/dict_16_192_64_0p5_0p02_0051_0015.uasset" 9014
"../../../Engine/Content/EngineMaterials/Substrate/GLints/dict_16_192_64_0p5_0p02_0057_0013.uasset" 9015
"../../../Engine/Content/EngineMaterials/Substrate/GLints/dict_16_192_64_0p5_0p02_0053_0007.uasset" 9016
"../../../Engine/Content/EngineMaterials/Substrate/GLints/dict_16_192_64_0p5_0p02_0018_0006.uasset" 9017
"../../../Engine/Content/EngineMaterials/Substrate/GLints/dict_16_192_64_0p5_0p02_0046_0003.uasset" 9018
"../../../Engine/Content/EngineMaterials/Substrate/GLints/dict_16_192_64_0p5_0p02_0006_0003.uasset" 9019
"../../../Engine/Content/EngineMaterials/Substrate/GLints/dict_16_192_64_0p5_0p02_0034_0014.uasset" 9020
"../../../Engine/Content/EngineMaterials/Substrate/GLints/dict_16_192_64_0p5_0p02_0007_0004.uasset" 9021
"../../../Engine/Content/EngineMaterials/Substrate/GLints/dict_16_192_64_0p5_0p02_0049_0001.uasset" 9022
"../../../Engine/Content/EngineMaterials/Substrate/GLints/dict_16_192_64_0p5_0p02_0028_0012.uasset" 9023
"../../../Engine/Content/EngineMaterials/Substrate/GLints/dict_16_192_64_0p5_0p02_0032_0005.uasset" 9024
"../../../Engine/Content/EngineMaterials/Substrate/GLints/dict_16_192_64_0p5_0p02_0033_0011.uasset" 9025
"../../../Engine/Content/EngineMaterials/Substrate/GLints/dict_16_192_64_0p5_0p02_0007_0002.uasset" 9026
"../../../Engine/Content/EngineMaterials/Substrate/GLints/dict_16_192_64_0p5_0p02_0057_0009.uasset" 9027
"C:/Users/zxxuh/AppData/Local/UnrealEngine/Common/DerivedDataCache/Buckets/BulkDataList/e4/22/76262e8fe522b4c9912fe105cc6d1dab3461.udd" 9028
"../../../Engine/Content/EngineMaterials/Substrate/GLints/dict_16_192_64_0p5_0p02_0034_0015.uasset" 9029
"C:/Users/zxxuh/AppData/Local/UnrealEngine/Common/DerivedDataCache/Buckets/BulkDataList/7a/ec/57848a94fe83654e9e398884754bb07503d4.udd" 9030
"../../../Engine/Content/EngineMaterials/Substrate/GLints/dict_16_192_64_0p5_0p02_0024_0008.uasset" 9031
"C:/Users/zxxuh/AppData/Local/UnrealEngine/Common/DerivedDataCache/Buckets/BulkDataList/19/0e/df7114653858e183c739de73b72fdf8831f8.udd" 9032
"../../../Engine/Content/EngineMaterials/Substrate/GLints/dict_16_192_64_0p5_0p02_0055_0011.uasset" 9033
"C:/Users/zxxuh/AppData/Local/UnrealEngine/Common/DerivedDataCache/Buckets/BulkDataList/38/1c/6723d0640f3947c65d073a4433da3ba3df1e.udd" 9034
"../../../Engine/Content/EngineMaterials/Substrate/GLints/dict_16_192_64_0p5_0p02_0037_0005.uasset" 9035
"C:/Users/zxxuh/AppData/Local/UnrealEngine/Common/DerivedDataCache/Buckets/BulkDataList/f4/4f/041fbc92611a1548ade698a3c0525f5a4b0a.udd" 9036
"../../../Engine/Content/EngineMaterials/Substrate/GLints/dict_16_192_64_0p5_0p02_0023_0000.uasset" 9037
"C:/Users/zxxuh/AppData/Local/UnrealEngine/Common/DerivedDataCache/Buckets/BulkDataList/3c/b3/5bb5edade2baee3e79c1b0a9ac42ac234c6f.udd" 9038
"../../../Engine/Content/EngineMaterials/Substrate/GLints/dict_16_192_64_0p5_0p02_0060_0015.uasset" 9039
"C:/Users/zxxuh/AppData/Local/UnrealEngine/Common/DerivedDataCache/Buckets/BulkDataList/3f/ab/268224b1a180d40cd3e2f5f4d4755b940a0e.udd" 9040
"../../../Engine/Content/EngineMaterials/Substrate/GLints/dict_16_192_64_0p5_0p02_0051_0004.uasset" 9041
"C:/Users/zxxuh/AppData/Local/UnrealEngine/Common/DerivedDataCache/Buckets/BulkDataList/cd/53/e2e68bbeeaff5475763005b7b6f3e886b494.udd" 9042
"../../../Engine/Content/EngineMaterials/Substrate/GLints/dict_16_192_64_0p5_0p02_0061_0008.uasset" 9043
"C:/Users/zxxuh/AppData/Local/UnrealEngine/Common/DerivedDataCache/Buckets/BulkDataList/9d/6d/36e308914d08c8960c3773a6c1c5fdf1cb7f.udd" 9044
"C:/Users/zxxuh/AppData/Local/UnrealEngine/Common/DerivedDataCache/Buckets/BulkDataList/b0/37/c4fa1a9d4eea0d5c01ebf8b81822115c42b2.udd" 9045
"C:/Users/zxxuh/AppData/Local/UnrealEngine/Common/DerivedDataCache/Buckets/BulkDataList/dc/23/0d6168c2f92824282032c40095d186db4a65.udd" 9046
"C:/Users/zxxuh/AppData/Local/UnrealEngine/Common/DerivedDataCache/Buckets/BulkDataList/a6/78/1cb0b06e524b0310ddc275c983d90736efde.udd" 9047
"C:/Users/zxxuh/AppData/Local/UnrealEngine/Common/DerivedDataCache/Buckets/BulkDataList/8c/4a/8c4855aab7b3f3c50c7c804584862914a327.udd" 9048
"C:/Users/zxxuh/AppData/Local/UnrealEngine/Common/DerivedDataCache/Buckets/BulkDataList/c4/4d/3059d6ccb98f61f3d0f2a1f3f84446247561.udd" 9049
"C:/Users/zxxuh/AppData/Local/UnrealEngine/Common/DerivedDataCache/Buckets/BulkDataList/2c/a1/a536354f5a4dd0ff376c1e365339f24c346d.udd" 9050
"C:/Users/zxxuh/AppData/Local/UnrealEngine/Common/DerivedDataCache/Buckets/BulkDataList/4d/05/10d2e2f3ca8252a2e3b2f22bf78a12ac9bbd.udd" 9051
"C:/Users/zxxuh/AppData/Local/UnrealEngine/Common/DerivedDataCache/Buckets/BulkDataList/de/ec/4d54898aaa34e6d005604075737bfd0feeb1.udd" 9052
"C:/Users/zxxuh/AppData/Local/UnrealEngine/Common/DerivedDataCache/Buckets/BulkDataList/85/c5/b4f35906894094e2ea9b0f27d80bb49f4c9c.udd" 9053
"C:/Users/zxxuh/AppData/Local/UnrealEngine/Common/DerivedDataCache/Buckets/BulkDataList/d2/0e/d12c3c525a790c978a176ec66e780da65156.udd" 9054
"C:/Users/zxxuh/AppData/Local/UnrealEngine/Common/DerivedDataCache/Buckets/BulkDataList/ef/91/a35650a42a6479a5ddbbc1eddfa76cf54ece.udd" 9055
"C:/Users/zxxuh/AppData/Local/UnrealEngine/Common/DerivedDataCache/Buckets/BulkDataList/cd/fb/8cd55256bc55b214baf3a6db69b81c6518e3.udd" 9056
"C:/Users/zxxuh/AppData/Local/UnrealEngine/Common/DerivedDataCache/Buckets/BulkDataList/2e/3a/4b988a63a9e5d971030e8813e5a5f286bc32.udd" 9057
"C:/Users/zxxuh/AppData/Local/UnrealEngine/Common/DerivedDataCache/Buckets/BulkDataList/9e/14/156c3cc730b07b2c33ba0f171c823a5cfa5f.udd" 9058
"C:/Users/zxxuh/AppData/Local/UnrealEngine/Common/DerivedDataCache/Buckets/BulkDataList/98/1e/2f2d51f02088c8df38cb0055ce6851641b15.udd" 9059
"C:/Users/zxxuh/AppData/Local/UnrealEngine/Common/DerivedDataCache/Buckets/BulkDataList/3d/ea/fa5af8e69f1405ed815d8945fdf004867c85.udd" 9060
"C:/Users/zxxuh/AppData/Local/UnrealEngine/Common/DerivedDataCache/Buckets/BulkDataList/88/e0/2cad158ddab4b0852c8d349c39f7f0b647b6.udd" 9061
"C:/Users/zxxuh/AppData/Local/UnrealEngine/Common/DerivedDataCache/Buckets/BulkDataList/e1/19/be560c218dbfc07ebedde1b9fe5649a2b160.udd" 9062
"C:/Users/zxxuh/AppData/Local/UnrealEngine/Common/DerivedDataCache/Buckets/BulkDataList/93/48/78464ee73c165825dbba900039f91e15bd77.udd" 9063
"C:/Users/zxxuh/AppData/Local/UnrealEngine/Common/DerivedDataCache/Buckets/BulkDataList/b2/62/13ea3f6e9c156bd02cf94d2acafdbb3f5d84.udd" 9064
"C:/Users/zxxuh/AppData/Local/UnrealEngine/Common/DerivedDataCache/Buckets/BulkDataList/1e/11/1ed8567752a05a0e4a8a2adebdfe91358a59.udd" 9065
"C:/Users/zxxuh/AppData/Local/UnrealEngine/Common/DerivedDataCache/Buckets/BulkDataList/b4/02/c354a82658361fb9904c70cf3652a964b550.udd" 9066
"C:/Users/zxxuh/AppData/Local/UnrealEngine/Common/DerivedDataCache/Buckets/BulkDataList/c6/99/cbf92ec1f2b8c7ba3820b03142564f252dd2.udd" 9067
"../../../Engine/Content/EngineMaterials/Substrate/GLints/dict_16_192_64_0p5_0p02_0027_0007.uasset" 9068
"../../../Engine/Content/EngineMaterials/Substrate/GLints/dict_16_192_64_0p5_0p02_0000_0009.uasset" 9069
"../../../Engine/Content/EngineMaterials/Substrate/GLints/dict_16_192_64_0p5_0p02_0017_0015.uasset" 9070
"../../../Engine/Content/EngineMaterials/Substrate/GLints/dict_16_192_64_0p5_0p02_0021_0012.uasset" 9071
"../../../Engine/Content/EngineMaterials/Substrate/GLints/dict_16_192_64_0p5_0p02_0013_0014.uasset" 9072
"../../../Engine/Content/EngineMaterials/Substrate/GLints/dict_16_192_64_0p5_0p02_0048_0000.uasset" 9073
"../../../Engine/Content/EngineMaterials/Substrate/GLints/dict_16_192_64_0p5_0p02_0038_0007.uasset" 9074
"../../../Engine/Content/EngineMaterials/Substrate/GLints/dict_16_192_64_0p5_0p02_0005_0001.uasset" 9075
"../../../Engine/Content/EngineMaterials/Substrate/GLints/dict_16_192_64_0p5_0p02_0006_0002.uasset" 9076
"../../../Engine/Content/EngineMaterials/Substrate/GLints/dict_16_192_64_0p5_0p02_0021_0004.uasset" 9077
"../../../Engine/Content/EngineMaterials/Substrate/GLints/dict_16_192_64_0p5_0p02_0061_0002.uasset" 9078
"../../../Engine/Content/EngineMaterials/Substrate/GLints/dict_16_192_64_0p5_0p02_0018_0000.uasset" 9079
"../../../Engine/Content/EngineMaterials/Substrate/GLints/dict_16_192_64_0p5_0p02_0008_0010.uasset" 9080
"../../../Engine/Content/EngineMaterials/Substrate/GLints/dict_16_192_64_0p5_0p02_0023_0006.uasset" 9081
"../../../Engine/Content/EngineMaterials/Substrate/GLints/dict_16_192_64_0p5_0p02_0001_0013.uasset" 9082
"../../../Engine/Content/EngineMaterials/Substrate/GLints/dict_16_192_64_0p5_0p02_0026_0009.uasset" 9083
"../../../Engine/Content/EngineMaterials/Substrate/GLints/dict_16_192_64_0p5_0p02_0056_0004.uasset" 9084
"../../../Engine/Content/EngineMaterials/Substrate/GLints/dict_16_192_64_0p5_0p02_0023_0007.uasset" 9085
"../../../Engine/Content/EngineMaterials/Substrate/GLints/dict_16_192_64_0p5_0p02_0025_0004.uasset" 9086
"../../../Engine/Content/EngineMaterials/Substrate/GLints/dict_16_192_64_0p5_0p02_0002_0004.uasset" 9087
"../../../Engine/Content/EngineMaterials/Substrate/GLints/dict_16_192_64_0p5_0p02_0017_0000.uasset" 9088
"../../../Engine/Content/EngineMaterials/Substrate/GLints/dict_16_192_64_0p5_0p02_0019_0000.uasset" 9089
"../../../Engine/Content/EngineMaterials/Substrate/GLints/dict_16_192_64_0p5_0p02_0011_0008.uasset" 9090
"../../../Engine/Content/EngineMaterials/Substrate/GLints/dict_16_192_64_0p5_0p02_0031_0013.uasset" 9091
"C:/Users/zxxuh/AppData/Local/UnrealEngine/Common/DerivedDataCache/Buckets/BulkDataList/df/17/f5575546a1932384002a49a868f46e6cc55c.udd" 9092
"../../../Engine/Content/EngineMaterials/Substrate/GLints/dict_16_192_64_0p5_0p02_0009_0009.uasset" 9093
"C:/Users/zxxuh/AppData/Local/UnrealEngine/Common/DerivedDataCache/Buckets/BulkDataList/1c/c4/3f90961d63e9aab8e91d5bd551d39e127eac.udd" 9094
"../../../Engine/Content/EngineMaterials/Substrate/GLints/dict_16_192_64_0p5_0p02_0019_0008.uasset" 9095
"C:/Users/zxxuh/AppData/Local/UnrealEngine/Common/DerivedDataCache/Buckets/BulkDataList/b2/91/d56e0c6f8a363bc3b278e2cae873a5680389.udd" 9096
"../../../Engine/Content/EngineMaterials/Substrate/GLints/dict_16_192_64_0p5_0p02_0041_0010.uasset" 9097
"C:/Users/zxxuh/AppData/Local/UnrealEngine/Common/DerivedDataCache/Buckets/BulkDataList/4e/53/2c8ef5727eb8355d8327c750282ad8d3bde2.udd" 9098
"../../../Engine/Content/EngineMaterials/Substrate/GLints/dict_16_192_64_0p5_0p02_0058_0004.uasset" 9099
"C:/Users/zxxuh/AppData/Local/UnrealEngine/Common/DerivedDataCache/Buckets/BulkDataList/a7/ff/2f604056e6cb7243fe4dcbe2095e7cf02c55.udd" 9100
"../../../Engine/Content/EngineMaterials/Substrate/GLints/dict_16_192_64_0p5_0p02_0015_0012.uasset" 9101
"C:/Users/zxxuh/AppData/Local/UnrealEngine/Common/DerivedDataCache/Buckets/BulkDataList/e8/a5/1cc28a3de821e456b2d8da1c2c1bf231cca4.udd" 9102
"../../../Engine/Content/EngineMaterials/Substrate/GLints/dict_16_192_64_0p5_0p02_0040_0004.uasset" 9103
"C:/Users/zxxuh/AppData/Local/UnrealEngine/Common/DerivedDataCache/Buckets/BulkDataList/07/e5/d783e0e227d5ec02354d149a3e68caf2e8d7.udd" 9104
"../../../Engine/Content/EngineMaterials/Substrate/GLints/dict_16_192_64_0p5_0p02_0032_0006.uasset" 9105
"C:/Users/zxxuh/AppData/Local/UnrealEngine/Common/DerivedDataCache/Buckets/BulkDataList/db/3b/748391ad9fcc678f522a06334e4a06a24d2a.udd" 9106
"../../../Engine/Content/EngineMaterials/Substrate/GLints/dict_16_192_64_0p5_0p02_0053_0013.uasset" 9107
"C:/Users/zxxuh/AppData/Local/UnrealEngine/Common/DerivedDataCache/Buckets/BulkDataList/8d/84/875a04bc88a46c7bb110ec2fd1f95015e06d.udd" 9108
"C:/Users/zxxuh/AppData/Local/UnrealEngine/Common/DerivedDataCache/Buckets/BulkDataList/b5/41/a37b1c0f4d24c0a33791a73ed79e50eb064b.udd" 9109
"C:/Users/zxxuh/AppData/Local/UnrealEngine/Common/DerivedDataCache/Buckets/BulkDataList/c0/22/b7ac68cf4960ff82af3a5568aa51aec822d7.udd" 9110
"C:/Users/zxxuh/AppData/Local/UnrealEngine/Common/DerivedDataCache/Buckets/BulkDataList/d6/d0/819163ea276976d9f74d9056328281bf4d49.udd" 9111
"C:/Users/zxxuh/AppData/Local/UnrealEngine/Common/DerivedDataCache/Buckets/BulkDataList/35/e0/e6a8c7fd85135fab2e2306300acd7cd90357.udd" 9112
"C:/Users/zxxuh/AppData/Local/UnrealEngine/Common/DerivedDataCache/Buckets/BulkDataList/de/39/c22559d2273a82b951e420c7df3e7c5ad53c.udd" 9113
"C:/Users/zxxuh/AppData/Local/UnrealEngine/Common/DerivedDataCache/Buckets/BulkDataList/50/9e/44a6ea5610a2b3d84e2f7ae8a222450003b0.udd" 9114
"C:/Users/zxxuh/AppData/Local/UnrealEngine/Common/DerivedDataCache/Buckets/BulkDataList/d5/0b/a10140de71ea1e09a50f6747711e9ed240e3.udd" 9115
"C:/Users/zxxuh/AppData/Local/UnrealEngine/Common/DerivedDataCache/Buckets/BulkDataList/09/c0/8d628a5ce8637c9fae81845475ae67e40875.udd" 9116
"C:/Users/zxxuh/AppData/Local/UnrealEngine/Common/DerivedDataCache/Buckets/BulkDataList/25/45/b3c01f0228f4a6ca288d485ab70f14a1287d.udd" 9117
"C:/Users/zxxuh/AppData/Local/UnrealEngine/Common/DerivedDataCache/Buckets/BulkDataList/13/6e/549655990b62e3182ba8e7c0028348633854.udd" 9118
"C:/Users/zxxuh/AppData/Local/UnrealEngine/Common/DerivedDataCache/Buckets/BulkDataList/a1/35/bc930f79cd8f36d9e52abfcae07cfdffe055.udd" 9119
"C:/Users/zxxuh/AppData/Local/UnrealEngine/Common/DerivedDataCache/Buckets/BulkDataList/98/87/e8dce516733bfaebcc6e6170166bd7311017.udd" 9120
"C:/Users/zxxuh/AppData/Local/UnrealEngine/Common/DerivedDataCache/Buckets/BulkDataList/5e/b6/112e87bf6e2f5b916fe3d6b09b5886e4ea68.udd" 9121
"C:/Users/zxxuh/AppData/Local/UnrealEngine/Common/DerivedDataCache/Buckets/BulkDataList/7a/4e/c0463a2a0cbaa286847214b23e4303a37c7d.udd" 9122
"C:/Users/zxxuh/AppData/Local/UnrealEngine/Common/DerivedDataCache/Buckets/BulkDataList/0e/79/9072290cb214bc5b40198090d9ca6c6a99cd.udd" 9123
"C:/Users/zxxuh/AppData/Local/UnrealEngine/Common/DerivedDataCache/Buckets/BulkDataList/ae/ff/697f265ee5e16f0a894a1bbae39dab6150fa.udd" 9124
"C:/Users/zxxuh/AppData/Local/UnrealEngine/Common/DerivedDataCache/Buckets/BulkDataList/22/bb/90190e0a6c94db07281b9a8c2a1997fcc2cb.udd" 9125
"C:/Users/zxxuh/AppData/Local/UnrealEngine/Common/DerivedDataCache/Buckets/BulkDataList/1b/41/9bfee44ef7ce6dc9a84ca9a1d50465d37dcd.udd" 9126
"C:/Users/zxxuh/AppData/Local/UnrealEngine/Common/DerivedDataCache/Buckets/BulkDataList/9a/00/2f3b2220de0415ca1160765499fba7297e11.udd" 9127
"C:/Users/zxxuh/AppData/Local/UnrealEngine/Common/DerivedDataCache/Buckets/BulkDataList/ff/41/fb7eff9d74414b7f80c53f9aa90bf9616515.udd" 9128
"C:/Users/zxxuh/AppData/Local/UnrealEngine/Common/DerivedDataCache/Buckets/BulkDataList/ac/fc/e33765ad03f022362fc78235aa5ed66e08cb.udd" 9129
"C:/Users/zxxuh/AppData/Local/UnrealEngine/Common/DerivedDataCache/Buckets/BulkDataList/1e/41/089705c742c1e28d4d44b00839b259458ea0.udd" 9130
"C:/Users/zxxuh/AppData/Local/UnrealEngine/Common/DerivedDataCache/Buckets/BulkDataList/39/71/0d9621b4b1e9c3ceebdf248245adac6826c0.udd" 9131
"../../../Engine/Content/EngineMaterials/Substrate/GLints/dict_16_192_64_0p5_0p02_0023_0004.uasset" 9132
"../../../Engine/Content/EngineMaterials/Substrate/GLints/dict_16_192_64_0p5_0p02_0055_0010.uasset" 9133
"../../../Engine/Content/EngineMaterials/Substrate/GLints/dict_16_192_64_0p5_0p02_0039_0006.uasset" 9134
"../../../Engine/Content/EngineMaterials/Substrate/GLints/dict_16_192_64_0p5_0p02_0012_0009.uasset" 9135
"../../../Engine/Content/EngineMaterials/Substrate/GLints/dict_16_192_64_0p5_0p02_0015_0007.uasset" 9136
"../../../Engine/Content/EngineMaterials/Substrate/GLints/dict_16_192_64_0p5_0p02_0053_0000.uasset" 9137
"../../../Engine/Content/EngineMaterials/Substrate/GLints/dict_16_192_64_0p5_0p02_0029_0001.uasset" 9138
"../../../Engine/Content/EngineMaterials/Substrate/GLints/dict_16_192_64_0p5_0p02_0039_0014.uasset" 9139
"../../../Engine/Content/EngineMaterials/Substrate/GLints/dict_16_192_64_0p5_0p02_0014_0010.uasset" 9140
"../../../Engine/Content/EngineMaterials/Substrate/GLints/dict_16_192_64_0p5_0p02_0030_0009.uasset" 9141
"../../../Engine/Content/EngineMaterials/Substrate/GLints/dict_16_192_64_0p5_0p02_0028_0003.uasset" 9142
"../../../Engine/Content/EngineMaterials/Substrate/GLints/dict_16_192_64_0p5_0p02_0041_0000.uasset" 9143
"../../../Engine/Content/EngineMaterials/Substrate/GLints/dict_16_192_64_0p5_0p02_0018_0008.uasset" 9144
"../../../Engine/Content/EngineMaterials/Substrate/GLints/dict_16_192_64_0p5_0p02_0049_0010.uasset" 9145
"../../../Engine/Content/EngineMaterials/Substrate/GLints/dict_16_192_64_0p5_0p02_0045_0010.uasset" 9146
"../../../Engine/Content/EngineMaterials/Substrate/GLints/dict_16_192_64_0p5_0p02_0039_0000.uasset" 9147
"../../../Engine/Content/EngineMaterials/Substrate/GLints/dict_16_192_64_0p5_0p02_0000_0003.uasset" 9148
"../../../Engine/Content/EngineMaterials/Substrate/GLints/dict_16_192_64_0p5_0p02_0056_0015.uasset" 9149
"../../../Engine/Content/EngineMaterials/Substrate/GLints/dict_16_192_64_0p5_0p02_0060_0006.uasset" 9150
"../../../Engine/Content/EditorMaterials/PreviewShadowIndicator.uasset" 9151
"D:/demo/Minecraft_RTS/Minecraft_RTS/Content/Movies/Vide.uasset" 9152
"D:/demo/Minecraft_RTS/Minecraft_RTS/Content/DEMO/Blueprint/BP_PlayerController.uasset" 9153
"D:/demo/Minecraft_RTS/Minecraft_RTS/Content/Movies/MediaPlayer_Vide.uasset" 9154
"../../../Engine/Content/Maps/Entry_BuiltData.uasset" 9155
"C:/Users/zxxuh/AppData/Local/UnrealEngine/Common/DerivedDataCache/Buckets/BulkDataList/e1/a7/890477cd166b3f43a90f311a431479a6cef3.udd" 9156
"../../../Engine/Content/EditorBlueprintResources/StandardMacros.uasset" 9157
"C:/Users/zxxuh/AppData/Local/UnrealEngine/Common/DerivedDataCache/Buckets/BulkDataList/5b/65/4c17b0853914faf82624b3399b23d0e1c20a.udd" 9158
"../../../Engine/Content/Functions/Engine_MaterialFunctions01/Volumetrics/BeersLaw.uasset" 9159
"../../../Engine/Plugins/Interchange/Runtime/Content/Utilities/New_LUT.uasset" 9160
"C:/Users/zxxuh/AppData/Local/UnrealEngine/Common/DerivedDataCache/Buckets/BulkDataList/7f/3e/11c18b717b649bb34c1787a454d47658abe6.udd" 9161
"C:/Users/zxxuh/AppData/Local/UnrealEngine/Common/DerivedDataCache/Buckets/BulkDataList/c9/3b/ca3696432b8bd903152d692fc799f5c1110c.udd" 9162
"../../../Engine/Content/Functions/Engine_MaterialFunctions03/Math/RemapValueRange.uasset" 9163
"C:/Users/zxxuh/AppData/Local/UnrealEngine/Common/DerivedDataCache/Buckets/BulkDataList/56/30/04ce0359862fca400b3aa389a51aa09f24c7.udd" 9164
"D:/demo/Minecraft_RTS/Minecraft_RTS/Content/DEMO/UI/Main_Menu_UI/Text_MainMenu_string.uasset" 9165
"C:/Users/zxxuh/AppData/Local/UnrealEngine/Common/DerivedDataCache/Buckets/BulkDataList/49/14/5caa2a722256b8394bc0e967354017d50eb7.udd" 9166
"D:/demo/Minecraft_RTS/Minecraft_RTS/Content/DEMO/UI/Main_Menu_UI/U_Texture/MC.uasset" 9167
"C:/Users/zxxuh/AppData/Local/UnrealEngine/Common/DerivedDataCache/Buckets/BulkDataList/90/65/90edf4301966d038190b8be350d98ba0b4d9.udd" 9168
"D:/demo/Minecraft_RTS/Minecraft_RTS/Content/DEMO/UI/Main_Menu_UI/U_Texture/wdsj_1.uasset" 9169
"C:/Users/zxxuh/AppData/Local/UnrealEngine/Common/DerivedDataCache/Buckets/BulkDataList/46/88/45411f6c08a498f29e65e22950e7ae5ba9f7.udd" 9170
"D:/demo/Minecraft_RTS/Minecraft_RTS/Content/DEMO/UI/Main_Menu_UI/U_Texture/wdsj_2.uasset" 9171
"C:/Users/zxxuh/AppData/Local/UnrealEngine/Common/DerivedDataCache/Buckets/BulkDataList/79/97/8360c7b93ed7f05730a72e02b8d263af86e5.udd" 9172
"C:/Users/zxxuh/AppData/Local/UnrealEngine/Common/DerivedDataCache/Buckets/BulkDataList/70/23/a8894052667f07df7ca743106488f5f3389c.udd" 9173
"C:/Users/zxxuh/AppData/Local/UnrealEngine/Common/DerivedDataCache/Buckets/BulkDataList/d2/16/1fb281b5df8ef39309343b462a8d72a28203.udd" 9174
"C:/Users/zxxuh/AppData/Local/UnrealEngine/Common/DerivedDataCache/Buckets/BulkDataList/a4/61/97bf2d3fd1be8a9e1181919e7f210359e72e.udd" 9175
"C:/Users/zxxuh/AppData/Local/UnrealEngine/Common/DerivedDataCache/Buckets/BulkDataList/0d/b9/a8e0145fba98d23119f1799ab68a6e17139a.udd" 9176
"C:/Users/zxxuh/AppData/Local/UnrealEngine/Common/DerivedDataCache/Buckets/BulkDataList/d1/d1/36bb49111517bc16776ebfdb1e7bc9f6bd01.udd" 9177
"C:/Users/zxxuh/AppData/Local/UnrealEngine/Common/DerivedDataCache/Buckets/BulkDataList/a9/6c/23b8a88a2d5658b98d7666273d9488778832.udd" 9178
"C:/Users/zxxuh/AppData/Local/UnrealEngine/Common/DerivedDataCache/Buckets/BulkDataList/98/09/edf4a8bae2dcc8968a8e3dd8997ee2de229d.udd" 9179
"C:/Users/zxxuh/AppData/Local/UnrealEngine/Common/DerivedDataCache/Buckets/BulkDataList/87/6b/43c460876f740664b52b1fad9ffbd1b531f3.udd" 9180
"C:/Users/zxxuh/AppData/Local/UnrealEngine/Common/DerivedDataCache/Buckets/BulkDataList/33/d4/a83888c7e8e975b6f1edd3cc468849400834.udd" 9181
"C:/Users/zxxuh/AppData/Local/UnrealEngine/Common/DerivedDataCache/Buckets/BulkDataList/72/ec/01b9aef41ed198398a73c3d44c334c1f868f.udd" 9182
"C:/Users/zxxuh/AppData/Local/UnrealEngine/Common/DerivedDataCache/Buckets/BulkDataList/2d/09/c2ef94f5b658918141c26884daba84a1bb74.udd" 9183
"C:/Users/zxxuh/AppData/Local/UnrealEngine/Common/DerivedDataCache/Buckets/BulkDataList/3a/c5/df62239b2ca42adc34b61efce2a928df9d9d.udd" 9184
"C:/Users/zxxuh/AppData/Local/UnrealEngine/Common/DerivedDataCache/Buckets/BulkDataList/80/2b/d23d4f46bf6b659c81b1daf59f4b453ffe7e.udd" 9185
"C:/Users/zxxuh/AppData/Local/UnrealEngine/Common/DerivedDataCache/Buckets/BulkDataList/e2/49/373beca9f83c62df9b2528613f78eca7cb9b.udd" 9186
"C:/Users/zxxuh/AppData/Local/UnrealEngine/Common/DerivedDataCache/Buckets/BulkDataList/49/52/909ff5b73eb5b182ff13926a7defa39ccc09.udd" 9187
"C:/Users/zxxuh/AppData/Local/UnrealEngine/Common/DerivedDataCache/Buckets/BulkDataList/fa/f4/83e135b9d19003e9911a75cb650e043ea2af.udd" 9188
"C:/Users/zxxuh/AppData/Local/UnrealEngine/Common/DerivedDataCache/Buckets/BulkDataList/57/13/0d9f9b7f06a799445525076db9583ec02487.udd" 9189
"C:/Users/zxxuh/AppData/Local/UnrealEngine/Common/DerivedDataCache/Buckets/BulkDataList/fe/87/329abd4f3810e2215076ee860360af860866.udd" 9190
"C:/Users/zxxuh/AppData/Local/UnrealEngine/Common/DerivedDataCache/Buckets/BulkDataList/6c/20/5173fe2bfb78e1e62cbfc3d4b3a419d5d733.udd" 9191
"D:/demo/Minecraft_RTS/Minecraft_RTS/Content/DEMO/UI/Main_Menu_UI/U_Texture/wdsj_3.uasset" 9192
"D:/demo/Minecraft_RTS/Minecraft_RTS/Content/DEMO/UI/Main_Menu_UI/U_Texture/weijiadian.uasset" 9193
"D:/demo/Minecraft_RTS/Minecraft_RTS/Content/DEMO/UI/Main_Menu_UI/U_Texture/zuo.uasset" 9194
"D:/demo/Minecraft_RTS/Minecraft_RTS/Content/DEMO/UI/Main_Menu_UI/U_Texture/2.uasset" 9195
"D:/demo/Minecraft_RTS/Minecraft_RTS/Content/DEMO/UI/Main_Menu_UI/U_Texture/you.uasset" 9196
"D:/demo/Minecraft_RTS/Minecraft_RTS/Content/DEMO/UI/Main_Menu_UI/U_Texture/chuangkou.uasset" 9197
"D:/demo/Minecraft_RTS/Minecraft_RTS/Content/DEMO/UI/Main_Menu_UI/U_Texture/X.uasset" 9198
"D:/demo/Minecraft_RTS/Minecraft_RTS/Content/DEMO/UI/Main_Menu_UI/U_Texture/jiadian.uasset" 9199
"C:/Users/zxxuh/AppData/Local/UnrealEngine/Common/DerivedDataCache/Buckets/BulkDataList/25/95/ed09714276558094f95d17c320384f662ec6.udd" 9200
"C:/Users/zxxuh/AppData/Local/UnrealEngine/Common/DerivedDataCache/Buckets/BulkDataList/0c/22/fea9c0a36eafeffd4c2585a4a9b4b64d90e7.udd" 9201
"C:/Users/zxxuh/AppData/Local/UnrealEngine/Common/DerivedDataCache/Buckets/BulkDataList/26/c4/39d5ad46ebd01427cbac9614495e98d8047c.udd" 9202
"C:/Users/zxxuh/AppData/Local/UnrealEngine/Common/DerivedDataCache/Buckets/BulkDataList/39/83/67cd66351ac2cbf71afa9a4301d0823316a2.udd" 9203
"C:/Users/zxxuh/AppData/Local/UnrealEngine/Common/DerivedDataCache/Buckets/BulkDataList/da/8a/93c7e6678931ecbd3f7eadfbf89854a6501c.udd" 9204
"C:/Users/zxxuh/AppData/Local/UnrealEngine/Common/DerivedDataCache/Buckets/BulkDataList/e8/17/d7362302f52c9a61d1e84b5814fbf3c0cbf7.udd" 9205
"C:/Users/zxxuh/AppData/Local/UnrealEngine/Common/DerivedDataCache/Buckets/BulkDataList/28/c3/4c8018e79e02a08dabc3927be0a69a89106c.udd" 9206
"C:/Users/zxxuh/AppData/Local/UnrealEngine/Common/DerivedDataCache/Buckets/BulkDataList/78/1d/0d3fc5ab6b5731a3cbad9fc715acf9e9e3fb.udd" 9207
"C:/Users/zxxuh/AppData/Local/UnrealEngine/Common/DerivedDataCache/Buckets/BulkDataList/57/2b/d6d1290a0a0a0bde18436f2c97196a6225ce.udd" 9208
"C:/Users/zxxuh/AppData/Local/UnrealEngine/Common/DerivedDataCache/Buckets/BulkDataList/2d/5a/acb9cfbf1d4eed2ad47e619d28b7d1454a9f.udd" 9209
"C:/Users/zxxuh/AppData/Local/UnrealEngine/Common/DerivedDataCache/Buckets/BulkDataList/60/2c/c3ad344673c3f8c80824a6a824ce3b51f44a.udd" 9210
"C:/Users/zxxuh/AppData/Local/UnrealEngine/Common/DerivedDataCache/Buckets/BulkDataList/bc/7c/80263c5c488df5170e618a8c6edf0cd5f2e1.udd" 9211
"C:/Users/zxxuh/AppData/Local/UnrealEngine/Common/DerivedDataCache/Buckets/LegacyTEXTURE/ec/ec/206e3e88fb1013e20c230913ea6f451ae2e2.udd" 9212
"C:/Users/zxxuh/AppData/Local/UnrealEngine/Common/DerivedDataCache/Buckets/LegacyTEXTURE/fe/f6/e52eedc2a35423185e21760b5c5e9d4edbd5.udd" 9213
"C:/Users/zxxuh/AppData/Local/UnrealEngine/Common/DerivedDataCache/Buckets/LegacyTEXTURE/46/79/644d6f9317f5ff1e82452eaa67a22c8281c8.udd" 9214
"C:/Users/zxxuh/AppData/Local/UnrealEngine/Common/DerivedDataCache/Buckets/LegacyTEXTURE/b0/1b/b3cd5b41a99fecc731e74e9663ea9c01ccd7.udd" 9215
"C:/Users/zxxuh/AppData/Local/UnrealEngine/Common/DerivedDataCache/Buckets/LegacyTEXTURE/51/8b/554ae80df0606c3020488750801dea6ed0a1.udd" 9216
"C:/Users/zxxuh/AppData/Local/UnrealEngine/Common/DerivedDataCache/Buckets/LegacyTEXTURE/48/ad/42dc079f9c01ff106d389a2f27d0b07922db.udd" 9217
"C:/Users/zxxuh/AppData/Local/UnrealEngine/Common/DerivedDataCache/Buckets/LegacyTEXTURE/25/48/82c9711b75c80ebeaa06c6d8c6681e63a0ca.udd" 9218
"C:/Users/zxxuh/AppData/Local/UnrealEngine/Common/DerivedDataCache/Buckets/LegacyTEXTURE/21/8d/dab27782cb186077450edb32edf7037928f5.udd" 9219
"C:/Users/zxxuh/AppData/Local/UnrealEngine/Common/DerivedDataCache/Buckets/LegacyTEXTURE/64/9e/f6eaed2f538dd89a7c367133c3e2070e4d34.udd" 9220
"C:/Users/zxxuh/AppData/Local/UnrealEngine/Common/DerivedDataCache/Buckets/LegacyTEXTURE/6c/c7/e813e1f84ef16b333bd508592b807e0091c5.udd" 9221
"C:/Users/zxxuh/AppData/Local/UnrealEngine/Common/DerivedDataCache/Buckets/LegacyTEXTURE/3a/ea/69583809ce327dd1f7e18fd2dd4c88363ca4.udd" 9222
"C:/Users/zxxuh/AppData/Local/UnrealEngine/Common/DerivedDataCache/Buckets/LegacyTEXTURE/d2/64/8fe7d4e5d38e4f4ef26f67f7f7173f9a1a6b.udd" 9223
"C:/Users/zxxuh/AppData/Local/UnrealEngine/Common/DerivedDataCache/Buckets/LegacyTEXTURE/2a/8d/d186ca426a7d5fee287335e7bb87795e3f0a.udd" 9224
"C:/Users/zxxuh/AppData/Local/UnrealEngine/Common/DerivedDataCache/Buckets/LegacyTEXTURE/1c/a3/8f2e1976e277d67e86f6171e8631dcaf3ac2.udd" 9225
"C:/Users/zxxuh/AppData/Local/UnrealEngine/Common/DerivedDataCache/Buckets/LegacyTEXTURE/08/1e/9a1a507802fc7f42995d8bf926a68fe4937a.udd" 9226
"C:/Users/zxxuh/AppData/Local/UnrealEngine/Common/DerivedDataCache/Buckets/LegacyTEXTURE/89/1c/c9498848f92e2ec0a527a51f529d582aaef4.udd" 9227
"C:/Users/zxxuh/AppData/Local/UnrealEngine/Common/DerivedDataCache/Buckets/LegacyTEXTURE/9d/2a/c809bbc01d2d77cb00a46ebac5784f229c10.udd" 9228
"C:/Users/zxxuh/AppData/Local/UnrealEngine/Common/DerivedDataCache/Buckets/LegacyTEXTURE/9e/34/35bbc78bbd31407bbbad333ce39c09b0caec.udd" 9229
"C:/Users/zxxuh/AppData/Local/UnrealEngine/Common/DerivedDataCache/Buckets/LegacyTEXTURE/4d/e1/63206af0ec306949fcae416e5970aab6cfed.udd" 9230
"C:/Users/zxxuh/AppData/Local/UnrealEngine/Common/DerivedDataCache/Buckets/LegacyTEXTURE/f2/1b/53e346c619bd712310c4073434fc4cbb8a32.udd" 9231
"C:/Users/zxxuh/AppData/Local/UnrealEngine/Common/DerivedDataCache/Buckets/LegacyTEXTURE/65/80/9490f719abdd713253c9fb980f6d9aa03bc4.udd" 9232
"C:/Users/zxxuh/AppData/Local/UnrealEngine/Common/DerivedDataCache/Buckets/LegacyTEXTURE/7c/e3/b4f83d274983c35cbfe63e21f9d4d1b5bd91.udd" 9233
"../../../Engine/Content/EngineMaterials/PPM_DefaultCalibrationGrayscale.uasset" 9234
"../../../Engine/Content/MobileResources/HUD/DefaultVirtualJoysticks.uasset" 9235
"../../../Engine/Content/EngineMaterials/Substrate/Volume/SubstrateSimpleVolumeLUT3D.uasset" 9236
"../../../Engine/Content/EngineMaterials/Substrate/Volume/SubstrateSimpleVolumeEnvLUT3D.uasset" 9237
"../../../Engine/Content/EngineMaterials/PPM_DefaultCalibrationColor.uasset" 9238
"../../../Engine/Content/EngineMaterials/Substrate/GLints/AGlintTex2dArray.uasset" 9239
"../../../Engine/Content/EditorMaterials/PreviewShadowIndicatorMaterial.uasset" 9240
"D:/demo/Minecraft_RTS/Minecraft_RTS/Content/DEMO/UI/Main_Menu_UI/BP_UserWidget_MainBranch.uasset" 9241
"../../../Engine/Plugins/Interchange/Runtime/Content/Functions/MF_Iridescence.uasset" 9242
"D:/demo/Minecraft_RTS/Minecraft_RTS/Content/Movies/MediaPlayer_VideTexture.uasset" 9243
"D:/demo/Minecraft_RTS/Minecraft_RTS/Content/DEMO/Blueprint/BP_GameMods.uasset" 9244
"../../../Engine/Content/EngineMaterials/Substrate/GLints2/AGlintTex2dArray2.uasset" 9245
"C:/Users/zxxuh/AppData/Local/UnrealEngine/Common/DerivedDataCache/Buckets/MaterialShaderMap/be/07/9aab0def5fc8fb47b128936f7786d255c413.udd" 9246
"C:/Users/zxxuh/AppData/Local/UnrealEngine/Common/DerivedDataCache/Buckets/MaterialShaderMap/1f/3f/0cf17af124ee5cccb3a6ca7cfc4389462ff8.udd" 9247
"C:/Users/zxxuh/AppData/Local/UnrealEngine/Common/DerivedDataCache/Buckets/BulkDataList/fe/cd/5000d1959344640670c3ff2b7e9f736c003b.udd" 9248
"C:/Users/zxxuh/AppData/Local/UnrealEngine/Common/DerivedDataCache/Buckets/BulkDataList/f3/73/353260fb0499d7d5cbc55e766ab37d0a7e0c.udd" 9249
"C:/Users/zxxuh/AppData/Local/UnrealEngine/Common/DerivedDataCache/Buckets/BulkDataList/22/89/262b446a9feab6536c56501a7270e2cc6395.udd" 9250
"C:/Users/zxxuh/AppData/Local/UnrealEngine/Common/DerivedDataCache/Buckets/BulkDataList/b0/b4/fac8556de500db6793d0a0aa81fcf42d7b92.udd" 9251
"../../../Engine/Plugins/Interchange/Runtime/Content/Functions/MX_Transmission.uasset" 9252
"../../../Engine/Plugins/Animation/ControlRig/Content/Controls/ControlRig_Wedge_solid.uasset" 9253
"../../../Engine/Plugins/Animation/ControlRig/Content/Controls/ControlRig_Wedge_1mm.uasset" 9254
"../../../Engine/Content/Maps/Entry.umap" 9255
"../../../Engine/Plugins/Animation/ControlRig/Content/Controls/ControlRig_Wedge_3mm.uasset" 9256
"../../../Engine/Plugins/Animation/ControlRig/Content/Controls/ControlRig_Triangle_solid.uasset" 9257
"../../../Engine/Plugins/Animation/ControlRig/Content/Controls/ControlRig_Triangle_3mm.uasset" 9258
"C:/Users/zxxuh/AppData/Local/UnrealEngine/Common/DerivedDataCache/Buckets/MaterialShaderMap/ed/d9/25d44a4e7277756be99704f6445131c6cdde.udd" 9259
"C:/Users/zxxuh/AppData/Local/UnrealEngine/Common/DerivedDataCache/Buckets/MaterialShaderMap/04/54/14335b52f914cff83cffc3bf6956e395b0f8.udd" 9260
"C:/Users/zxxuh/AppData/Local/UnrealEngine/Common/DerivedDataCache/Buckets/MaterialShaderMap/77/91/17b77853b06d663e123183030eeba291900a.udd" 9261
"C:/Users/zxxuh/AppData/Local/UnrealEngine/Common/DerivedDataCache/Buckets/MaterialShaderMap/ed/00/da46a9d7b594edf1ce9885bed16ee0b95f17.udd" 9262
"C:/Users/zxxuh/AppData/Local/UnrealEngine/Common/DerivedDataCache/Buckets/MaterialShaderMap/27/13/13941bc2dbe0fcf1f50a2ecef8a2bf9cf321.udd" 9263
"C:/Users/zxxuh/AppData/Local/UnrealEngine/Common/DerivedDataCache/Buckets/MaterialShaderMap/39/6d/ebde0ae061230b102a4df02fa665ab1bb1de.udd" 9264
"../../../Engine/Plugins/Animation/ControlRig/Content/Controls/ControlRig_Triangle_1mm.uasset" 9265
"../../../Engine/Plugins/Animation/ControlRig/Content/Controls/ControlRig_Star4_solid.uasset" 9266
"../../../Engine/Plugins/Animation/ControlRig/Content/Controls/ControlRig_Square_1mm.uasset" 9267
"../../../Engine/Plugins/Animation/ControlRig/Content/Controls/ControlRig_Star4_1mm.uasset" 9268
"../../../Engine/Plugins/Animation/ControlRig/Content/Controls/ControlRig_Square_3mm.uasset" 9269
"../../../Engine/Plugins/Animation/ControlRig/Content/Controls/ControlRig_Square_solid.uasset" 9270
"../../../Engine/Plugins/Animation/ControlRig/Content/Controls/ControlRig_Star4_3mm.uasset" 9271
"../../../Engine/Plugins/Animation/ControlRig/Content/Controls/ControlRig_Sphere_3mm.uasset" 9272
"../../../Engine/Plugins/Animation/ControlRig/Content/Controls/ControlRig_RoundedTriangle_3mm.uasset" 9273
"../../../Engine/Plugins/Animation/ControlRig/Content/Controls/ControlRig_Sphere_1mm.uasset" 9274
"../../../Engine/Plugins/Animation/ControlRig/Content/Controls/ControlRig_RoundedTriangle_1mm.uasset" 9275
"../../../Engine/Plugins/Animation/ControlRig/Content/Controls/ControlRig_RoundedSquare_solid.uasset" 9276
"../../../Engine/Plugins/Animation/ControlRig/Content/Controls/ControlRig_RoundedTriangle_solid.uasset" 9277
"../../../Engine/Plugins/Animation/ControlRig/Content/Controls/ControlRig_QuarterCircle_solid.uasset" 9278
"../../../Engine/Plugins/Animation/ControlRig/Content/Controls/ControlRig_RoundedSquare_3mm.uasset" 9279
"../../../Engine/Plugins/Animation/ControlRig/Content/Controls/ControlRig_RoundedSquare_1mm.uasset" 9280
"../../../Engine/Plugins/Animation/ControlRig/Content/Controls/ControlRig_QuarterCircle_3mm.uasset" 9281
"../../../Engine/Plugins/Animation/ControlRig/Content/Controls/ControlRig_Octagon_solid.uasset" 9282
"../../../Engine/Plugins/Animation/ControlRig/Content/Controls/ControlRig_Pyramid_3mm.uasset" 9283
"../../../Engine/Plugins/Animation/ControlRig/Content/Controls/ControlRig_QuarterCircle_1mm.uasset" 9284
"../../../Engine/Plugins/Animation/ControlRig/Content/Controls/ControlRig_Pyramid_solid.uasset" 9285
"../../../Engine/Plugins/Animation/ControlRig/Content/Controls/ControlRig_Pyramid_1mm.uasset" 9286
"../../../Engine/Plugins/Animation/ControlRig/Content/Controls/ControlRig_Octagon_3mm.uasset" 9287
"../../../Engine/Plugins/Animation/ControlRig/Content/Controls/ControlRig_Hexagon_solid.uasset" 9288
"../../../Engine/Plugins/Animation/ControlRig/Content/Controls/ControlRig_Hexagon_3mm.uasset" 9289
"../../../Engine/Plugins/Animation/ControlRig/Content/Controls/ControlRig_Octagon_1mm.uasset" 9290
"../../../Engine/Plugins/Animation/ControlRig/Content/Controls/ControlRig_Hexagon_1mm.uasset" 9291
"../../../Engine/Plugins/Animation/ControlRig/Content/Controls/ControlRig_HalfCircle_solid.uasset" 9292
"../../../Engine/Plugins/Animation/ControlRig/Content/Controls/ControlRig_HalfCircle_3mm.uasset" 9293
"../../../Engine/Plugins/Animation/ControlRig/Content/Controls/ControlRig_HalfCircle_1mm.uasset" 9294
"../../../Engine/Plugins/Animation/ControlRig/Content/Controls/ControlRig_Diamond_solid.uasset" 9295
"../../../Engine/Plugins/Animation/ControlRig/Content/Controls/ControlRig_Diamond_3mm.uasset" 9296
"../../../Engine/Plugins/Animation/ControlRig/Content/Controls/ControlRig_Diamond_1mm.uasset" 9297
"../../../Engine/Plugins/Animation/ControlRig/Content/Controls/ControlRig_Circle_3mm.uasset" 9298
"../../../Engine/Plugins/Animation/ControlRig/Content/Controls/ControlRig_Box_solid.uasset" 9299
"../../../Engine/Plugins/Animation/ControlRig/Content/Controls/ControlRig_Circle_1mm.uasset" 9300
"../../../Engine/Plugins/Animation/ControlRig/Content/Controls/ControlRig_Box_3mm.uasset" 9301
"../../../Engine/Plugins/Animation/ControlRig/Content/Controls/ControlRig_Box_1mm.uasset" 9302
"../../../Engine/Plugins/Animation/ControlRig/Content/Controls/ControlRig_Circle_solid.uasset" 9303
"../../../Engine/Plugins/Animation/ControlRig/Content/Controls/ControlRig_Arrow_3mm.uasset" 9304
"../../../Engine/Plugins/Animation/ControlRig/Content/Controls/ControlRig_Arrow_1mm.uasset" 9305
"../../../Engine/Plugins/Animation/ControlRig/Content/Controls/ControlRig_Arrow_solid.uasset" 9306
"../../../Engine/Plugins/Animation/ControlRig/Content/Controls/ControlRig_Arrow2_solid.uasset" 9307
"../../../Engine/Plugins/Animation/ControlRig/Content/Controls/ControlRig_Arrow4_1mm.uasset" 9308
"../../../Engine/Plugins/Animation/ControlRig/Content/Controls/ControlRig_Arrow4_3mm.uasset" 9309
"../../../Engine/Plugins/Animation/ControlRig/Content/Controls/ControlRig_Arrow2_1mm.uasset" 9310
"../../../Engine/Plugins/Animation/ControlRig/Content/Controls/ControlRig_Arrow4_solid.uasset" 9311
"../../../Engine/Plugins/Animation/ControlRig/Content/Controls/ControlRig_Arrow2_3mm.uasset" 9312
"../../../Engine/Plugins/Animation/ControlRig/Content/Controls/ControlRig_Sphere_solid.uasset" 9313
"D:/demo/Minecraft_RTS/Minecraft_RTS/Content/Movies/MediaPlayer_Video_Mat.uasset" 9314
"../../../Engine/Plugins/Interchange/Runtime/Content/Functions/MX_StandardSurface.uasset" 9315
"D:/demo/Minecraft_RTS/Minecraft_RTS/Content/Movies/MediaPlayer_Video_Mat_Inst.uasset" 9316
"C:/Users/zxxuh/AppData/Local/UnrealEngine/Common/DerivedDataCache/Buckets/MaterialShaderMap/45/3f/2972423e06c0fc5459365f231705dc2bc491.udd" 9317
"C:/Users/zxxuh/AppData/Local/UnrealEngine/Common/DerivedDataCache/Buckets/MaterialShaderMap/d5/15/6deef1922ee65eb911d5058796f01aa78cfa.udd" 9318
"../../../Engine/Plugins/Interchange/Runtime/Content/gltf/M_Unlit.uasset" 9319
"D:/demo/Minecraft_RTS/Minecraft_RTS/Content/DEMO/UI/Main_Menu_UI/BP_UserWidget_Main.uasset" 9320
"../../../Engine/Plugins/Interchange/Runtime/Content/gltf/MaterialInstances/MI_Unlit_Opaque_DS.uasset" 9321
"../../../Engine/Plugins/Interchange/Runtime/Content/gltf/MaterialInstances/MI_Unlit_Blend.uasset" 9322
"../../../Engine/Plugins/Interchange/Runtime/Content/gltf/MaterialInstances/MI_Unlit_Mask.uasset" 9323
"../../../Engine/Plugins/Interchange/Runtime/Content/gltf/MaterialInstances/MI_Unlit_Mask_DS.uasset" 9324
"../../../Engine/Plugins/Interchange/Runtime/Content/gltf/MaterialInstances/MI_Unlit_Opaque.uasset" 9325
"../../../Engine/Plugins/Interchange/Runtime/Content/gltf/M_Transmission.uasset" 9326
"../../../Engine/Plugins/Interchange/Runtime/Content/gltf/M_SpecularGlossiness.uasset" 9327
"../../../Engine/Plugins/Interchange/Runtime/Content/gltf/MaterialInstances/MI_Unlit_Blend_DS.uasset" 9328
"D:/demo/Minecraft_RTS/Minecraft_RTS/Content/GamePlay/Game_Map.umap" 9329
"../../../Engine/Plugins/Interchange/Runtime/Content/gltf/M_Sheen.uasset" 9330
"../../../Engine/Plugins/Interchange/Runtime/Content/gltf/M_ClearCoat.uasset" 9331
"../../../Engine/Plugins/Interchange/Runtime/Content/gltf/M_Default.uasset" 9332
"../../../Engine/Plugins/Interchange/Runtime/Content/gltf/MaterialInstances/MI_SpecularGlossiness_Mask_DS.uasset" 9333
"../../../Engine/Plugins/Interchange/Runtime/Content/gltf/MaterialInstances/MI_SpecularGlossiness_Blend_DS.uasset" 9334
"../../../Engine/Plugins/Interchange/Runtime/Content/Functions/MX_TransmissionSurface.uasset" 9335
"../../../Engine/Plugins/Interchange/Runtime/Content/gltf/MaterialInstances/MI_SpecularGlossiness_Blend.uasset" 9336
"../../../Engine/Plugins/Interchange/Runtime/Content/gltf/MaterialInstances/MI_SpecularGlossiness_Opaque_DS.uasset" 9337
"../../../Engine/Plugins/Interchange/Runtime/Content/gltf/MaterialInstances/MI_Transmission.uasset" 9338
"../../../Engine/Plugins/Interchange/Runtime/Content/gltf/MaterialInstances/MI_SpecularGlossiness_Opaque.uasset" 9339
"../../../Engine/Plugins/Interchange/Runtime/Content/gltf/MaterialInstances/MI_SpecularGlossiness_Mask.uasset" 9340
"../../../Engine/Plugins/Interchange/Runtime/Content/gltf/MaterialInstances/MI_Sheen_Blend_DS.uasset" 9341
"../../../Engine/Plugins/Interchange/Runtime/Content/gltf/MaterialInstances/MI_Transmission_DS.uasset" 9342
"C:/Users/zxxuh/AppData/Local/UnrealEngine/Common/DerivedDataCache/Buckets/MaterialShaderMap/37/4a/eb855a2b41e7e659c9720b2d4666a07bb792.udd" 9343
"C:/Users/zxxuh/AppData/Local/UnrealEngine/Common/DerivedDataCache/Buckets/MaterialShaderMap/9b/77/ef853a81dc2233778f9863497996ae544688.udd" 9344
"C:/Users/zxxuh/AppData/Local/UnrealEngine/Common/DerivedDataCache/Buckets/MaterialShaderMap/41/90/ae64816c3423092c3013302982e4cc40d23b.udd" 9345
"C:/Users/zxxuh/AppData/Local/UnrealEngine/Common/DerivedDataCache/Buckets/MaterialShaderMap/9d/6b/7311f40ec426fbb736fd72eb73a0110ac9c8.udd" 9346
"../../../../../demo/Minecraft_RTS/Minecraft_RTS/Content/GamePlay/Game_Map.umap" 9347
"../../../Engine/Plugins/Interchange/Runtime/Content/gltf/MaterialInstances/MI_Sheen_Blend.uasset" 9348
"../../../Engine/Plugins/Interchange/Runtime/Content/gltf/MaterialInstances/MI_Sheen_Mask_DS.uasset" 9349
"../../../Engine/Plugins/Interchange/Runtime/Content/gltf/MaterialInstances/MI_Sheen_Opaque_DS.uasset" 9350
"../../../Engine/Plugins/Interchange/Runtime/Content/gltf/MaterialInstances/MI_Sheen_Mask.uasset" 9351
"../../../Engine/Plugins/Interchange/Runtime/Content/gltf/MaterialInstances/MI_Sheen_Opaque.uasset" 9352
"../../../Engine/Plugins/Interchange/Runtime/Content/gltf/MaterialInstances/MI_ClearCoat_Blend_DS.uasset" 9353
"../../../Engine/Plugins/Interchange/Runtime/Content/gltf/MaterialInstances/MI_ClearCoat_Mask_DS.uasset" 9354
"../../../Engine/Plugins/Interchange/Runtime/Content/gltf/MaterialInstances/MI_ClearCoat_Opaque_DS.uasset" 9355
"../../../Engine/Plugins/Interchange/Runtime/Content/gltf/MaterialInstances/MI_ClearCoat_Opaque.uasset" 9356
"../../../Engine/Plugins/Interchange/Runtime/Content/gltf/MaterialInstances/MI_Default_Blend_DS.uasset" 9357
"../../../Engine/Plugins/Interchange/Runtime/Content/gltf/MaterialInstances/MI_ClearCoat_Blend.uasset" 9358
"../../../Engine/Plugins/Interchange/Runtime/Content/gltf/MaterialInstances/MI_ClearCoat_Mask.uasset" 9359
"../../../Engine/Plugins/Interchange/Runtime/Content/gltf/MaterialInstances/MI_Default_Mask_DS.uasset" 9360
"../../../Engine/Plugins/Interchange/Runtime/Content/gltf/MaterialInstances/MI_Default_Opaque.uasset" 9361
"../../../Engine/Plugins/Interchange/Runtime/Content/gltf/MaterialInstances/MI_Default_Opaque_DS.uasset" 9362
"../../../Engine/Plugins/Interchange/Runtime/Content/gltf/MaterialInstances/MI_Default_Blend.uasset" 9363
"../../../Engine/Content/EngineSounds/Submixes/MasterEQSubmixDefault.uasset" 9364
"../../../Engine/Content/EngineSounds/Submixes/MasterSubmixDefault.uasset" 9365
"../../../Engine/Plugins/Interchange/Runtime/Content/gltf/MaterialInstances/MI_Default_Mask.uasset" 9366
"../../../Engine/Content/EngineSounds/Submixes/MasterReverbSubmixDefault.uasset" 9367
